TripID,HighCarbon
2,0.9954181
4,0.0018290902
5,0.9447956
14,0.0009648743
15,0.000812518
17,0.0030407147
22,0.98806924
23,0.9767463
25,3.6134556e-05
30,0.006639254
35,0.996947
39,0.004877583
45,0.9986455
50,0.0021355678
51,0.00029882157
55,0.98859763
64,0.9990854
65,0.0018460223
68,0.0009921947
72,0.0001762255
73,0.002323724
78,0.9974306
80,5.0549563e-05
86,0.0004217407
87,0.00089802407
96,0.0010448153
97,0.004921014
101,7.188096e-05
102,0.0012596144
106,0.99606234
107,0.0002877056
118,0.0022317201
122,0.0019266944
130,0.0011507674
140,0.9990854
141,9.25596e-05
144,0.9968208
147,0.0003497989
157,0.9990508
160,0.0023787958
161,0.002128104
167,0.9999474
168,0.996123
172,0.999967
176,0.00177546
181,0.9983909
183,0.00042837113
186,0.0019266944
189,0.0025361232
191,9.55812e-05
193,0.9998437
194,0.00017785195
197,0.0019266944
204,0.001963568
207,0.0019657603
212,0.0018460223
214,0.0018460223
216,0.0009648743
217,0.9990854
218,0.9436424
219,0.00048092508
232,3.5474866e-05
236,0.00029068472
239,0.002323724
248,0.9956585
251,0.030752793
252,0.0010321607
253,0.00034307817
255,0.0019643763
256,4.9930386e-05
261,0.0011609
269,0.028825186
276,0.0020245162
277,0.029112697
279,0.0020532766
281,0.9799472
282,0.0039615985
286,0.9990508
288,0.028569052
293,0.00083419785
301,0.00089802407
304,0.0019464431
312,0.00093555334
316,0.0023647747
317,0.99397224
318,0.9956185
320,0.0011507674
324,0.0022355288
326,0.00011507418
329,0.0062168865
332,0.9970777
338,0.00029402107
339,5.306678e-05
341,0.0023820004
343,0.00038027662
354,0.9778431
362,0.001066548
368,0.00016107898
369,0.002683472
377,0.0009618565
381,0.9447064
386,0.00017065492
389,5.017027e-05
397,0.00016273314
398,5.5367986e-05
402,0.0012617662
403,0.9998915
404,0.0009827905
420,0.0018374231
421,5.017027e-05
423,0.9921183
430,0.0003063751
431,0.0003063751
433,0.0012032727
441,0.0022038817
443,0.013525415
445,0.0012020001
452,0.0018630321
457,0.0023899942
460,7.478965e-05
467,0.0005257983
468,0.9974366
473,0.0009614601
474,3.8743e-05
475,0.0022317201
478,0.00021898054
480,0.00097347057
482,4.3688557e-05
485,0.0011514572
495,7.826515e-05
499,0.0019464431
502,0.0031663657
503,0.001893806
514,0.9990508
519,6.791063e-05
521,0.0018460223
523,3.6134556e-05
526,7.437288e-05
533,0.00016153102
539,8.814593e-05
541,0.9991021
545,0.9942431
555,0.0012032298
561,0.00029402107
574,0.0013072535
575,0.0019464431
578,0.037202235
585,0.0028693678
596,0.0009849904
619,0.0016638791
625,0.0022766753
627,0.0011554506
629,0.9647249
631,0.070243225
632,0.0014818114
634,0.0016638791
635,0.000812518
638,0.0025089872
639,0.0019464431
652,3.2597243e-05
656,0.0019266944
659,0.9972583
661,0.000116318406
666,0.0294987
671,0.00035339125
679,0.0018688721
680,0.9990595
681,0.00029068472
682,0.0001744342
684,0.00011840392
687,0.98211825
692,0.0026718853
700,0.0009921947
704,0.0022355288
721,7.552267e-05
723,0.0075216894
725,0.0019464431
726,0.030752793
728,0.9999491
730,0.99894685
731,0.0043961415
735,0.0009938901
737,0.99540776
740,0.0012020001
743,2.6773596e-05
744,0.00018038557
754,0.9922476
757,0.9966539
760,0.001622122
765,0.9990508
768,4.9930386e-05
770,0.9989492
771,0.99795216
773,0.00034307817
775,0.00020750269
776,0.99990606
777,0.9990508
781,3.595674e-05
783,0.0012617662
784,9.4545256e-05
792,0.9989492
805,0.008444845
806,0.0018460223
810,0.0018814837
822,4.9930386e-05
826,0.99958473
828,6.8198846e-05
829,0.9990508
831,0.0028545463
833,0.0021807575
840,5.986377e-05
843,0.9711169
844,0.0012020001
852,0.00016899
854,7.067168e-05
856,0.99540776
857,0.9998454
864,1.809724e-05
865,0.00041179764
870,0.9930213
871,0.0009530667
874,0.9447956
875,0.99989295
877,0.0018688721
878,0.0018460223
879,0.0024101164
881,0.94615614
882,0.0003466004
883,0.00042459648
884,0.0018374231
886,0.99266386
894,0.0013547777
897,0.0022317201
903,0.0019266944
910,0.00029068472
912,0.0021873803
913,0.0009530667
914,0.9937629
916,0.0018783959
924,0.0008484623
927,0.0009530667
936,0.0009538366
939,0.99670285
944,0.00034307817
950,0.00094338733
952,3.3495955e-05
961,0.00013645571
962,0.043652616
963,0.0017374204
967,0.00069096574
968,0.06973825
977,5.9483984e-05
980,8.0602484e-05
990,0.99674004
1000,0.0025047138
1005,0.0009308521
1010,0.9977608
1013,0.028569052
1015,0.0011292751
1017,0.0024250746
1021,0.99681723
1029,0.0001765883
1032,0.99691737
1036,0.0011650216
1039,0.0022355288
1040,0.0008484623
1041,0.00049900776
1043,0.0008434034
1044,0.002269486
1056,0.0018460223
1057,0.00020080629
1058,0.0008520578
1059,0.970858
1062,0.0018984763
1063,0.9990854
1068,0.0003466004
1070,6.1631086e-05
1072,0.99740595
1078,0.0075693536
1079,0.0019464431
1083,0.00019291164
1088,0.0012438869
1102,0.99618286
1107,0.0019464431
1108,0.0044336366
1114,0.0009530667
1125,0.0011507674
1126,0.0019643763
1130,0.99668616
1132,3.9785413e-05
1133,0.99606234
1136,0.0006543146
1139,0.99894685
1141,0.0009197749
1142,0.0050734715
1143,0.0025089872
1148,0.00014147798
1149,0.00085590343
1150,0.9932462
1154,0.00016273314
1155,0.0019464431
1161,0.00023829711
1162,0.00026369424
1167,0.07099251
1174,0.0019845427
1179,0.0013717309
1184,0.9970727
1185,0.00016273314
1191,8.0602484e-05
1192,0.9972583
1196,0.0019705335
1198,0.00045978953
1207,0.0019464431
1208,5.938236e-05
1209,0.00018165524
1217,0.0024784955
1219,4.9930386e-05
1220,0.99495393
1224,0.99993813
1228,0.00034826493
1230,0.0019464431
1237,7.188096e-05
1239,0.00029068472
1244,0.0019550975
1256,0.0011507674
1259,0.0012432116
1260,0.001363204
1267,0.0013376724
1269,0.00038027662
1283,0.028825186
1296,0.992589
1305,0.9966066
1310,0.99897194
1314,0.0021006323
1319,0.9851275
1324,0.0021425823
1327,0.00035339125
1329,0.990761
1332,3.6407815e-05
1340,0.9940731
1341,0.00977531
1342,0.00035339125
1343,0.002212863
1344,9.295472e-05
1346,0.99328965
1349,4.9422786e-05
1353,0.028569052
1356,0.99337643
1365,0.99794656
1367,4.3840268e-05
1369,0.9990508
1378,0.0007964961
1379,7.833451e-05
1383,0.0009834582
1386,0.997147
1391,0.00011547374
1393,0.00018005099
1397,0.9990854
1398,0.0034000375
1401,0.0006543146
1404,0.997624
1407,0.03007752
1410,0.99894685
1412,0.99431735
1414,0.0011650216
1419,5.0370465e-05
1422,0.0018374231
1423,0.008885567
1431,0.9881891
1434,0.0021667494
1436,0.0018688721
1448,0.0019705335
1450,5.0370465e-05
1453,0.0006853366
1455,0.00020170376
1456,0.0019664257
1457,0.00035821734
1461,3.0384706e-05
1466,0.0010200172
1470,0.0008154025
1473,0.99740595
1485,7.353143e-05
1487,0.0021179959
1492,0.0051200674
1497,0.9977308
1498,6.8198846e-05
1503,0.0011893054
1506,0.00019936192
1508,0.0009648743
1511,0.0003063751
1512,0.0018688721
1516,0.9447064
1517,0.001984517
1518,0.9990854
1519,0.0009938901
1529,0.0019464431
1534,0.00347657
1535,3.38568e-05
1540,0.0019464431
1542,0.0010448153
1547,0.9999491
1550,0.0005380846
1551,0.008885567
1557,0.0019464431
1559,0.9978544
1560,0.0009530667
1561,0.0063379635
1564,0.9890778
1566,0.9930138
1570,0.0015698606
1578,6.750554e-05
1581,0.9998437
1587,0.9449656
1588,0.002441966
1590,0.00027366765
1592,0.0009849904
1593,0.0023647747
1599,0.0044635376
1604,0.99472815
1607,4.362453e-05
1610,0.008444845
1612,0.001215572
1613,0.0003250225
1615,0.00034307817
1633,0.0005257983
1638,0.000812518
1644,0.0009530667
1645,0.9447956
1648,3.076929e-05
1651,0.99684685
1654,0.0018688721
1661,0.0009976084
1662,0.99897194
1665,0.9990508
1668,0.0013608795
1674,0.0050445907
1678,0.9966539
1679,0.99734855
1682,0.00140802
1685,7.355051e-05
1689,0.00012033677
1697,7.201647e-05
1702,0.0019281546
1715,0.0012393673
1716,0.99674195
1721,0.993576
1722,2.2708098e-05
1725,6.8198846e-05
1730,0.00191862
1731,0.0012020001
1732,0.028286831
1738,0.99432963
1739,0.00023914427
1740,0.0009618565
1743,0.0022038817
1752,0.0009530667
1764,0.99993896
1766,0.9891595
1770,0.99266386
1777,0.0011999501
1778,0.00019324174
1780,0.9951668
1792,7.437288e-05
1794,0.99779874
1801,0.00029068472
1802,0.00027203115
1803,0.00094338733
1805,0.00024138327
1807,0.0022317201
1810,0.0030407147
1818,0.0024373042
1819,4.9930386e-05
1821,0.00029068472
1823,0.0018272905
1830,0.028286831
1831,0.00010074157
1834,0.0018123896
1836,0.0009530667
1843,3.069678e-05
1857,5.0908955e-05
1859,0.0075216894
1860,0.9951224
1866,0.0009798132
1868,6.1525796e-05
1876,0.0008520578
1883,0.0018723595
1887,0.0009530667
1889,0.0023787958
1891,0.9988464
1896,0.0018688721
1901,0.001291294
1902,0.0012432116
1912,0.0005000574
1917,0.0022686298
1919,0.0009648743
1921,0.9990508
1934,0.9920304
1935,0.000743829
1939,0.029804647
1941,0.00021898054
1942,7.437288e-05
1949,0.9966539
1956,6.545821e-05
1962,0.00011840392
1970,0.0019464431
1973,0.9989384
1985,0.00027366765
1990,0.0009530667
1996,0.0019464431
2003,0.0018688721
2007,0.9928318
2008,0.9946768
2010,0.0016638791
2011,0.00054195477
2016,7.437288e-05
2018,0.002441966
2022,0.03007752
2024,0.00021898054
2028,0.99894685
2030,0.9451267
2032,7.3616815e-05
2033,2.930198e-05
2035,0.00016273314
2038,0.0018460223
2039,9.290686e-05
2042,0.029804647
2047,0.0011650216
2052,0.0041163885
2053,0.99507254
2054,0.007888345
2066,0.0004606035
2067,0.00011547374
2068,0.9977024
2077,0.9972861
2080,0.9989587
2089,0.0003063751
2094,0.0009530667
2097,0.0018340487
2099,0.0008520578
2101,0.00011554402
2103,0.00042534823
2110,0.00077914185
2113,0.00013404818
2120,0.0018460223
2121,0.9930213
2126,0.1419204
2129,0.8278024
2130,0.9986431
2133,0.9447956
2134,0.0062168865
2137,0.9452729
2138,0.9990508
2144,0.01863142
2145,0.030752793
2147,0.00027272085
2153,0.0019464431
2155,9.4545256e-05
2157,0.028825186
2158,0.00094338733
2161,2.9160008e-05
2169,7.437288e-05
2170,0.002138839
2175,0.9970777
2179,3.069678e-05
2182,0.9799472
2186,0.0012020001
2187,0.00041179764
2194,0.0011507674
2195,0.99894685
2197,0.0011507674
2209,0.0018460223
2211,0.028569052
2216,3.083003e-05
2220,0.028569052
2222,0.00016107898
2228,0.9456755
2229,0.046880666
2240,0.0030407147
2246,0.0009530667
2247,0.0019464431
2257,0.002718484
2259,0.99761945
2277,0.000767638
2279,0.0003063751
2281,5.0391267e-05
2282,0.0009648743
2283,0.9999467
2284,0.99753976
2285,0.08194102
2292,0.0026718853
2294,0.9980679
2296,0.0003497989
2302,0.0018821359
2307,0.0011507674
2313,0.0009530667
2315,0.0033170558
2318,0.0011650216
2321,0.002499204
2322,0.028813642
2326,7.39057e-05
2329,0.0019705335
2332,0.0017149461
2334,0.996947
2335,0.9447064
2342,0.0018066089
2351,0.0021667494
2353,0.00019161613
2360,0.028702386
2364,0.9447064
2366,0.99674004
2367,0.9967474
2372,0.029804647
2382,0.0012059244
2387,0.0001366677
2392,0.00028915424
2399,0.99781847
2400,0.9987374
2401,0.0018272905
2402,0.0012020001
2403,0.99794656
2406,0.0001699863
2410,0.00020750269
2413,2.9033976e-05
2416,0.9913095
2420,0.9972025
2421,0.0019464431
2424,0.0016255907
2426,0.9447956
2427,0.0001744342
2439,0.9905021
2440,0.99266386
2443,4.9930386e-05
2446,0.0019464431
2449,0.000886398
2450,0.0019464431
2457,0.00019161613
2462,0.00011805319
2470,0.0008434034
2477,0.000743829
2485,0.000113384456
2488,0.0005071232
2490,0.00013796409
2497,0.9473071
2499,0.9990854
2500,0.0022561196
2501,0.0019266944
2502,0.0021006323
2511,0.9999428
2512,0.0023530729
2513,0.01863142
2517,0.0019703843
2518,0.0012020001
2519,0.99789536
2522,0.0023974003
2523,0.0005894902
2524,3.5879155e-05
2525,0.00094652176
2531,0.0030407147
2535,0.057085667
2536,0.99740595
2538,0.004555878
2540,0.0022037148
2544,0.0009834582
2545,0.0020115739
2553,0.0018688721
2555,0.00063663855
2557,7.886518e-05
2574,0.9941817
2576,0.0023570883
2578,6.8198846e-05
2579,0.028569052
2588,0.0030082162
2592,0.009589202
2593,0.029112697
2606,0.029804647
2607,0.0011849666
2609,0.00011547374
2611,5.016644e-05
2619,0.0012020001
2625,0.028286831
2626,0.0062930235
2627,0.0008484623
2629,0.043035958
2640,0.000183001
2641,0.0012267798
2644,0.0009648743
2645,0.00068803114
2656,0.9930213
2659,7.437288e-05
2660,7.840192e-05
2663,3.38568e-05
2668,0.0018688721
2671,2.9033976e-05
2673,0.0016688243
2677,0.030075306
2680,0.0018272905
2683,0.0007972373
2687,0.98806924
2689,7.505936e-05
2691,0.0009618565
2695,4.9930386e-05
2697,0.00012410163
2698,0.9989384
2707,0.0001791352
2709,0.006245744
2714,0.001684406
2715,0.0022355288
2716,3.069678e-05
2726,0.0009530667
2730,0.9449656
2733,0.000812134
2735,0.0011849666
2745,6.750554e-05
2750,0.9966539
2754,0.00028578102
2756,0.0011507674
2757,0.992589
2758,0.0004369962
2759,0.9998834
2763,0.0009648743
2773,0.0009938901
2774,0.0022911886
2777,0.0030407147
2779,0.9928039
2782,0.9980679
2786,0.9885725
2787,3.083003e-05
2790,0.00011507418
2791,0.0011999501
2793,0.0012617662
2794,0.0008520578
2796,0.9989384
2797,5.9483984e-05
2798,0.00033080744
2802,0.9998981
2808,0.0011507674
2809,0.0009530667
2817,0.00089802407
2819,0.0005257983
2823,0.9982377
2824,7.067168e-05
2840,0.00191862
2851,0.00026101407
2852,0.0021638842
2860,0.022706332
2865,0.0294987
2867,0.0018460223
2883,0.0009530667
2887,0.0009530667
2891,0.001363204
2895,0.000812518
2902,0.99779874
2905,0.0009834582
2909,0.9990854
2911,0.0024250746
2918,0.030752793
2919,0.99773526
2922,0.00094338733
2925,0.0012617662
2929,7.391134e-05
2930,0.997827
2935,0.93523675
2936,0.9916937
2939,0.9901896
2948,0.008732921
2950,9.490177e-05
2958,3.6134556e-05
2959,0.9999467
2964,3.554225e-05
2966,4.1060503e-05
2969,0.9922895
2980,0.9940731
2981,0.000812518
2982,0.028286831
2986,0.99743074
2992,0.0011390825
2994,0.996837
2995,0.99766064
2996,8.871539e-05
3001,0.010181228
3002,0.9999387
3005,4.9930386e-05
3006,0.0009530667
3012,0.99677926
3020,0.99830085
3023,0.00017540238
3025,0.9980679
3026,0.00021675474
3032,0.9889908
3040,0.0003466004
3041,0.0012020041
3044,0.009676867
3063,0.030752793
3066,0.99685234
3070,0.028569052
3074,0.0009347635
3078,0.0017679747
3081,0.99748397
3083,3.909466e-05
3088,0.9986864
3093,0.9990854
3098,5.0549563e-05
3099,0.9990508
3102,0.0009530667
3106,0.9941817
3111,0.0003466004
3117,0.0003466004
3128,0.0018106014
3129,0.9755504
3134,0.0018688721
3135,0.0018365434
3138,4.120996e-05
3148,0.08058825
3150,0.00088247476
3153,0.0016688243
3154,0.0011507674
3155,0.0033837284
3157,0.9990508
3159,0.99844605
3166,0.0019464431
3167,0.0018460223
3172,0.99706644
3173,0.0019705335
3175,0.0016166985
3181,0.9937629
3191,4.0166713e-05
3195,0.00013623209
3196,0.999782
3197,0.9930016
3199,0.030966852
3212,0.9990508
3213,5.0549563e-05
3214,0.00011547374
3217,7.437288e-05
3224,3.5686935e-05
3226,0.9972583
3227,0.001363204
3232,0.001215572
3235,0.0025089872
3237,0.0022038817
3240,7.094968e-05
3258,0.0012453356
3272,0.0018821359
3278,0.0021770792
3279,7.188096e-05
3280,0.0007172839
3281,0.0018688721
3287,0.9951668
3291,0.028666595
3295,0.009589202
3298,7.0918904e-05
3306,0.99266386
3308,0.0003497989
3311,0.0009530667
3314,0.0022037148
3320,7.355051e-05
3321,0.0048607886
3322,0.9978447
3352,0.9881891
3353,7.826515e-05
3357,7.437288e-05
3359,0.0022260405
3366,0.00026369424
3367,0.99993813
3371,0.00347828
3374,4.3840268e-05
3375,0.9779443
3384,0.9990508
3385,0.9940672
3393,0.0018460223
3395,0.0019907628
3410,0.0015245897
3412,0.00019161613
3413,0.9982418
3415,0.99610955
3421,0.0009648743
3427,9.290686e-05
3436,0.0006906116
3438,0.9967528
3439,3.0772662e-05
3444,0.0008520578
3446,3.3498673e-05
3449,0.0018272905
3452,0.9990595
3455,0.9980855
3457,0.99493355
3458,0.0009938901
3459,0.9963685
3460,0.99606234
3461,0.028569052
3469,0.0009530667
3473,0.0008829272
3474,0.0022488507
3487,0.0019307808
3491,0.00014896301
3498,0.9452729
3499,0.0016688243
3502,0.00043985635
3504,0.0018106014
3505,0.00019161613
3508,0.9778952
3510,0.99884063
3512,0.98896676
3517,0.0036388019
3519,0.9990854
3520,0.0014101309
3522,0.9990854
3524,2.936733e-05
3538,0.002441966
3546,5.9483984e-05
3547,0.0019281546
3552,8.257445e-05
3556,7.761786e-05
3557,0.9447956
3560,0.0022355288
3565,7.405858e-05
3568,0.99637467
3572,0.0019464431
3581,0.00019161613
3582,0.0019550975
3595,0.9999447
3601,0.0009717284
3605,0.99777967
3607,0.0017374204
3611,9.90468e-05
3613,0.0018460223
3614,0.0023570883
3618,0.99337643
3627,0.9968208
3634,0.00029402107
3639,0.004877583
3640,0.9980679
3646,0.004175384
3647,7.437288e-05
3649,0.0024012078
3653,0.00841587
3654,0.0017939985
3657,0.9999387
3664,0.99993813
3673,0.0012020001
3674,0.0009530667
3683,0.0023721028
3685,0.00042459648
3698,0.0019464431
3702,0.003488599
3703,0.9892854
3706,0.0018272905
3710,0.0022038817
3712,0.0018460223
3715,0.0018460223
3717,0.00013382583
3718,9.069716e-05
3724,0.00010074157
3732,0.0009308521
3733,0.00094338733
3734,0.0008434034
3743,0.00057438447
3750,0.0009938901
3751,0.0019266944
3760,0.0018460223
3761,0.00035089708
3762,0.0017374204
3763,0.9975157
3764,0.0008520578
3771,0.9990854
3778,9.6650336e-05
3786,0.0023570883
3787,0.0018374231
3788,0.00094338733
3790,0.0019066228
3791,0.9623814
3793,0.00011554402
3795,0.029112697
3797,0.0010448153
3800,0.0011507674
3807,0.0015652009
3808,0.0053886245
3812,0.9990854
3813,0.00011989798
3825,0.9990508
3826,0.99777275
3830,0.00011460221
3833,7.437288e-05
3835,0.0005257983
3844,0.9978369
3845,0.9786412
3848,0.000178142
3851,7.886518e-05
3855,0.9989492
3859,0.993002
3860,0.0019464431
3861,2.9033976e-05
3864,0.99668616
3865,0.0007641416
3866,7.505936e-05
3868,0.000116412055
3869,0.992589
3872,0.023609893
3879,0.99766064
3890,0.9931886
3891,0.0019464431
3893,0.0018310769
3896,0.002128104
3902,0.0011609
3903,3.375193e-05
3916,0.9981529
3918,0.9998387
3919,0.0019266944
3920,0.0001762255
3923,0.00089802407
3926,0.0018688721
3929,0.94551593
3930,0.00177546
3932,0.999006
3945,0.0018723595
3946,0.9930916
3948,0.9990595
3950,0.99894685
3955,0.0018723595
3961,0.99894685
3963,0.99606234
3964,8.8452005e-05
3965,0.0009530667
3968,0.00094652176
3975,3.5686935e-05
3977,0.0017425838
3982,0.9977608
3984,0.0009530667
3985,1.809724e-05
3989,0.0005380846
3991,0.0005894902
4000,0.0020606637
4006,4.9930386e-05
4017,2.815245e-05
4018,0.0018460223
4025,0.0011507674
4028,0.00017990891
4050,5.864012e-05
4051,0.004877583
4057,0.002212863
4067,0.030752793
4068,0.0009648743
4076,0.0018630321
4079,0.0021002546
4086,0.0009530667
4087,0.0021806217
4093,0.00014744878
4106,0.0100123845
4108,0.9990854
4109,9.55812e-05
4110,0.0018123896
4114,5.0370465e-05
4115,0.028569052
4119,0.00069368246
4120,7.3616815e-05
4139,0.9951224
4140,7.437288e-05
4143,0.000812518
4149,0.008444845
4152,0.99870145
4154,0.0012020001
4159,0.9968466
4165,0.9990508
4167,0.0001957458
4169,0.9990854
4172,0.0018688721
4173,0.0019464431
4176,0.99779874
4179,0.0036746173
4183,0.0025047138
4191,0.9990508
4195,0.0014102376
4196,0.0012020001
4198,0.0024378062
4199,0.99789536
4200,0.0005375389
4204,0.0012345645
4205,0.9966539
4210,3.253144e-05
4211,0.0012020001
4212,0.99993813
4217,8.8452005e-05
4223,0.9968208
4225,0.0018687308
4229,0.0007481217
4233,0.9978542
4235,9.490177e-05
4236,0.0053886245
4240,0.000812518
4245,0.99374145
4260,0.0010609066
4262,0.9961747
4263,0.0010448153
4265,0.0045832917
4269,0.9989492
4271,0.00041179764
4275,0.9928766
4282,7.405858e-05
4291,0.9958846
4300,0.00010075906
4302,0.0018460223
4309,0.98095495
4310,5.0908955e-05
4311,0.00029068472
4314,4.9930386e-05
4320,0.0007972373
4324,0.00094816857
4325,0.0035079478
4329,0.0022488507
4331,0.00027366765
4337,0.94128036
4344,0.0018688721
4349,0.9447064
4352,9.053713e-05
4355,0.0021551484
4357,0.000812518
4361,0.030752793
4366,0.0023530729
4367,0.9977024
4378,0.0022636673
4379,0.9933408
4382,0.0019464431
4389,0.008005107
4394,0.99766064
4401,0.0018374231
4407,0.00070278265
4409,0.03007752
4410,0.9456755
4411,0.0016630595
4414,0.9998877
4421,4.8970618e-05
4425,5.9483984e-05
4427,0.05511363
4431,0.99606234
4434,0.0019163734
4442,0.0019705335
4443,0.99609816
4447,0.0062168865
4448,0.0009834582
4454,0.0023570883
4456,0.001361964
4460,0.0007587084
4462,0.0009530667
4466,0.9980855
4471,0.0028545463
4472,0.0012442376
4473,7.437288e-05
4475,0.00042534823
4476,0.0009834582
4479,7.0918904e-05
4481,0.9939692
4491,0.9977608
4493,0.9977608
4498,0.99748397
4500,0.0012437926
4501,0.0008520578
4504,0.9990508
4506,0.00064164505
4511,0.000886398
4514,0.00016423508
4517,0.0018460223
4518,3.595674e-05
4521,0.99799216
4526,0.0018723595
4530,0.028569052
4531,0.00038027662
4535,7.437288e-05
4536,0.9456755
4537,0.00041179764
4542,0.00016273314
4548,0.008885567
4551,0.9881891
4561,0.99612963
4564,0.9975551
4567,0.029112697
4569,0.0018688721
4573,0.002191569
4575,0.03486117
4583,0.0010181832
4587,0.9990508
4591,0.0016283666
4595,0.9963973
4601,5.147691e-05
4603,0.0022037148
4606,0.0019266944
4607,0.028569052
4612,0.00035089708
4616,5.0549563e-05
4628,2.9033976e-05
4634,0.0011507674
4640,0.9980894
4645,0.0050734715
4646,0.0009530667
4647,0.0009308521
4655,0.0009530667
4677,5.938236e-05
4687,4.9930386e-05
4696,6.8198846e-05
4706,0.00034307817
4707,3.5879155e-05
4709,0.0022038817
4719,0.96614575
4720,0.9989384
4733,0.0050734715
4734,0.0018460223
4743,0.0006618261
4754,0.0013508198
4763,0.9969157
4764,0.0019307808
4765,0.0011849666
4766,0.0005522362
4770,0.0049415715
4771,0.9967474
4774,0.99681723
4778,0.0001872294
4783,7.405858e-05
4788,0.9989492
4792,6.503158e-05
4793,0.000539832
4805,0.0016638791
4809,0.9978987
4811,4.3840268e-05
4812,0.0004683089
4823,0.99216557
4824,0.0022488507
4826,0.0022766753
4827,0.99994206
4835,7.886518e-05
4856,0.028286831
4857,0.99794656
4864,5.0370465e-05
4865,0.000113384456
4868,0.0019464431
4870,0.0031663657
4872,0.002212863
4873,0.0010447362
4877,0.00029068472
4878,0.9932462
4883,3.6134556e-05
4885,0.005133101
4887,0.99531245
4888,0.0018460223
4892,0.028569052
4894,0.0050221556
4898,0.00042534823
4904,0.0018723595
4913,0.0011650216
4919,0.0026099193
4924,2.6359477e-05
4925,0.00023756981
4931,0.0012596144
4933,0.0003466004
4943,0.0021730205
4947,0.0018622652
4951,0.98304915
4954,0.99897194
4955,6.202009e-05
4964,0.99666554
4971,0.0022832789
4975,0.002127625
4976,0.0019464431
4980,0.0009530667
4984,3.5474866e-05
4985,0.9941817
4987,0.00014896301
4992,0.0016073083
4993,0.002404703
4996,0.00029068472
4998,0.009589202
5007,0.0003466004
5015,0.00094338733
5016,0.9951224
5021,0.0018106014
5023,0.029804647
5024,0.9881891
5025,0.001865893
5026,0.002114878
5031,0.00050838833
5033,0.9969277
5034,5.0549563e-05
5039,0.99116206
5044,2.9867017e-05
5045,0.99740595
5047,0.0007183634
5049,0.003515652
5050,5.1218023e-05
5058,0.9456755
5060,0.0009530667
5061,6.8198846e-05
5062,0.99884063
5068,0.00019324174
5076,7.853609e-05
5077,0.0009530667
5080,0.0019464431
5083,0.9998826
5090,0.0003063751
5091,0.9946531
5095,0.9990854
5098,0.99897194
5103,0.0018374231
5105,0.9987105
5110,0.0009717284
5111,0.9997695
5114,0.028286831
5116,0.9990508
5117,0.9990508
5120,0.028569052
5122,0.0009530667
5123,0.9990508
5126,0.0009834582
5130,0.00037771877
5131,0.00191862
5138,0.0010200172
5139,0.0012596144
5142,0.98398846
5147,0.0003466004
5150,0.6448675
5151,0.99800175
5154,0.0021446988
5157,0.99897194
5162,7.405858e-05
5165,4.3297194e-05
5170,0.970858
5171,0.0062168865
5177,0.0024486633
5182,0.0006697534
5187,0.9971378
5188,0.7015599
5191,0.99779874
5198,0.9968208
5201,0.0009530667
5204,0.02670451
5208,0.00027366765
5215,0.0021071536
5218,0.0062934975
5225,0.0018630321
5231,0.0003466004
5235,0.99391633
5240,0.9990854
5248,0.9447956
5249,0.00027366765
5250,0.00024361092
5252,4.9930386e-05
5256,0.0018374231
5261,5.9483984e-05
5272,0.00080657157
5273,0.0062168865
5276,0.016214445
5284,0.0023570883
5290,0.00030801783
5297,0.0018460223
5305,0.00010074157
5311,0.0019266944
5317,0.998643
5319,9.512157e-05
5327,0.0044336366
5328,7.189344e-05
5329,0.0018548744
5331,0.0041163885
5335,0.99994004
5336,0.99830085
5343,0.9346779
5345,0.028569052
5346,7.3616815e-05
5349,0.00013185124
5351,0.0019617558
5353,0.0022355288
5357,4.9930386e-05
5364,0.0009648743
5366,0.9939367
5369,6.503158e-05
5370,0.0022766753
5377,5.9483984e-05
5379,0.006492221
5383,0.00046219764
5386,0.996837
5387,4.814032e-05
5391,0.0008434034
5392,4.3840268e-05
5396,0.0013757711
5400,0.001412902
5402,0.0062739174
5404,0.0061540767
5407,0.0011390825
5410,0.0001872294
5416,0.9901896
5423,0.00070278265
5433,4.9930386e-05
5439,0.0003497989
5440,0.00085458654
5446,0.99884063
5460,0.0018272905
5477,0.0022667418
5478,0.001706044
5484,0.030752793
5485,0.9990508
5491,0.99838364
5492,0.9972861
5498,5.0549563e-05
5501,0.0018687308
5514,0.028569052
5515,0.99710435
5517,0.0022488507
5526,0.9970777
5528,0.99713266
5532,7.840192e-05
5535,0.0016638791
5543,0.9976954
5557,0.02345475
5559,0.000117673095
5560,0.99612963
5561,0.0001744342
5562,0.00016423508
5563,0.0003466004
5564,0.02670451
5565,0.029112697
5568,0.0012020001
5569,0.0003063751
5571,0.9976955
5574,0.0009810938
5578,0.99764484
5580,3.6134556e-05
5582,0.0002718569
5590,0.9751217
5593,0.028569052
5599,0.9959741
5612,0.0019703843
5614,0.028035287
5618,0.99741036
5620,0.028569052
5630,0.0009938901
5632,0.00011825148
5658,0.98059183
5659,0.028569052
5662,0.9999387
5665,3.595674e-05
5677,0.9630736
5681,0.00035089708
5682,9.4524345e-05
5684,0.0011020987
5686,0.9979292
5690,7.437288e-05
5693,0.00094338733
5695,0.9977608
5700,0.006492221
5702,0.0098133935
5705,0.9973109
5711,0.00075304636
5715,0.0022561196
5717,0.030752793
5719,0.030750528
5724,0.00029068472
5727,0.0005380846
5733,2.6976015e-05
5735,0.0019266944
5742,0.9976025
5751,0.99266386
5759,0.0006697534
5763,0.9973865
5764,0.00097347057
5765,0.0018460223
5766,0.01492153
5767,0.0023570883
5768,0.0012020001
5778,0.023609893
5786,0.00042534823
5790,0.028569052
5794,0.00017065492
5798,0.0002701681
5803,0.0008520578
5804,2.9160008e-05
5812,0.0021071536
5835,0.0005071232
5836,0.00016485484
5837,0.0005430492
5838,0.0014087296
5849,0.000812518
5852,0.00067477033
5860,2.9033976e-05
5861,0.9951224
5862,2.9768515e-05
5864,0.0018028625
5865,0.00089802407
5867,0.999723
5872,0.0005122735
5881,0.00027366765
5883,0.0005257983
5885,0.0023570883
5899,0.0023570883
5905,0.0022317201
5916,0.00014896301
5918,4.9930386e-05
5921,4.9930386e-05
5922,0.9916276
5925,0.9972516
5929,7.188096e-05
5930,0.9989384
5931,0.0009938901
5935,0.99989295
5936,0.001706044
5940,0.99606234
5943,0.0009530667
5956,0.9920704
5974,0.0035079478
5977,0.00027366765
5985,0.99897194
5989,0.00027366765
6001,0.00080970884
6003,0.0022355288
6006,0.0009834582
6007,0.9881891
6009,0.00047321653
6013,0.99431735
6014,0.0022038817
6015,0.002740461
6020,3.3495955e-05
6021,0.0019464431
6022,0.9999387
6023,0.0018374231
6024,0.0018688721
6026,0.0044635376
6030,0.00011547374
6033,0.9969933
6036,0.961726
6044,4.9346116e-05
6050,0.0016688243
6051,0.99994004
6055,5.9483984e-05
6075,0.0022038817
6077,0.0033837284
6078,0.0022260405
6081,0.0019720278
6082,0.9751217
6089,0.0009530667
6092,0.028286831
6102,0.0020539039
6103,0.0040730266
6107,0.0020293987
6110,0.0002877303
6113,0.97230756
6123,0.00029068472
6124,0.00031673905
6127,0.94615614
6133,0.98956174
6134,0.0022766753
6136,0.9986455
6137,0.028286831
6140,7.900104e-05
6143,2.7109423e-05
6144,0.0075216894
6146,0.00094652176
6149,0.001215572
6160,0.9969909
6163,0.00083561917
6168,0.029496523
6169,0.0025089872
6170,4.7736106e-05
6175,0.0020115739
6185,0.00080970884
6191,0.0008829272
6192,0.028569052
6196,0.0018460223
6203,0.028569052
6208,0.0019643763
6211,0.0018340487
6212,0.0019705335
6219,0.0031583435
6230,0.00027366765
6233,7.706956e-05
6238,0.0003466004
6240,0.0017374204
6242,0.0009834582
6243,0.0003104912
6246,0.99050224
6248,0.032777492
6253,0.9805064
6254,0.9990508
6255,0.0009530667
6256,0.00047321653
6259,0.99266386
6260,0.0012617662
6262,0.0014459016
6271,0.0022317201
6273,0.000301222
6274,0.000812518
6280,0.0003063751
6282,0.9447956
6285,0.0019643763
6291,0.9972583
6294,0.0012020001
6295,0.0022911886
6296,0.99419606
6300,0.990761
6302,0.00094338733
6306,0.032450687
6317,4.9930386e-05
6318,7.505936e-05
6321,0.9976162
6323,0.000812518
6331,0.99779785
6337,6.1525796e-05
6341,0.00029068472
6343,0.0017425838
6347,0.9970572
6349,4.9930386e-05
6350,0.0008520578
6351,0.9973865
6353,0.0001228824
6369,0.00015826485
6370,2.8738807e-05
6371,6.750554e-05
6377,0.99684685
6382,5.334508e-05
6383,7.355051e-05
6387,7.505936e-05
6388,0.0016638791
6390,0.0010531162
6392,0.028825186
6398,0.0050734715
6402,0.0024658358
6407,0.0017374204
6410,0.99627566
6411,0.0011849666
6412,5.0613336e-05
6414,0.0019090989
6416,0.0011390825
6422,0.0001205857
6423,0.0009530667
6424,7.8388315e-05
6431,0.00017138662
6434,0.9916563
6436,0.0005257983
6442,7.8388315e-05
6444,0.0018272905
6447,0.0009834582
6459,0.0002389298
6464,0.00230191
6470,0.0018460223
6473,0.029112697
6477,0.9999491
6479,4.4723532e-05
6481,0.010181991
6483,0.0023570883
6486,0.99940765
6487,0.0004179926
6496,0.9966539
6500,0.0011849666
6508,0.00072954124
6509,0.0003466004
6515,0.028569052
6516,0.0008274028
6519,7.188096e-05
6523,0.9964084
6524,0.0012020001
6527,0.9961528
6529,0.0008520578
6534,0.0003466004
6536,0.9996123
6537,0.0003466004
6538,0.9978982
6544,0.9976025
6553,0.0003466004
6554,0.029402528
6557,0.992589
6558,0.99779874
6560,0.0048272656
6562,0.0019944913
6568,0.0013193054
6570,0.0025013182
6571,0.0022355288
6579,0.0011507674
6581,0.9959741
6582,0.0021446988
6583,0.99667126
6590,0.99779874
6592,0.00010786632
6597,0.9980679
6599,0.0009618565
6604,0.0016715195
6607,0.030752793
6608,4.9930386e-05
6609,0.0012617662
6610,7.437288e-05
6611,0.0045045572
6612,0.0010289875
6616,0.0009530667
6618,0.001984517
6625,5.0549563e-05
6627,0.0018723595
6632,4.9930386e-05
6635,0.033809282
6636,0.00047631358
6640,0.0019266944
6642,0.996947
6647,0.0009530667
6651,0.95772076
6653,0.00097347057
6661,0.0016638791
6666,0.0018688721
6669,0.9447956
6676,0.9953755
6679,6.8198846e-05
6684,0.99789536
6687,0.0011507674
6689,0.9999641
6696,0.0011650216
6698,0.010181991
6700,0.00033615113
6701,0.0048570787
6706,0.00020750269
6724,0.99605656
6729,0.0018460223
6734,0.00023621554
6738,0.0009530667
6743,0.99606234
6745,0.99811184
6746,0.9966539
6755,0.00029068472
6761,0.9980855
6762,0.00016273314
6763,0.028286831
6765,4.9930386e-05
6769,0.9990854
6777,0.99740595
6782,0.028813642
6783,0.00034045646
6784,0.99745256
6788,0.000812518
6789,0.0018687308
6794,0.00034307817
6796,0.9974306
6798,3.6134556e-05
6802,0.9987105
6804,0.00039535202
6806,0.0022355288
6813,0.0009271275
6814,4.9930386e-05
6816,0.00016107898
6824,0.0005430492
6828,0.9976162
6830,0.9973597
6843,7.585606e-05
6847,0.9989384
6851,0.000113384456
6852,0.00018459703
6853,0.0015270683
6857,0.0018723595
6860,0.0019705335
6862,0.9959341
6864,0.99713266
6865,0.00016273314
6876,0.9887988
6878,0.00094338733
6882,0.008444845
6884,0.00017844682
6890,0.99007446
6902,0.0019464431
6908,0.0023787958
6909,0.99894685
6916,0.0001762255
6919,0.0018460223
6933,0.9990854
6938,3.38568e-05
6945,0.9972583
6952,0.0003466004
6955,0.9456755
6960,0.9952158
6963,0.00011805319
6966,0.00017785195
6969,0.0075089424
6971,0.028569052
6972,0.002323724
6976,0.0009530667
6977,0.9452729
6987,0.99980825
6988,0.0006897601
6990,0.0024658358
6993,0.0010448153
6994,2.3346412e-05
6997,0.94615614
6999,0.000812518
7000,0.00268459
7009,0.9990508
7018,0.028569052
7020,0.9447064
7022,7.437288e-05
7027,0.002441966
7029,0.0018272905
7030,0.00047965578
7032,0.0012032727
7037,0.952856
7040,0.00016423508
7042,3.6134556e-05
7052,0.0018272905
7053,0.0009530667
7054,5.9678354e-05
7055,0.0011390825
7061,0.0018622652
7070,0.0018688721
7078,0.99609816
7081,0.9630736
7082,0.028813642
7090,0.00097347057
7091,0.99703
7094,0.0018460223
7095,0.98859763
7097,0.9979049
7098,0.028569052
7100,0.0009810938
7106,0.00027366765
7107,0.0063379635
7109,0.9980679
7111,0.0018460223
7120,0.00016563272
7124,0.0018682247
7126,0.0024734782
7133,0.031893097
7136,0.0023570883
7139,0.99777967
7144,0.0018460223
7147,0.9960777
7150,0.9973865
7154,0.0011507674
7162,0.6276007
7163,0.9907963
7166,0.004877583
7170,0.0003466004
7174,0.9917036
7179,0.9829186
7180,0.00038027662
7194,7.227681e-05
7196,0.000812518
7198,0.99779874
7203,0.0018310769
7210,0.9990508
7220,0.9951224
7223,0.02670451
7224,0.9998864
7230,0.0018783959
7238,0.0019720278
7252,0.028569052
7253,0.0008484623
7254,7.437288e-05
7259,0.0014679471
7264,0.0018821359
7269,0.0018310769
7279,0.00062095915
7280,0.9940672
7282,0.9967474
7283,0.000812518
7284,0.9979049
7285,0.0023721028
7287,0.0018710482
7291,0.00094652176
7295,0.99467975
7300,0.0018783959
7303,0.00021928537
7306,0.0001689771
7310,0.0022355288
7323,0.99266386
7325,7.2727795e-05
7331,0.0018460223
7332,5.9483984e-05
7343,0.0018365434
7344,0.0005257983
7348,8.492791e-05
7349,0.0018272905
7353,0.9962929
7358,0.001865893
7361,0.0007641416
7363,0.0008484623
7364,0.00088441797
7366,0.0012225815
7377,0.029112697
7382,0.0019657603
7389,0.00029068472
7395,8.8452005e-05
7396,0.0062934975
7402,0.99754554
7408,0.0009471984
7409,0.0019464431
7415,0.0003968768
7421,0.99050224
7424,0.0009834582
7426,0.98095495
7429,0.00010093148
7430,6.92532e-05
7431,0.0006161207
7442,0.9473109
7444,0.001963568
7448,0.00022100151
7451,0.0009648743
7452,0.992589
7462,0.0019464431
7466,0.0008520578
7468,0.0012020001
7471,0.0016688243
7472,0.0019716534
7478,5.0549563e-05
7481,0.00027366765
7483,0.00191862
7485,0.009589202
7487,7.702989e-05
7488,0.0019664257
7492,0.0003466004
7493,0.028569052
7494,0.0019464431
7496,0.0018460223
7498,0.9735339
7499,0.07375633
7503,0.00068790856
7505,0.00093061046
7506,0.0019845427
7509,0.00056555995
7510,0.9973381
7511,0.00268459
7512,0.0005257983
7513,0.000119287186
7514,0.9979272
7516,0.0010666288
7523,0.0017149461
7524,7.437288e-05
7527,0.001363204
7529,0.0020293987
7532,0.0018333338
7535,9.332037e-05
7539,0.9447956
7545,3.595674e-05
7546,0.9921686
7547,0.99897194
7552,0.99606234
7557,0.9838605
7558,0.028569052
7565,0.00094338733
7566,0.00011772865
7567,0.0011390825
7569,0.9990854
7575,0.0001762255
7576,0.029402528
7583,0.00037029656
7587,0.9966539
7588,0.0022355288
7590,0.028569052
7594,7.094968e-05
7597,0.0005257983
7602,0.0018723595
7603,0.001215572
7609,0.0019705335
7612,0.0022355288
7615,0.99397224
7618,0.9990854
7627,0.9976822
7633,0.0009834582
7635,0.9889908
7636,0.00035089708
7637,0.9948725
7638,0.0010066556
7640,0.031296756
7645,5.215609e-05
7646,0.0008520578
7649,0.65193975
7654,0.00070278265
7658,0.0023488633
7670,0.0023570883
7673,0.0003466004
7680,4.9930386e-05
7689,0.0018460223
7692,0.030657765
7695,0.00035821734
7696,0.00022100151
7700,0.9895325
7702,0.0018374231
7704,0.0009530667
7705,0.0019947449
7707,0.030075306
7713,0.028825186
7728,0.0005380846
7729,0.99777967
7730,0.0012020001
7731,0.001412902
7733,2.9157784e-05
7736,0.00077119033
7742,0.0019464431
7743,0.00080795004
7749,0.000178142
7750,0.98200953
7752,0.0019716534
7753,2.5895051e-05
7754,4.9930386e-05
7756,0.9612018
7757,0.0009304579
7760,0.00097347057
7762,0.0023570883
7765,0.0009618565
7770,0.00038027662
7772,0.9990595
7775,0.0008434034
7779,0.028035287
7780,0.0019077992
7786,0.00043813325
7788,0.0018272905
7795,0.0003497989
7799,0.0061540767
7803,0.0016688243
7811,8.871539e-05
7813,4.1060503e-05
7816,0.0018272905
7822,0.0016688243
7823,9.236783e-05
7830,0.996837
7831,0.9930213
7833,0.9973597
7835,0.99507254
7849,0.0012453356
7861,0.00083982473
7869,0.9924275
7871,0.99897194
7876,0.9931378
7877,0.00053716626
7884,0.0012267798
7885,0.9989384
7889,0.004604783
7890,0.0009530667
7892,0.002033034
7897,4.9930386e-05
7902,0.9647249
7908,7.437288e-05
7909,0.001363204
7910,0.0009308521
7916,0.9929502
7926,0.9959741
7927,6.1631086e-05
7931,0.98175806
7933,0.0009530667
7935,0.0010448153
7940,0.9999387
7944,0.0033494458
7945,0.0017425838
7950,0.9999455
7955,0.0001699863
7957,0.0012292818
7958,0.0011390825
7959,5.0391267e-05
7966,0.00011547374
7968,0.0021006323
7973,0.99864763
7979,0.9962442
7987,0.0019705335
7989,0.0008520578
7993,0.0006676141
7994,0.9972861
8003,0.00035089708
8009,0.0009976084
8015,0.9976162
8016,0.9999418
8017,0.0024519244
8022,0.00093555334
8025,0.9967668
8028,9.053713e-05
8035,0.0001228401
8036,0.0009278817
8038,0.9999467
8039,0.99741036
8041,0.00094338733
8048,0.9989384
8051,0.9980679
8056,0.00051886676
8057,0.9447064
8059,9.340067e-05
8063,0.0019307808
8068,0.00016131367
8070,0.0019643763
8076,0.0018688721
8077,0.97826684
8081,0.004877583
8083,0.9979081
8084,0.0030407147
8087,0.0021825004
8088,0.9951224
8090,0.99742585
8093,0.00017138662
8096,0.00028578102
8100,0.00070278265
8103,0.0009648743
8108,0.028569052
8118,0.9447064
8126,0.0016283666
8132,0.002096654
8134,5.215211e-05
8138,3.069678e-05
8141,0.0004285145
8144,0.98960763
8146,0.0018460223
8147,0.00016273314
8151,0.0019550975
8152,0.9989384
8160,0.00029336725
8164,5.9483984e-05
8169,0.9447956
8170,0.0019705335
8179,0.9990595
8183,0.00096480123
8184,0.9992254
8196,0.9940672
8201,0.000116412055
8202,0.9972583
8203,0.0001762255
8209,0.9493972
8210,4.9930386e-05
8212,0.99306
8217,0.0019716534
8224,0.9447956
8225,4.3840268e-05
8233,0.028286831
8234,0.9989384
8236,9.713884e-05
8239,0.99392635
8240,0.008734304
8241,0.0023570883
8245,0.0015270683
8247,0.96614575
8248,0.00034307817
8249,0.0012276886
8252,4.9422786e-05
8259,0.0012617662
8262,0.99007446
8263,0.00031673905
8264,0.0009347635
8279,5.1218023e-05
8283,0.9979049
8287,0.000428861
8288,0.0075216894
8290,0.0018460223
8301,0.001963568
8310,0.0018460223
8316,0.0034148586
8317,5.9483984e-05
8320,0.9982717
8328,0.00016273314
8333,0.0018345532
8337,0.007503675
8349,0.0018460223
8351,0.001215572
8361,0.944795
8370,0.94615614
8372,0.02670451
8374,0.0003063751
8383,0.0019464431
8388,9.053713e-05
8393,0.0023570883
8398,0.00016423508
8399,0.0019657603
8408,0.0009846945
8413,0.9917285
8420,0.9989492
8423,0.0033837284
8424,4.9930386e-05
8426,0.0022355288
8428,7.8388315e-05
8432,0.0018460223
8434,0.0022355288
8435,0.0023570883
8442,0.999511
8446,0.0017073619
8449,0.028825186
8454,0.00017289471
8456,0.00094652176
8463,0.99187005
8475,0.034327228
8479,0.004075389
8489,0.9954181
8490,0.028286831
8496,0.9997422
8499,0.029804647
8501,0.99507254
8508,0.0025013182
8509,0.00029068472
8515,0.00029068472
8519,0.9990508
8522,0.0019907628
8525,0.00019669437
8527,0.0018460223
8528,0.00196325
8530,0.00021898054
8534,0.0012596144
8536,0.00016273314
8537,0.9959741
8539,0.028286831
8551,0.0004975435
8556,0.002323724
8559,7.188096e-05
8560,0.00067300576
8565,0.002128104
8568,0.000117673095
8569,0.99007446
8575,0.00031673905
8580,0.0023570883
8594,0.97810787
8601,0.0022355288
8611,0.000102245045
8613,0.000178142
8625,4.9930386e-05
8628,0.0019464431
8631,6.8198846e-05
8639,0.00012191785
8642,0.9979049
8644,3.083003e-05
8648,0.00014896301
8649,0.9968208
8655,0.00191862
8657,0.0011717605
8658,0.99894685
8659,0.00042534823
8662,6.8198846e-05
8663,0.9959741
8664,0.0028808222
8665,0.0009938901
8666,5.147691e-05
8668,5.3335007e-05
8679,0.00026612775
8693,0.9990595
8709,0.002323724
8711,0.00041312622
8718,0.9939957
8720,0.008700553
8722,0.9946531
8726,5.0549563e-05
8734,0.0009849904
8739,0.0022260405
8746,0.0018123896
8748,0.0004440581
8749,0.98829585
8755,0.0018460223
8757,0.0018630321
8763,0.002323724
8764,0.0022332454
8766,0.99994516
8773,0.0003063751
8777,7.355051e-05
8779,0.0009530667
8783,0.0028545463
8787,5.120474e-05
8789,0.022706332
8791,0.00041179764
8794,0.0018688721
8800,0.00094543037
8803,0.0024226094
8805,0.99794656
8816,0.0018206866
8817,0.0015344913
8818,9.39442e-05
8819,0.99753976
8821,0.0009834582
8845,0.026440207
8849,0.0011507674
8851,0.98786503
8852,0.0012032298
8857,0.00011547374
8867,0.996837
8870,6.864383e-05
8871,0.000178142
8876,0.9447956
8883,0.00019078389
8885,3.3264438e-05
8889,0.0009530667
8891,0.0048607886
8892,0.00013185124
8893,0.9977531
8894,0.008444845
8906,7.853609e-05
8907,0.9988464
8919,0.003068699
8923,0.0019281546
8928,0.99602205
8931,0.990761
8938,0.00012473624
8943,3.2567696e-05
8955,4.9930386e-05
8957,0.9900899
8964,0.0023570883
8965,7.437288e-05
8970,0.0021873803
8975,0.0008829272
8980,0.9990694
8983,0.0031663657
8989,0.0008520578
8992,3.069678e-05
8993,0.03007752
8996,0.99612963
8998,0.0016688243
8999,0.00018038557
9004,0.0019464431
9007,0.99713266
9011,0.01679348
9018,0.9940672
9020,0.0023721028
9021,2.9160008e-05
9027,0.00034307817
9035,0.00018005099
9042,0.9966539
9044,0.9774514
9052,0.99789536
9056,5.864012e-05
9058,0.0027812277
9059,0.0016073083
9060,0.03007752
9061,0.001363204
9065,0.9345735
9068,8.8452005e-05
9070,0.00029068472
9071,0.00191862
9077,2.701561e-05
9081,0.0011848769
9083,7.8388315e-05
9084,0.00017138662
9085,0.0011390825
9088,0.0006543146
9091,0.028286831
9093,0.0021505256
9096,0.00094338733
9098,3.6134556e-05
9103,0.00029336725
9109,0.0042457986
9113,0.0009530667
9126,0.00018463662
9129,0.00016273314
9130,0.06815258
9134,3.069678e-05
9137,0.00017289471
9139,0.9989384
9141,0.9998826
9142,0.00020672106
9147,0.99605656
9148,9.236783e-05
9151,0.9990508
9153,0.0007362731
9154,0.001363204
9158,0.0001052309
9160,2.9160008e-05
9164,0.9974832
9170,4.3840268e-05
9175,0.028569052
9176,0.0464262
9177,0.0001762255
9178,0.00021898054
9185,0.9987374
9186,0.0021807575
9187,9.8278615e-05
9189,0.00020750269
9190,0.06815258
9195,0.99664235
9199,4.9930386e-05
9205,0.0010373732
9209,0.0018630321
9213,0.9990694
9218,0.9981134
9221,0.0024359818
9223,0.99612963
9229,0.9952158
9234,0.0011507674
9235,0.0019464431
9237,0.0021425823
9243,0.0009834582
9244,0.99602205
9250,0.9451267
9252,0.001984517
9253,0.0009955098
9255,0.0018374231
9261,0.99266386
9262,0.9930848
9270,0.98494524
9271,0.99560344
9273,0.029112697
9275,8.8452005e-05
9281,0.0021719537
9283,0.0020293987
9290,0.0011650216
9291,0.00094338733
9292,0.9897083
9295,0.0008520578
9304,0.0022355288
9308,0.028569052
9313,0.99605656
9317,7.188096e-05
9321,0.00083419785
9330,0.008444845
9332,3.5414258e-05
9335,0.00016131367
9344,0.99472517
9346,0.0009308521
9349,0.028286831
9351,0.0019657603
9352,0.9999447
9354,0.0017634856
9359,0.0001131175
9371,0.0018290902
9372,0.0019703843
9380,7.437288e-05
9381,3.6134556e-05
9382,0.99894685
9384,4.9422786e-05
9385,4.9930386e-05
9388,0.9990595
9395,0.0008484623
9404,0.9941817
9405,0.00047965578
9415,0.00094652176
9416,0.0005257983
9422,0.0003466004
9425,2.9033976e-05
9426,0.0019464431
9430,0.0008484623
9433,3.4690514e-05
9434,0.99800485
9436,0.0009530667
9437,0.0009648743
9445,6.8198846e-05
9447,0.0018374231
9452,8.38368e-05
9454,0.9990508
9455,0.0014101309
9456,4.9930386e-05
9464,0.0011999501
9467,3.076929e-05
9469,0.0008374773
9478,0.9989492
9481,0.049663182
9483,0.00097347057
9485,0.0002877303
9488,0.0019464431
9502,0.0024378062
9513,0.98095495
9518,0.9990508
9521,0.004168284
9528,0.99795216
9540,0.0007964961
9542,0.99794966
9547,0.0019557758
9554,0.9972583
9558,0.99777967
9559,0.0008520578
9560,0.0005257983
9561,0.99466777
9562,0.0009648743
9563,0.0009530667
9566,0.010181991
9571,0.0003466004
9573,0.9989492
9574,0.0012020001
9584,0.0009717284
9588,4.9422786e-05
9589,0.9990854
9599,0.0018460223
9605,0.99897194
9610,4.9930386e-05
9612,0.00017704132
9613,0.0008484623
9615,0.0018365434
9617,4.9930386e-05
9626,0.9846801
9634,0.99897194
9635,0.0009648743
9636,0.0003268353
9639,0.0018460223
9640,4.9930386e-05
9642,0.9973865
9643,0.0019464431
9644,0.0009347635
9652,0.00023381459
9655,0.94615227
9662,0.9563448
9663,0.0019281546
9664,0.001893806
9670,0.0003466004
9673,0.001024959
9674,0.0022601064
9675,0.99977034
9677,0.0019307808
9685,7.188096e-05
9690,4.9930386e-05
9692,0.0003233141
9693,5.820012e-05
9697,0.005298036
9704,0.06973825
9705,9.428308e-05
9706,0.0012453356
9710,0.002323724
9717,0.0018106014
9719,0.002096654
9720,0.99777967
9724,3.443284e-05
9729,0.019748682
9739,0.99777967
9740,0.9974118
9741,0.028569052
9747,0.0004217407
9751,0.0005207845
9752,0.002323724
9756,0.03007752
9757,0.0022737668
9758,8.871539e-05
9760,0.99989915
9762,0.9940149
9775,0.9990854
9776,0.9958846
9778,0.0021446988
9779,0.0011390825
9784,0.0013608795
9788,0.9916276
9794,0.99794656
9804,0.9974306
9805,0.970858
9815,0.9990508
9819,0.0009530667
9832,0.0018272905
9834,0.0019705335
9839,0.9972861
9840,0.0019464431
9842,9.512157e-05
9843,0.9968047
9844,0.005133101
9846,0.0009648743
9850,7.840192e-05
9851,0.02670451
9852,0.9815044
9862,0.031541783
9863,0.0011507674
9864,4.9930386e-05
9866,7.188096e-05
9867,0.0019464431
9868,5.017027e-05
9869,0.0016688243
9875,6.1525796e-05
9876,0.00018038557
9879,0.99990606
9882,0.0008520578
9884,0.00027366765
9898,0.00016107898
9900,0.023037102
9904,6.477442e-05
9907,0.9972861
9910,0.96085775
9911,0.00029068472
9912,0.99713266
9913,0.0005522362
9921,5.215609e-05
9924,0.0023920531
9930,9.332037e-05
9934,0.0013608795
9935,0.99994206
9936,0.98130304
9940,0.0011099534
9942,0.00015576847
9943,0.9978054
9945,0.000886398
9956,9.428308e-05
9961,0.0008520578
9962,3.0924817e-05
9972,0.99216557
9973,0.0008484623
9975,0.0009530667
9983,0.00019161613
9987,0.0062739174
9993,0.0009648743
9998,0.028286831
10008,0.0018460223
10018,0.994138
10024,0.0018290902
10034,0.00011547374
10038,0.027124632
10039,0.000428861
10041,0.9881891
10043,0.997844
10044,0.028825186
10047,0.9980679
10052,0.9827539
10054,0.0018460223
10055,0.99507254
10056,0.0008520578
10057,0.99779874
10062,0.0011613783
10071,0.99606234
10075,4.9422786e-05
10078,0.9456755
10082,0.03007752
10087,0.9972861
10093,0.0023570883
10094,9.053713e-05
10095,0.0011650216
10099,0.0019307808
10105,0.002181371
10108,0.9975395
10109,0.0009614601
10115,0.99766064
10122,0.0019464431
10129,0.0019705335
10130,0.961726
10132,0.0022488507
10147,0.0007142856
10148,0.99994767
10153,0.0012503256
10155,0.0018374231
10178,0.94551593
10196,0.99183077
10200,0.0022695635
10203,0.998643
10208,5.2850828e-05
10217,0.00016280252
10220,0.99523443
10222,5.0391267e-05
10225,0.005133101
10227,0.00018478985
10235,0.001363204
10246,0.0021428831
10247,0.0008520578
10248,0.00023756981
10249,0.9447956
10250,0.0022038817
10251,0.028569052
10253,0.0021071536
10256,0.0019464431
10257,0.9978054
10263,0.9979049
10264,0.0008177482
10265,0.0018374231
10270,0.0009308521
10290,0.0011760852
10292,0.0019238521
10310,0.0019464431
10320,0.001363204
10325,0.00034307817
10329,0.0018460223
10331,0.0004213226
10335,2.9033976e-05
10351,0.028569052
10353,0.9990508
10357,0.0009834582
10362,0.9447956
10372,0.0019548165
10382,0.9999387
10384,0.0019464431
10385,0.0009648743
10391,0.031541783
10397,4.9930386e-05
10398,0.9990508
10407,0.9970777
10408,0.0018460223
10409,0.9989384
10414,0.0012020001
10422,0.0018340487
10423,0.71604246
10427,0.0022317201
10429,0.00046084743
10430,0.9977531
10433,0.98627394
10441,0.0020882743
10443,0.9889908
10446,0.9977608
10448,0.0009576411
10455,0.0009955098
10463,9.053713e-05
10465,0.9990508
10473,0.010181991
10481,0.9978054
10483,0.0003496547
10484,0.0018374231
10485,5.0908955e-05
10494,4.2542626e-05
10495,0.00016273314
10504,0.00011554402
10519,0.0018723595
10522,0.99794656
10524,0.0019464745
10528,0.0009849904
10529,0.030752793
10536,0.0018460223
10539,0.0019643763
10540,0.00011554402
10541,8.840841e-05
10545,0.9969869
10547,0.0016638791
10549,0.000902239
10551,0.0019266944
10552,9.428308e-05
10553,0.99685574
10554,0.053910874
10557,0.0018272905
10564,0.008444845
10566,0.028569052
10567,0.028569052
10573,0.9967668
10581,0.04965959
10598,6.8198846e-05
10608,0.00191862
10609,0.993923
10612,0.9447956
10617,0.0018310769
10619,0.0025089872
10620,0.9990508
10621,0.0009648743
10623,0.0043309224
10627,0.00014896301
10629,0.6599909
10630,7.2503164e-05
10641,0.0009849904
10649,0.0049662166
10650,5.306678e-05
10655,0.0016581315
10662,0.00021842649
10663,0.0009834582
10667,0.00016334723
10668,0.0003063751
10669,0.00044273285
10680,0.0005792801
10684,0.0012453356
10691,0.0009834582
10693,5.0908955e-05
10694,0.0019907628
10695,0.00019970303
10708,9.428308e-05
10711,6.8198846e-05
10712,6.1631086e-05
10713,0.0007641416
10717,0.0012020001
10728,0.7015599
10732,0.9447956
10734,0.99785787
10739,0.0011848769
10743,0.028569052
10746,0.0012596144
10747,7.201647e-05
10754,0.0004606035
10758,4.9930386e-05
10760,0.0019066228
10761,4.9422786e-05
10765,0.0019066228
10766,0.9948537
10769,0.0007972373
10772,0.9447956
10773,0.9935981
10774,0.06815258
10777,0.030752793
10778,0.00094338733
10779,0.0010200172
10786,0.00029068472
10789,0.0018688721
10794,0.0021638842
10795,0.0003458127
10800,0.0034000375
10809,0.0062739174
10819,0.9447956
10825,0.99178725
10827,0.028569052
10831,0.9958846
10834,0.9972025
10835,0.0024415685
10836,0.028569052
10837,0.0009530667
10842,0.0009530667
10847,0.00268459
10848,0.9972861
10849,0.99606234
10852,7.628347e-05
10853,0.00047321653
10856,0.0009618565
10862,6.8198846e-05
10866,0.0002088122
10871,0.028569052
10872,0.9972583
10884,0.0004835623
10899,0.0016688243
10902,0.99178725
10903,0.0018460223
10905,4.967354e-05
10912,0.99540776
10913,0.0021719032
10915,0.000115463066
10919,0.0019266944
10923,0.028825186
10929,0.0062168865
10931,0.00029068472
10950,0.99897194
10958,0.0019302801
10960,0.0016638791
10962,3.355328e-05
10963,0.0005490656
10966,0.9779443
10972,0.008444845
10979,0.0013608795
10980,0.029112697
10981,0.9973109
10992,0.0011507674
10993,0.00010093148
10996,8.38368e-05
10998,0.0018460223
11001,0.000812518
11010,0.9985384
11014,0.9990508
11023,0.0016638791
11030,0.0020882743
11034,4.9930386e-05
11036,0.00064164505
11037,0.0019464431
11044,0.9979463
11048,0.030752793
11050,0.001156202
11051,0.0005490656
11052,0.99994767
11056,0.0011507674
11065,0.9989492
11066,0.9959741
11067,0.0016255907
11076,0.017099617
11077,0.0019405227
11079,0.00047027404
11085,0.0018460223
11088,0.00094338733
11098,0.00012885529
11099,0.0019705335
11103,0.0003063751
11105,9.0223846e-05
11111,0.00011840991
11114,0.99794656
11116,0.0018106014
11122,7.281267e-05
11132,0.99853456
11135,0.9990854
11137,0.0018622652
11155,0.00029517768
11159,0.0018548744
11161,0.0001762255
11167,0.0011650216
11171,0.00016107898
11172,0.00011554402
11176,0.9785421
11178,0.9977719
11180,0.0012032727
11183,0.9774303
11187,0.0003063751
11190,0.0018710482
11191,0.0007668531
11197,0.0017425838
11198,0.0009938901
11199,7.853609e-05
11200,0.99495393
11206,0.9990508
11217,0.0040148743
11224,0.0018460223
11238,0.981264
11243,0.00018038557
11258,0.00011460221
11261,0.0020268683
11266,0.001871148
11273,0.0013464328
11274,0.0030407147
11279,0.0012188003
11281,0.0018374231
11298,0.00038027662
11301,0.0018688721
11303,0.0022038817
11304,0.0018630321
11305,7.0918904e-05
11312,0.9976162
11313,9.55812e-05
11316,0.028569052
11319,2.9033976e-05
11324,0.028569052
11325,0.0012020041
11327,0.047292978
11328,0.0018374231
11329,0.0022260405
11339,2.8520959e-05
11341,0.00019161613
11350,0.99773526
11352,0.0030407147
11356,0.0005522362
11358,0.99897194
11359,5.938236e-05
11372,0.00014744878
11380,0.99652183
11388,6.8198846e-05
11392,0.0010448153
11395,0.0019464431
11397,0.9473109
11399,0.00026101407
11404,0.99478287
11405,0.5080882
11406,0.0022355288
11409,0.99199766
11412,0.002323724
11413,0.9780713
11422,0.9933837
11426,0.99266386
11427,0.9447956
11429,0.9979049
11431,0.00041179764
11433,0.9990508
11437,0.00042534823
11444,0.002276503
11448,0.00016273314
11450,0.99417335
11452,0.0018821359
11454,0.9989492
11459,0.031181598
11462,0.028825186
11464,0.00016273314
11466,0.0010448153
11469,0.00012410163
11475,0.99266386
11483,0.0019705335
11487,0.99624443
11489,0.00083419785
11490,0.9881891
11495,0.0005040065
11497,0.001984517
11499,4.9930386e-05
11500,3.0980133e-05
11503,0.99713266
11505,7.0918904e-05
11506,0.9447956
11508,0.0022038817
11511,0.0009849904
11512,3.2813918e-05
11516,0.0009530667
11517,0.0024734782
11520,0.99789536
11525,0.0009530667
11536,0.00017540238
11543,2.9160008e-05
11547,0.0010066556
11549,0.00013185124
11554,0.00018038557
11559,0.0009798132
11560,0.0019266944
11564,0.0012020001
11580,0.0021638842
11583,0.0030407147
11584,0.07942172
11588,6.750554e-05
11591,0.00011832368
11597,0.000301222
11598,0.0022737668
11603,0.0018723595
11609,0.0019464431
11621,0.0009648743
11622,8.871539e-05
11623,0.9990854
11626,0.97743386
11634,0.0019464431
11637,0.001215572
11650,0.0001205857
11652,0.0021425823
11653,2.7109423e-05
11654,0.9995939
11665,0.99741036
11667,0.00020756046
11669,7.188096e-05
11671,0.0005257983
11677,9.442452e-05
11680,0.99050224
11681,0.9983828
11684,0.0018460223
11685,4.9930386e-05
11693,0.0035942977
11694,0.0022355288
11695,0.9972861
11699,0.96614575
11701,0.00017289471
11702,2.936733e-05
11704,0.9999387
11705,0.00094640144
11706,0.0019705335
11717,0.00029068472
11719,0.9990854
11722,0.96085775
11723,0.0021806217
11724,0.0023570883
11732,0.0009648743
11739,0.0011390825
11744,0.00067300576
11746,0.0023530729
11749,0.99478287
11751,4.9930386e-05
11757,0.99684685
11769,0.0016688243
11775,0.0018374231
11778,0.00010368164
11781,9.60153e-05
11782,0.0002702848
11786,0.99980825
11789,0.0023570883
11790,9.646343e-05
11796,0.0019266944
11798,0.0018460223
11799,0.9991333
11802,0.005066924
11805,5.9483984e-05
11806,0.0025089872
11809,0.99777967
11814,0.000116318406
11818,0.0044635376
11821,0.001363204
11828,0.9930848
11829,0.9967668
11833,0.0009530667
11838,0.9966539
11841,0.010051382
11844,0.00097347057
11864,0.0024074032
11876,0.0008434034
11879,0.00016273314
11884,0.9989384
11885,0.0012020001
11889,0.00017289471
11895,0.000743829
11904,0.000812518
11915,0.0004752666
11921,0.03447786
11928,0.9972861
11929,0.0030407147
11933,0.0009530667
11939,0.0012267798
11951,5.9483984e-05
11952,0.002276503
11969,0.00042557353
11972,0.0012130828
11976,0.0019307808
11977,0.0009347635
11980,0.006271347
11983,0.0003466004
11994,0.029402528
12000,0.0013547777
12001,0.98806924
12002,0.0008520578
12005,0.0001762255
12009,0.00016131367
12018,0.0018374231
12022,0.0001762255
12031,0.99894685
12038,0.0018240467
12047,0.99795216
12050,0.00017689046
12051,0.0034000375
12058,7.437288e-05
12060,0.0009530667
12064,6.8198846e-05
12065,0.0008520578
12066,0.00097347057
12067,0.0019464431
12072,0.001363204
12075,0.0019705335
12080,7.437288e-05
12093,0.0013858316
12094,0.99994767
12095,0.0021446988
12102,0.9926311
12110,0.0023530729
12112,0.0019266944
12115,0.9447064
12122,0.99666554
12134,6.503158e-05
12135,8.8452005e-05
12140,0.9964897
12143,0.9990508
12160,0.0012833696
12162,0.00035089708
12163,0.027964393
12164,0.00023621554
12171,0.0019464431
12173,0.0002877303
12174,0.009676867
12175,7.833451e-05
12178,0.0003063751
12182,0.9989384
12183,0.0019557758
12195,0.0009938901
12196,0.99720216
12198,0.0022068124
12199,0.9999447
12205,0.0009530667
12208,7.201647e-05
12211,0.028286831
12212,0.00015967393
12215,0.00041179764
12216,0.00061111286
12220,0.99777967
12221,0.00017289471
12222,0.99850947
12231,6.750554e-05
12232,0.0011649333
12233,0.94615614
12235,8.38368e-05
12241,0.000812518
12246,0.0021503526
12248,0.9959741
12252,0.9984666
12253,9.053713e-05
12265,0.0014087296
12278,0.0008520578
12281,0.0011717605
12284,0.0009849904
12290,0.9779443
12291,0.0019464431
12292,0.993002
12294,0.00097347057
12297,0.028569052
12300,0.03007752
12301,0.00015826485
12306,0.99612963
12308,0.0062934975
12312,0.0048272656
12317,0.0008484623
12320,0.028569052
12327,0.0012617662
12331,0.96085775
12333,5.0549563e-05
12339,5.9483984e-05
12344,3.0384706e-05
12351,0.028569052
12356,7.405858e-05
12360,0.029112697
12362,0.9999447
12367,0.00021675474
12368,0.03007752
12370,0.004877583
12374,0.9990508
12380,0.9966539
12384,0.99773526
12390,0.0007769613
12392,4.9930386e-05
12393,0.0009849904
12396,0.99995184
12398,0.0022561196
12407,7.187548e-05
12408,0.0009530667
12413,0.0011849666
12414,0.9999447
12416,0.982346
12417,0.0018460223
12422,3.6134556e-05
12425,0.0018460223
12426,0.000812518
12428,0.0062168865
12434,0.0011507674
12436,0.019947466
12439,0.00053716626
12443,0.99578756
12445,0.0021807575
12452,0.99897194
12456,0.96614575
12457,5.0549563e-05
12466,0.99897194
12467,0.9977719
12480,0.0003466004
12484,0.001893806
12486,0.0018272905
12496,0.0009938901
12498,0.0011390825
12504,0.00017689046
12506,0.99667126
12511,0.0018460223
12513,0.97507024
12520,0.9990508
12524,0.00042459648
12526,0.0010200172
12531,0.00034307817
12532,0.0011724477
12533,0.028569052
12534,2.9160008e-05
12535,0.0018723595
12537,0.0022488507
12540,0.030752793
12542,0.99674195
12548,0.9447956
12557,0.028569052
12570,3.70995e-05
12572,0.9999447
12573,0.9850439
12575,0.009589202
12576,0.0008520578
12577,0.9978544
12579,0.0011849666
12582,0.96614575
12597,0.00013185124
12598,0.0003496547
12606,0.0023570883
12611,0.0018688721
12625,0.0020882743
12629,0.0008306555
12631,4.9930386e-05
12637,0.0019464431
12639,0.0010609066
12641,0.01652899
12644,0.010181991
12645,0.0013376724
12649,0.00029068472
12652,0.0012617662
12653,0.00080912345
12664,0.028569052
12665,0.99523443
12672,0.9940672
12679,0.0012157856
12686,0.0018688721
12692,0.028286831
12698,0.000743829
12699,0.004102321
12700,0.0016688243
12702,0.028569052
12703,0.0050471667
12704,0.0010448153
12707,0.0019464431
12716,0.00063017075
12718,4.305583e-05
12720,0.00089802407
12722,0.029804647
12723,0.00016131367
12725,0.045988515
12727,0.9942346
12730,0.0009955098
12731,0.0017939985
12738,0.0012453356
12741,0.0005433974
12746,0.9889908
12750,7.355051e-05
12758,0.0023899942
12761,0.0022766753
12764,4.362453e-05
12767,0.003068699
12773,0.028569052
12776,0.9932261
12779,0.0022038817
12788,0.0008484623
12796,0.000812518
12802,0.0035557125
12810,0.00020678474
12813,0.9972861
12817,0.9990508
12828,0.0019464431
12829,0.99706644
12843,0.0009530667
12844,0.0026378804
12845,0.0019464431
12849,0.00022691935
12851,0.0011390825
12854,0.99050224
12861,0.00029068472
12862,0.0003466004
12864,0.00020750269
12869,7.437288e-05
12872,0.9948537
12880,0.029112697
12882,0.0019617558
12883,0.00035089708
12889,0.0019464431
12894,0.00096480123
12897,0.9604716
12907,0.00035087048
12909,0.9936546
12913,0.0027812277
12914,7.437288e-05
12916,0.0011507674
12923,0.030750528
12925,0.00016280252
12933,0.0012442376
12939,6.0033046e-05
12940,0.000119287186
12954,0.00034307817
12955,0.0012453356
12959,0.99990606
12969,0.0019557758
12975,0.0019464431
12981,0.9918745
12985,0.0023570883
12986,0.99779874
12989,0.001071376
12992,0.002821142
13003,0.001622122
13010,6.8198846e-05
13012,0.0008652209
13016,0.953468
13021,0.0011760852
13022,0.0015698606
13023,0.0009648743
13026,7.437288e-05
13029,0.028286831
13031,0.0003063751
13037,0.00029068472
13044,0.00045978953
13047,0.0008434034
13053,0.028569052
13059,0.00047631358
13061,0.99195415
13066,0.0016688243
13067,0.00015033787
13084,0.0027611232
13085,0.0018460223
13089,0.002517168
13093,0.0018688721
13099,0.0021066563
13100,0.006038415
13105,0.03413932
13106,0.0019266944
13107,0.00029068472
13111,0.029627722
13117,0.0019720278
13118,0.000812518
13120,0.0019464431
13123,0.99894685
13127,0.99794656
13146,4.3840268e-05
13150,0.0006618261
13153,0.00019732722
13154,0.9990854
13157,3.4326185e-05
13158,9.6650336e-05
13164,0.9972583
13169,0.00016131367
13170,0.0018460223
13174,8.8452005e-05
13178,0.9989384
13182,0.99894685
13183,8.8452005e-05
13187,0.0019464431
13190,0.080443755
13192,0.006098111
13197,0.99746096
13202,0.00022779449
13204,0.000269371
13207,0.00026101407
13208,0.9998989
13209,0.0019705335
13210,0.00094338733
13218,8.6042644e-05
13228,0.0019705335
13229,0.0008434034
13233,0.00016107898
13235,0.0012568174
13236,0.0022355288
13241,0.0019643763
13245,0.00018459703
13248,0.00029068472
13255,0.0016638791
13271,0.031893097
13272,0.00043888946
13274,0.0019090989
13281,0.00094338733
13288,0.0018460223
13291,0.0009955098
13299,0.9604716
13302,0.0017966323
13303,0.0010448153
13305,0.0022928265
13307,0.028035287
13309,4.3840268e-05
13311,0.0022317201
13320,0.0022766753
13332,0.00013796409
13333,0.9989384
13338,0.0024074032
13339,0.00029068472
13340,0.0012617662
13346,0.0019266944
13348,0.9940672
13357,0.0009955098
13362,0.9990508
13364,0.028825186
13371,0.0044635376
13375,0.9999467
13382,0.99431735
13383,0.028569052
13387,0.00094816857
13391,0.9940672
13396,0.0008520578
13406,0.0019643763
13413,0.9994392
13419,0.0018387816
13423,0.0008520578
13427,0.9963973
13431,0.00011772865
13444,6.8198846e-05
13450,0.0018460223
13451,0.9967257
13456,0.99993813
13458,8.199271e-05
13460,0.9933155
13464,0.028569052
13465,0.00011989798
13467,0.9779074
13468,9.0223846e-05
13471,0.99739033
13479,0.0007641416
13481,0.028286831
13483,0.0018723595
13488,0.0005522362
13494,0.9604716
13499,0.9922476
13500,0.00016273314
13504,0.0018460223
13515,0.0003466004
13517,0.0018460223
13523,0.0022355288
13526,0.032048307
13528,0.9998441
13531,0.9990508
13532,0.00029068472
13535,0.00029068472
13542,0.0019281546
13561,0.00070278265
13563,0.0022737668
13568,0.00016273314
13574,0.00019095313
13575,0.0021752012
13576,0.0010452922
13584,0.0016688243
13587,0.0006961978
13592,0.9937629
13600,0.0003466004
13603,0.9984169
13604,0.9447956
13606,0.00020750269
13607,0.00035089708
13612,0.00014462817
13615,0.0019907628
13622,0.0005366663
13624,0.98068136
13625,0.0008520578
13628,0.0010312909
13633,4.3840268e-05
13641,0.0006771116
13649,0.0012627406
13657,0.9980679
13661,0.00094338733
13666,0.00029402107
13667,0.0013865418
13668,0.0009530667
13672,0.0001762255
13675,0.06517285
13684,0.002723121
13686,0.0024250746
13690,0.0003063751
13695,0.0003063751
13698,0.0030407147
13699,0.028825186
13704,0.005646113
13712,0.9962929
13714,0.0019464431
13715,0.99754876
13718,0.97418106
13721,7.8388315e-05
13725,0.0016688243
13729,0.004488758
13738,0.00029068472
13740,0.0019464431
13751,0.9959602
13756,0.0023488633
13762,0.0011507674
13769,0.98356795
13777,0.03007752
13778,0.0021428831
13780,0.0025320903
13788,0.9990854
13789,0.0009618565
13790,6.882835e-05
13791,3.355328e-05
13798,0.0022561196
13802,0.00016334723
13805,8.199271e-05
13819,0.0003960344
13821,0.028569052
13827,0.00018463662
13830,0.00016997334
13831,0.0008520578
13833,9.236783e-05
13839,0.00093061046
13840,0.0018460223
13846,0.0019720278
13854,0.0013415114
13857,0.0018272905
13859,0.0062934975
13860,0.0017374204
13862,0.029208258
13863,0.0012878561
13866,0.0008520578
13870,0.99994206
13877,0.002821142
13881,0.0013072535
13883,0.99994767
13886,0.00094338733
13888,0.00097347057
13895,4.1060503e-05
13902,5.0549563e-05
13903,0.9447956
13906,0.0009955098
13907,0.9978904
13908,0.028569052
13909,0.00027868382
13913,0.032849457
13919,0.03007752
13926,0.0019307808
13927,0.9973381
13929,0.000886398
13930,2.8662009e-05
13934,0.035593975
13939,0.0015910979
13942,0.9990854
13944,0.9999447
13956,0.0019845427
13959,0.0022037148
13969,0.0025089872
13973,0.99785787
13975,0.94615614
13977,0.00016423508
13979,0.0019464431
13980,0.0022038817
13981,0.0009938901
13987,0.0019657603
13988,0.0006543146
13991,0.99612963
14001,0.0018622652
14002,0.9990854
14009,0.9970727
14011,0.9977608
14021,0.0016638791
14025,0.002138839
14026,0.0011336332
14029,0.0008484623
14033,4.9930386e-05
14035,0.0005380846
14037,0.0018460223
14040,0.0100123845
14055,0.0008306555
14064,0.0012020001
14068,0.00019324174
14070,0.00020170376
14075,5.147691e-05
14077,0.00017785195
14079,0.99744034
14081,9.079971e-05
14084,0.000812518
14087,0.9990508
14089,0.053910874
14090,0.0013482838
14096,0.0016638791
14100,0.0022260405
14106,0.9924251
14107,0.0021425823
14111,0.0018688721
14114,0.0018460223
14115,0.0009530667
14119,0.976551
14122,0.0012617662
14124,0.0018460223
14125,0.996837
14127,0.99897194
14131,0.0018272905
14133,0.0009530667
14134,0.00030941732
14137,0.00010074157
14143,0.0014871894
14145,0.0022038817
14150,4.9499384e-05
14152,0.00017844682
14153,0.9999447
14154,0.0009834582
14158,0.00029068472
14159,0.0022488507
14171,0.0018723595
14173,0.99622786
14174,0.993576
14181,0.9889908
14186,0.9963683
14187,0.9750508
14196,0.0005071261
14197,0.9827026
14199,0.0018622652
14200,0.029112697
14202,0.00016268723
14207,0.99741083
14208,0.99897194
14210,8.069e-05
14212,0.0019705335
14213,0.028569052
14220,0.0011507674
14221,0.0011507674
14223,0.0019643763
14224,0.0009530667
14236,0.002191569
14241,0.0003497989
14242,0.00016273314
14244,0.9940731
14245,0.99378526
14247,7.201647e-05
14268,0.98171586
14272,0.0006374084
14276,0.9937629
14278,9.442452e-05
14280,7.437288e-05
14282,7.437288e-05
14283,3.595674e-05
14284,0.0012438869
14285,0.9980679
14286,0.0010495341
14288,0.0010294341
14289,0.0018630321
14295,4.3986918e-05
14296,0.0022038817
14297,3.1049225e-05
14301,0.0018374231
14302,0.029112697
14305,0.00016273314
14306,0.00030240664
14307,0.0018548744
14309,0.028286831
14312,0.0009530667
14324,5.306678e-05
14325,0.99990606
14326,0.9718137
14329,0.0003466004
14333,0.9881891
14335,0.0017634856
14340,5.3335007e-05
14341,0.0019266944
14346,0.00010368164
14347,0.028569052
14348,0.9990508
14358,0.9962929
14359,0.9881891
14361,0.0008306555
14362,0.0002877303
14363,0.9989384
14364,0.028702386
14368,0.00029517768
14373,0.0003399401
14374,0.028569052
14378,0.00010786632
14379,0.028569052
14380,0.99674004
14381,0.0018272905
14383,0.00029068472
14387,0.0054852804
14389,7.201647e-05
14392,7.2503164e-05
14395,0.0023570883
14398,0.028825186
14401,0.0025518907
14406,0.00016131367
14412,4.9930386e-05
14413,0.00067300576
14415,0.0019464431
14416,0.9961528
14425,0.03444232
14428,0.00084677385
14431,0.0021071536
14435,0.009589202
14436,0.0025089872
14442,0.0019266944
14443,0.0009530667
14445,0.99993813
14448,0.99270004
14451,0.028569052
14453,7.886518e-05
14454,0.0016255907
14455,0.9937629
14459,0.99478287
14461,0.9989384
14462,0.9979231
14464,0.99850947
14467,4.2906835e-05
14470,7.355051e-05
14481,3.3854216e-05
14485,7.201647e-05
14488,0.0022766753
14489,0.0019657603
14494,0.0012453356
14496,0.00019820877
14502,7.405858e-05
14504,0.00022100151
14505,0.9447956
14507,0.0019464431
14513,0.99897194
14517,0.9999447
14522,0.99993813
14523,0.0019464431
14525,0.002033034
14539,0.0009938901
14545,0.0016931421
14549,0.00031564359
14551,0.9972861
14563,2.9033976e-05
14566,5.0549563e-05
14568,0.0019657603
14569,0.00043603563
14571,0.028569052
14578,0.0009648743
14581,4.7736106e-05
14584,0.002326961
14592,0.00089802407
14593,0.0003497989
14596,0.0003466004
14603,0.99007446
14605,0.04447294
14611,0.00085755123
14612,7.405858e-05
14614,0.00017844682
14622,0.06815258
14625,0.0023787958
14627,0.0018460223
14629,0.99785787
14634,0.99897194
14640,0.99606234
14644,0.00017717794
14647,0.033191457
14655,0.9473071
14661,0.00063017075
14662,0.00038027662
14667,0.9977608
14671,0.00016273314
14673,0.0001762255
14674,0.0006849383
14675,0.00021420387
14677,5.9483984e-05
14680,3.2245243e-05
14689,9.55812e-05
14690,0.98952544
14691,0.94615227
14693,0.9989384
14694,0.0018460223
14698,0.0013415114
14708,7.201647e-05
14709,0.9447064
14710,0.012898222
14715,0.99507254
14716,2.9033976e-05
14719,0.0011650216
14720,0.0009530667
14722,0.0019464431
14726,0.0001228824
14735,7.3616815e-05
14736,0.0001872294
14739,0.0022260405
14743,0.0031663657
14755,0.00019669437
14759,0.000812518
14763,0.00027366765
14765,0.99894685
14772,0.028569052
14775,0.0024378062
14778,7.355051e-05
14784,0.0004683089
14798,9.442452e-05
14821,0.99894685
14824,3.6134556e-05
14827,0.02670451
14831,0.99266386
14832,0.0018688721
14839,0.0020328804
14841,0.0011507674
14842,0.00015247961
14851,0.00054195477
14862,0.0062168865
14863,7.8388315e-05
14864,0.99215806
14865,8.069e-05
14866,0.028286831
14875,7.752391e-05
14879,0.00022691935
14881,0.0012032298
14894,0.0022667418
14895,0.99994767
14898,0.9984666
14899,0.9977608
14900,3.9785413e-05
14903,0.0012275956
14905,0.0009849904
14906,0.00011805319
14919,8.4595136e-05
14923,0.0018460223
14925,0.028569052
14926,0.0019838712
14928,0.0018272905
14929,0.0012020001
14932,0.0018123896
14933,0.00015826485
14939,0.0009530667
14946,0.0019464431
14947,0.03007752
14948,0.0010321607
14949,9.428308e-05
14955,0.00016334723
14958,0.0009834582
14962,5.864012e-05
14963,0.9977608
14969,0.0018688721
14978,0.0018688721
14989,0.0009530667
14991,0.0008374773
14997,0.00019324174
15007,0.0018460223
15009,0.0018340487
15018,0.046880666
15020,0.07399557
15024,5.9483984e-05
15030,0.99777967
15032,0.0009648743
15036,0.028569052
15037,7.8388315e-05
15038,0.9977608
15039,0.99897194
15042,0.0022601064
15044,9.236783e-05
15047,0.0008484623
15054,0.0050221556
15059,0.0018123896
15062,0.029402528
15069,0.0030203164
15070,0.00029068472
15075,0.99748397
15081,0.00035089708
15082,0.00035339125
15083,0.0005894902
15089,0.0012913918
15090,0.0009530667
15095,0.9651828
15100,0.0001699863
15102,0.0026718853
15112,0.0030407147
15113,0.0009530667
15120,0.0001744342
15124,0.99178725
15127,0.9989492
15128,0.00023621554
15130,0.0018460223
15134,0.0018688721
15136,0.0003063751
15144,0.00019324174
15147,0.0007641416
15148,0.9960777
15153,0.035467323
15156,0.00012033677
15159,0.028569052
15161,0.0011554506
15164,0.9990508
15165,5.017027e-05
15168,0.00029068472
15174,0.9990854
15175,0.0011650216
15176,0.0021825004
15183,0.001215572
15184,0.00020416304
15185,0.9990508
15186,0.99830085
15187,0.0015652009
15190,7.8388315e-05
15191,0.9630736
15195,0.992322
15197,0.00050925114
15202,4.305583e-05
15204,0.0019705335
15206,0.9990854
15209,0.9990508
15215,0.9992254
15220,0.0009834582
15229,0.00094652176
15230,0.0011051033
15232,0.0018723595
15233,0.0016638791
15240,0.9889908
15242,0.00017289471
15243,0.99610955
15245,0.002441966
15247,0.004877583
15248,0.9990508
15250,0.9959741
15252,0.00010358707
15263,0.0022488507
15266,0.0018460223
15268,0.0001872294
15270,0.99980825
15271,0.9989492
15272,7.505936e-05
15274,0.0005257983
15275,0.990417
15276,0.9980679
15281,0.00035089708
15283,0.00025313272
15284,0.0018460223
15287,0.034433544
15295,0.99789536
15301,0.0013640845
15302,0.0022488507
15304,0.0017939985
15305,0.99967515
15307,0.998871
15308,0.002323724
15309,0.028286831
15311,0.0020480948
15312,0.00063017075
15315,0.0003063751
15326,0.9881891
15332,0.0001744342
15336,0.980072
15341,0.0018374231
15345,0.0005244101
15361,0.0005380846
15364,0.99606234
15370,0.00023756981
15376,0.00017289471
15399,0.0022488507
15404,0.0045832917
15409,0.0011849666
15411,0.001945816
15414,0.0022260405
15415,0.032048307
15416,0.0022295031
15417,0.0018630321
15423,0.00025645472
15425,1.8143897e-05
15429,0.0018460223
15433,0.0009530667
15436,0.00014896301
15442,0.00041179764
15445,3.3495955e-05
15448,0.00020750269
15450,7.437288e-05
15452,0.999897
15456,0.0023235483
15458,0.0023974003
15459,0.046880666
15463,0.0009938901
15468,0.99965656
15469,0.9447956
15472,0.000812518
15476,0.0020293987
15483,0.00088247476
15486,0.0011650216
15487,0.94615614
15495,0.00089802407
15500,0.028569052
15502,0.9904137
15504,0.0009648743
15507,0.0009648743
15510,0.0019464431
15515,0.009589202
15530,0.9990508
15533,5.9483984e-05
15538,0.99942434
15539,0.0018272905
15541,0.9981949
15543,0.0018460223
15546,0.99744666
15547,0.9989492
15549,0.96085775
15555,0.9990854
15556,0.99994767
15566,0.9604716
15571,0.000812518
15573,0.0005894902
15582,0.97508407
15591,0.9447956
15592,0.002323724
15596,0.028569052
15597,0.027124632
15601,0.0075216894
15608,0.0012020001
15609,0.0019266944
15610,0.9975803
15611,0.0018206866
15612,0.99713266
15618,0.0018331619
15619,0.9973865
15622,0.0011507674
15623,0.028286831
15629,2.930198e-05
15631,0.0005071232
15634,0.99799216
15638,0.0009614601
15644,0.00017785195
15645,0.03007752
15648,0.0022355288
15651,0.0009347635
15653,0.00021420387
15657,0.00010192838
15659,0.0009618565
15661,0.9973109
15665,0.0018688721
15667,4.1060503e-05
15668,0.0012020041
15669,0.028569052
15670,0.028569052
15671,0.9984666
15688,0.031893097
15689,5.0549563e-05
15690,6.8198846e-05
15694,0.0012020041
15695,0.9968004
15696,0.99850214
15709,0.0019643763
15711,0.000812518
15712,0.0012020001
15713,3.083003e-05
15715,0.0016630595
15720,0.00029068472
15721,0.99301827
15744,0.0005380846
15747,0.0018374231
15751,0.00040902785
15757,0.0018460223
15758,0.99766064
15764,0.0008484623
15769,4.6039106e-05
15783,0.9447956
15786,0.0019705335
15788,0.9981706
15794,0.0021017774
15795,0.028569052
15796,0.028569052
15797,0.9473109
15800,0.0010434934
15809,0.9985183
15813,3.6056594e-05
15819,5.9678354e-05
15827,0.0012020001
15828,0.0008520578
15829,2.393419e-05
15835,0.0010321607
15839,0.0010321607
15841,0.0001744342
15842,0.9983681
15843,0.9991334
15852,0.9999423
15881,9.117115e-05
15886,7.2503164e-05
15891,0.0022317201
15894,0.0009618565
15904,0.0001762255
15912,0.00012703141
15918,0.00023621554
15919,0.9951224
15934,0.0019066228
15935,0.0018272905
15937,0.9861937
15938,0.0027172135
15947,9.053713e-05
15950,0.0011392002
15955,0.0005257983
15959,0.9959741
15964,0.9881891
15965,0.0019405227
15966,0.00043888946
15968,0.99897194
15969,0.0005177436
15971,0.9473109
15975,0.0024658358
15978,0.0012453356
15980,0.0018460223
15981,7.886518e-05
15982,0.9974832
15988,0.0018310769
15993,9.442452e-05
15994,0.0012887303
15996,0.0012833696
15998,0.0003466004
15999,0.042478137
16000,0.9889908
16001,0.9447956
16004,0.0008520578
16009,0.0019464431
16014,0.0018460223
16017,6.8198846e-05
16018,0.00084333075
16025,0.99758947
16027,0.9473109
16028,0.99478287
16029,0.0012617662
16032,0.0007972373
16037,5.864012e-05
16039,0.0016688243
16044,0.0008274028
16046,0.001622122
16058,0.0034000375
16059,0.0006706786
16061,0.9968208
16064,0.0019464431
16065,0.00040902785
16077,0.00018150565
16080,0.00094338733
16086,7.3616815e-05
16092,0.0009955098
16100,0.0019464431
16110,0.008444845
16111,0.028569052
16112,7.0918904e-05
16114,0.0012020001
16119,9.442452e-05
16127,0.00036204534
16129,0.9989384
16137,0.0009530667
16138,7.0918904e-05
16143,3.2567696e-05
16144,0.99830085
16148,0.0019643763
16153,0.9972583
16155,0.018662699
16163,0.9473109
16170,0.00070278265
16191,8.871539e-05
16200,0.9990854
16202,0.0018460223
16205,0.028569052
16208,0.0010448153
16211,0.00041179764
16212,0.9970727
16214,0.00010368164
16216,0.00016107898
16221,0.0012020001
16224,0.9977608
16225,0.9999386
16229,0.9970777
16232,0.981264
16238,0.976551
16243,0.99606234
16253,4.9930386e-05
16259,0.98859763
16260,0.0023530729
16262,0.0018460223
16267,0.9447956
16272,0.00048198452
16275,0.0018688721
16278,0.9990508
16292,0.0005430492
16294,0.0024658358
16296,5.9483984e-05
16298,3.069678e-05
16299,0.0009834582
16300,0.9970777
16302,0.0022355288
16304,0.0019838712
16305,0.00017844682
16307,0.9947147
16308,0.0016688243
16309,0.02670451
16315,4.9930386e-05
16316,0.0021540227
16321,0.000743829
16323,4.9930386e-05
16327,0.00029068472
16330,0.0020115739
16331,0.0009530667
16333,0.0023787958
16339,0.0018460223
16348,7.826515e-05
16351,0.99753976
16354,0.00017138662
16357,0.028569052
16363,0.99854314
16377,0.0012032727
16381,0.0019550975
16384,0.0009648743
16387,0.0009308521
16400,7.201647e-05
16402,0.9615813
16404,0.0011507674
16405,0.0009648743
16408,0.9948598
16410,2.8662009e-05
16420,0.00080795004
16425,0.030075306
16430,0.0011507674
16435,0.00089802407
16441,0.9966539
16447,0.027124632
16449,0.0018460223
16454,0.0023899942
16457,0.0018460223
16458,0.0017374204
16460,0.00018009375
16465,0.9989384
16468,0.00019161613
16469,0.00018012623
16475,0.0008520578
16478,0.00018150565
16480,0.99779874
16481,0.0018710482
16482,0.00027826353
16489,0.00011739202
16496,0.0009810938
16498,0.0018460223
16502,0.0019364496
16504,0.046880666
16510,0.0011390825
16523,0.028569052
16527,0.0003960344
16529,0.99897194
16533,0.9807098
16534,7.826515e-05
16540,0.0018460223
16552,0.0016688243
16558,0.0022766753
16559,4.3840268e-05
16566,0.0002877303
16568,0.0009530667
16570,0.028569052
16571,0.9989384
16572,0.02670451
16575,7.437288e-05
16581,0.00017289471
16591,0.00017540238
16598,0.0013608795
16600,8.625649e-05
16606,0.99667126
16608,0.00026468918
16614,0.99779874
16615,0.001173417
16619,0.00028915424
16640,0.0021355678
16644,0.0009849904
16646,0.0021730205
16647,0.0009530667
16648,0.99777967
16650,0.0022037148
16651,0.028569052
16653,0.0016688243
16658,0.0012442376
16666,0.00029068472
16667,0.0012832724
16668,0.00021300185
16672,0.0022355288
16675,0.99996245
16679,0.00019653913
16683,0.0019643763
16686,0.0052782884
16688,0.9447956
16690,0.018662699
16696,0.00019161613
16705,0.00977531
16708,0.00014896301
16709,7.437288e-05
16713,0.0019464431
16718,0.941931
16723,4.9930386e-05
16730,0.028825186
16735,0.9732693
16737,0.028569052
16749,0.010181991
16754,0.9999447
16755,0.00067300576
16760,0.00029068472
16765,0.00019994464
16770,0.0022667418
16786,0.9990595
16790,0.0019464431
16793,0.0009576411
16794,0.9447956
16801,0.028569052
16810,4.9930386e-05
16811,0.0006961978
16814,0.00064164505
16815,0.9987374
16816,0.99868065
16825,0.0009530667
16832,0.0018630321
16835,5.0549563e-05
16837,0.9990854
16839,0.0008520578
16840,0.00016701627
16843,0.0022646894
16853,0.99854314
16857,0.0003466004
16861,0.0019464431
16863,0.9951224
16876,0.07929684
16878,0.9447956
16885,6.791063e-05
16887,0.0009717284
16890,0.982346
16895,0.002096654
16898,0.0019705335
16905,0.032048307
16910,0.0009976084
16912,0.9978544
16920,0.0010027144
16927,0.0012617662
16931,0.0016638791
16932,0.030752793
16933,0.0006706786
16941,0.001215572
16944,0.0042824033
16947,0.99674195
16948,0.0009834582
16951,0.027124632
16957,0.0018460223
16961,0.99740595
16964,0.0019664257
16966,4.2542626e-05
16971,0.9979049
16972,0.0011431512
16975,0.99742585
16977,0.0003233141
16978,0.0005490656
16995,0.0018460223
16996,0.0022667418
16999,0.0021339324
17005,0.002769676
17006,0.0009530667
17007,0.0012020001
17026,4.962752e-05
17037,0.0053191716
17038,0.9937629
17039,0.0018688721
17042,0.00015247961
17045,0.9989384
17046,0.00089802407
17047,0.99478287
17050,0.0002877303
17054,6.075676e-05
17063,5.9483984e-05
17065,0.99097544
17066,0.99226636
17067,0.0062168865
17073,0.0019617558
17077,0.9900899
17083,0.0018374231
17084,0.0008434034
17087,0.9999447
17093,0.0017392425
17101,0.99540776
17113,0.9951224
17114,9.364869e-05
17119,5.017027e-05
17120,0.00011547374
17121,0.0013865418
17124,0.00011955548
17125,0.9447956
17131,3.5474866e-05
17132,0.00047217635
17133,0.00067300576
17134,2.1086164e-05
17138,0.0018460223
17142,0.0022355288
17148,0.0018272905
17152,0.97535545
17153,0.9990508
17158,0.9941817
17159,0.0012020001
17163,0.9990508
17177,0.99606234
17178,5.5367986e-05
17185,0.0294987
17186,0.99602205
17187,7.3616815e-05
17189,0.0008434034
17190,0.0018206866
17191,8.8452005e-05
17195,7.0918904e-05
17202,0.9989384
17204,0.028569052
17205,0.00016423508
17207,0.0003466004
17214,0.03007752
17215,0.00042837113
17217,0.002323724
17219,0.0001205857
17220,0.99894685
17221,0.0019664257
17223,0.99610955
17224,0.002683472
17227,8.871539e-05
17230,0.0019464431
17232,0.00034307817
17236,0.9990854
17244,0.9984666
17246,0.9980679
17255,0.0019705335
17259,0.9473109
17262,0.0010875516
17269,0.0011137075
17277,3.355328e-05
17279,0.022309784
17285,0.03370791
17289,4.9930386e-05
17293,0.99684685
17295,0.00061719917
17297,3.6009515e-05
17298,0.0022636673
17304,0.99989045
17306,0.030752793
17321,0.0021425823
17323,0.0008374773
17334,0.99990606
17335,0.9723096
17337,6.882835e-05
17343,0.00191862
17344,0.0018202428
17347,0.07942172
17355,0.0012453356
17357,9.053713e-05
17361,9.053713e-05
17365,0.99667126
17368,2.8572465e-05
17374,0.0008434034
17375,0.0010200172
17377,0.98095495
17378,0.0019464431
17381,0.000812518
17387,0.007415765
17389,0.001266658
17391,2.2708098e-05
17402,0.00035089708
17403,0.0014741942
17414,0.0009648743
17415,6.075676e-05
17416,0.0022832789
17418,0.0009530667
17423,0.9990854
17426,0.0019705335
17437,0.028035287
17438,0.0012617662
17442,0.9940672
17444,0.0020048898
17445,0.041623037
17453,7.437288e-05
17454,0.0010200172
17456,0.9974306
17465,0.0013600081
17473,0.0012020041
17476,0.0022488507
17478,0.9883216
17479,0.027124632
17484,0.970858
17485,0.00096480123
17486,0.028569052
17487,0.9977024
17488,0.99789536
17497,0.028325096
17498,0.99397224
17506,0.0011613783
17507,0.0019464431
17519,0.00035089708
17528,9.236783e-05
17530,0.0021738643
17536,5.864012e-05
17541,0.0019657603
17542,0.00083419785
17546,0.00020750269
17562,0.9999467
17564,0.0012020001
17568,0.00014896301
17570,0.0021071536
17571,0.997612
17575,0.99431735
17578,4.362453e-05
17579,6.898184e-05
17582,0.9999447
17592,0.001363204
17593,0.9967528
17601,0.000531401
17604,0.0009834582
17613,0.0003466004
17614,0.971289
17619,0.9990854
17622,7.437288e-05
17624,0.0018688721
17626,0.0011650216
17634,0.001876323
17649,0.9960777
17655,0.00094338733
17665,0.0018622652
17673,0.0020293987
17678,0.99652183
17680,0.0012913918
17683,0.00067300576
17690,0.0009308521
17691,0.99886036
17693,2.9033976e-05
17694,0.0018460223
17695,0.0001762255
17697,0.0018460223
17700,0.0019705335
17709,5.0391267e-05
17712,5.9483984e-05
17716,0.9989384
17720,0.0025685946
17729,0.0012453356
17730,0.0018460223
17736,0.0018460223
17738,0.0019464431
17740,0.97895974
17742,9.0223846e-05
17747,0.00089802407
17749,4.9930386e-05
17750,0.0005456983
17753,0.0007769613
17754,5.0549563e-05
17756,6.8198846e-05
17759,0.03444232
17760,0.0022355288
17761,0.0019266944
17765,6.613049e-05
17774,0.0002383955
17781,0.0007769613
17782,0.0014102376
17787,0.00096480123
17788,0.9972583
17791,0.9966539
17796,4.9670274e-05
17798,0.0019464431
17803,4.9930386e-05
17807,0.00034307817
17809,0.0018272905
17810,0.0018688721
17813,0.00016107898
17817,0.0008520578
17819,0.0022766753
17823,0.00019994464
17825,0.0022667418
17828,0.99766064
17844,2.6976015e-05
17854,0.002033034
17859,0.9977719
17860,0.027526524
17875,0.9968118
17876,0.9884764
17882,0.9990508
17890,0.000812518
17891,0.004175384
17894,0.00019291164
17898,0.0046075573
17904,0.0023530729
17905,0.002441966
17907,0.0044635376
17909,5.5367986e-05
17913,0.99266386
17918,2.9160008e-05
17921,0.030752793
17922,0.028569052
17924,0.0018374231
17925,0.0005522362
17926,0.0008484623
17928,0.00014896301
17936,0.99266386
17938,4.9930386e-05
17939,0.0017425838
17940,9.264287e-05
17945,4.3840268e-05
17954,0.0007001444
17964,0.9966539
17966,0.0062934975
17967,0.0019705335
17970,0.0019464431
17971,0.0018310769
17972,0.99540776
17976,0.0019906124
17977,0.996093
17980,0.9989384
17983,0.9989384
17987,0.0009648743
17988,0.9984666
17991,0.0019664257
17992,0.0006771116
17994,0.00035089708
18002,0.00011299212
18006,0.0011507674
18009,0.00089802407
18014,0.9447956
18019,0.0011507674
18021,0.9977608
18025,0.99247015
18026,0.94348127
18035,0.002723121
18036,0.0005490656
18037,0.00029068472
18039,0.00580396
18046,0.0009530667
18049,0.0018460223
18055,0.9970727
18056,0.0021809423
18064,0.9964838
18069,0.0010200172
18070,0.0016943339
18072,0.00043603563
18073,0.9976955
18077,0.028813642
18082,0.058811296
18083,0.9451267
18084,0.0009530667
18085,0.00038027662
18087,0.9976025
18097,4.362453e-05
18098,0.99326384
18106,0.043464743
18110,0.030752793
18115,0.0023570883
18117,0.0019464745
18118,0.00094338733
18128,0.9941718
18135,7.752391e-05
18139,0.0011431512
18141,0.0021355678
18146,0.0008484623
18147,0.0019090989
18150,0.99622786
18155,0.0003466004
18166,0.0009648743
18169,0.9977719
18170,0.9989384
18191,0.9881891
18193,0.9951224
18195,0.002404703
18198,0.9881891
18204,0.99677926
18207,0.00017994597
18212,0.9967649
18215,5.0549563e-05
18218,0.98398846
18220,0.9977608
18222,5.938236e-05
18224,0.9918119
18241,0.000743829
18242,0.00034826493
18246,0.9990595
18260,0.9951224
18262,0.9802675
18264,0.99674195
18266,0.98175806
18268,0.028569052
18275,0.99443394
18278,9.428308e-05
18282,0.028569052
18290,0.0012130828
18291,0.00011547374
18294,0.99713266
18296,7.8388315e-05
18299,0.0345244
18300,0.0012059244
18304,0.0019664257
18306,0.001865893
18315,6.882835e-05
18320,0.00067300576
18323,0.0001840985
18330,0.9980679
18337,0.97993577
18342,9.053713e-05
18343,0.99331665
18345,0.9998752
18350,0.0018365434
18351,0.0018630321
18364,0.0019464431
18368,0.0018723595
18383,0.0018841891
18385,0.0003466004
18390,2.9160008e-05
18392,0.0019464431
18401,0.0019238521
18404,0.0011848769
18406,2.9160008e-05
18408,0.0009834582
18411,0.029402528
18422,0.0009530667
18428,0.0022737668
18430,0.0007543367
18432,5.054571e-05
18435,0.94615614
18437,0.08073471
18441,0.000812518
18443,0.000511685
18444,0.0019944913
18446,0.0018460223
18451,0.0011650216
18460,0.00047247193
18464,0.998871
18465,0.0020882743
18466,0.00013185124
18469,0.008444845
18470,0.00027366765
18472,0.9999447
18476,0.9819219
18481,0.008444845
18482,0.0012276886
18485,0.9990508
18500,0.9977719
18505,0.0016931421
18508,0.9987105
18511,0.0008484623
18517,0.0010434934
18528,0.0021730205
18531,0.028569052
18532,0.0018374231
18540,0.9986455
18541,0.0030407147
18545,0.0018821359
18550,0.0019464431
18553,0.0009648743
18559,0.0030407147
18560,0.00012088929
18561,0.00016899
18564,0.0006961978
18568,3.355328e-05
18572,0.9940672
18573,7.853609e-05
18574,0.00023621554
18575,0.00045978953
18579,0.0030407147
18583,0.0012671376
18588,0.00405594
18589,0.9815741
18590,0.9958846
18591,0.999966
18594,2.8306948e-05
18595,0.001215572
18597,0.00043813325
18603,0.00010279445
18611,0.0009834582
18613,0.0021071536
18614,0.989893
18615,0.99897194
18626,0.0018688721
18627,6.1525796e-05
18628,0.000743829
18631,0.0010278074
18633,0.994138
18636,0.029804647
18640,0.99725014
18642,0.031123038
18643,0.0009618565
18646,0.0009278817
18648,6.7030785e-05
18650,0.00076524855
18651,0.0009648743
18653,0.99753976
18654,0.9959741
18658,0.9979049
18659,0.00028015836
18661,0.0008520578
18662,0.0011999501
18663,0.99606234
18668,0.0022355288
18680,0.9966539
18681,0.99739707
18684,0.9922476
18696,0.9990508
18699,0.029112697
18706,7.757257e-05
18711,0.0023530729
18716,0.0100123845
18724,0.0007844309
18728,0.0024378062
18734,3.2813918e-05
18738,0.00053716626
18740,0.9526101
18750,0.99606234
18756,0.0022038817
18764,0.9942245
18765,0.0018723595
18766,0.008444845
18767,0.99766064
18771,0.0016688243
18772,0.0011849666
18775,6.676814e-05
18776,0.0018272905
18778,5.0370465e-05
18784,0.0027172135
18786,0.0024378062
18792,0.012027301
18795,0.0009614601
18796,0.9990854
18797,0.0016638791
18802,0.997456
18809,0.9959741
18814,0.0021355678
18820,0.0009717284
18823,0.00047027404
18831,0.00063663855
18833,0.9452729
18836,0.9990595
18847,0.00191862
18848,0.0001525433
18855,0.0018460223
18857,0.0018688721
18861,0.98819834
18867,0.9447956
18872,0.0008434034
18876,0.9790431
18877,0.9978199
18889,0.002323724
18893,8.814593e-05
18895,0.0018460223
18899,0.03301562
18903,0.00094338733
18904,0.0020115739
18909,6.0033046e-05
18912,0.9979049
18914,3.6009515e-05
18918,0.9959602
18920,0.0011507674
18923,0.99620914
18924,0.001363204
18925,0.0003063751
18926,0.0062168865
18927,0.00018648057
18942,0.99606234
18945,0.00016334723
18953,0.0026392243
18958,0.00191862
18962,0.00011299212
18963,0.0011137075
18973,0.028569052
18976,4.1060503e-05
18977,0.0019464431
18983,0.001893806
18990,0.0018123896
18992,0.00017289883
18994,0.058811296
18995,0.030752793
19000,0.9990508
19001,0.008885567
19003,4.9930386e-05
19015,0.00041179764
19016,0.99397224
19017,0.00191862
19018,0.00017289471
19020,0.9981949
19023,0.0018272905
19035,0.00094338733
19041,0.00017844682
19042,0.00029402107
19045,0.002683472
19057,0.9999467
19060,0.029112697
19064,0.0019266944
19067,0.0011390825
19069,0.961726
19070,5.0549563e-05
19072,0.0009530667
19073,0.99794656
19075,0.9951224
19078,0.002276503
19079,0.028569052
19087,0.99994767
19088,0.00011507418
19089,0.001622122
19092,0.9959602
19093,0.002941874
19094,0.9456755
19095,7.983653e-05
19097,0.99478287
19099,0.0012020001
19103,0.9974733
19109,5.9483984e-05
19111,0.9972861
19115,0.0008484623
19117,0.00095593417
19118,0.0012453356
19120,0.0003466004
19122,0.0018460223
19125,0.00018407991
19127,0.0016688243
19132,0.028702386
19146,0.00011772865
19158,7.437288e-05
19159,0.9961747
19169,0.0012020041
19173,0.002138839
19177,0.0053886245
19178,0.99994767
19180,0.0004975435
19184,4.9930386e-05
19185,0.99523443
19188,0.0016166985
19191,0.0009347635
19198,0.0010321607
19200,0.9961075
19202,0.9990854
19208,0.0009849159
19213,0.9962929
19216,0.9990508
19221,0.0009530667
19225,0.00101994
19229,0.0008306555
19230,0.0009576411
19232,0.9990508
19233,0.028569052
19236,0.0009530667
19237,0.000743829
19238,0.9976025
19240,0.0005433974
19243,0.9990508
19246,0.00021898054
19248,0.0018460223
19249,4.9930386e-05
19250,0.0018460223
19252,0.0020612706
19259,4.9930386e-05
19263,0.0019266944
19270,0.029112697
19273,0.0019705335
19274,0.029961543
19281,7.437288e-05
19288,0.000743829
19297,0.99785644
19299,0.00016657477
19305,0.0021540227
19306,0.00041179764
19308,0.0022766753
19310,0.0022317201
19311,0.0315261
19315,0.0023570883
19322,0.9973597
19323,0.99779874
19329,0.99981385
19331,0.0008520578
19332,0.0031663657
19334,0.0012532771
19350,0.0016638791
19353,0.99612963
19360,0.98211104
19363,0.030752793
19364,0.0009530667
19367,0.0040610204
19368,0.0009618565
19370,0.9978363
19371,0.99312687
19374,9.428308e-05
19375,0.99266386
19382,0.0012020001
19383,0.0022766753
19388,0.0009834582
19394,0.0018723595
19399,0.9999467
19412,0.0018460223
19415,0.008444845
19419,0.0030407147
19432,0.00020750269
19434,6.8198846e-05
19435,5.017027e-05
19440,0.00030240664
19444,0.9940672
19450,0.0018688721
19453,0.0021540227
19455,0.0016638791
19464,0.00027826353
19469,0.008885567
19471,0.00029068472
19477,0.0049662166
19478,0.00019324174
19483,0.0005257983
19496,0.9447956
19501,0.030752793
19503,0.9999447
19504,7.405858e-05
19505,0.9989492
19509,0.0005257983
19513,0.99794656
19517,0.0019464431
19519,0.9999447
19524,5.0549563e-05
19535,0.0007563795
19539,0.9990508
19543,0.004513474
19549,0.0009648743
19554,9.0492504e-05
19555,0.0075216894
19561,0.0017200427
19565,0.0018783959
19570,0.009589202
19574,0.0018460223
19585,0.0002842216
19588,0.00062095915
19590,0.001071376
19601,0.94364643
19602,0.9473109
19609,0.99740595
19610,0.00094338733
19612,0.00067300576
19616,0.0011849666
19617,0.0004650998
19618,0.9767537
19619,4.9930386e-05
19623,0.0022355288
19625,0.001059097
19626,0.0040474604
19627,2.8738807e-05
19633,0.0017966323
19638,0.0002845638
19640,8.840841e-05
19641,0.0018374231
19643,0.0019222642
19644,0.00036204534
19653,0.99667126
19665,3.595674e-05
19667,0.9808741
19668,0.99667126
19674,0.9978199
19675,0.0003466004
19678,0.0011999501
19681,0.00041179764
19682,0.9990854
19685,0.00011554402
19687,0.9977531
19688,0.00016107898
19690,0.99994004
19697,0.00043576077
19701,7.0918904e-05
19703,0.9922476
19708,0.00093555334
19713,0.0012032727
19714,0.00019756707
19715,0.0023530729
19716,0.0009618565
19723,0.9972861
19731,0.9961747
19735,5.120474e-05
19749,0.0022260405
19753,0.99777967
19758,0.0023570883
19759,0.0018509483
19760,0.028569052
19780,0.0019266944
19782,0.99779874
19789,0.9978453
19805,0.0006721981
19807,0.0018688721
19810,0.0075216894
19813,3.1521206e-05
19827,0.0009530667
19832,5.1218023e-05
19838,0.99605656
19840,0.0014884595
19844,0.006492221
19847,0.0004606035
19848,0.9972861
19854,0.016241278
19863,0.002135905
19866,0.0023570883
19873,0.0016297642
19880,0.99642795
19887,0.99007446
19897,0.0018460223
19899,0.99876165
19904,0.9999491
19908,7.355051e-05
19910,0.00347828
19914,9.080672e-05
19917,0.99884063
19920,9.295472e-05
19930,0.998681
19931,0.0018374231
19939,0.9809203
19942,0.030752793
19944,0.0018374231
19961,2.9033976e-05
19963,0.9998752
19980,0.006491732
19982,0.0025089872
19985,0.9748505
19990,0.99777967
19995,0.00093555334
19997,0.032586146
20005,0.9979146
20011,0.0050734715
20025,0.99540776
20029,0.0019464431
20036,0.99800676
20040,0.99606234
20042,0.0048607886
20044,0.0008520578
20045,0.032048307
20053,0.00268459
20060,0.043035958
20080,0.028569052
20083,3.6056594e-05
20088,0.00019095313
20091,0.99894685
20094,0.99684685
20095,0.028825186
20099,6.8198846e-05
20100,0.99142295
20102,5.0549563e-05
20104,0.0011507674
20105,0.00089802407
20106,0.9970727
20107,3.70995e-05
20116,0.0028505886
20117,0.0018723595
20123,0.00021675474
20124,0.0022488507
20128,0.0018821359
20142,0.99894685
20145,5.1218023e-05
20151,3.6056594e-05
20158,0.00041179764
20163,0.0024300157
20167,7.188096e-05
20168,0.00094338733
20169,0.00019078389
20170,0.000812518
20176,0.9930213
20179,7.955822e-05
20180,0.99779874
20182,0.99666554
20185,4.1060503e-05
20188,0.0017009887
20190,0.9999386
20193,0.0023643372
20199,0.0012032727
20200,0.9937629
20203,6.8198846e-05
20207,0.0016638791
20212,0.0009648743
20217,0.0098133935
20222,0.9973109
20223,0.00012033677
20235,0.00096480123
20238,0.0002203936
20241,0.6599909
20249,0.0019464431
20250,0.0023570883
20251,0.9990854
20252,0.0010448153
20253,7.188096e-05
20257,4.9895352e-05
20263,0.000812518
20271,0.00094652176
20272,0.00017689046
20279,0.0001762255
20290,0.8673445
20292,0.0011649333
20293,0.0019464431
20294,0.0005380846
20295,0.00093555334
20296,0.001498767
20297,0.9917475
20306,5.0549563e-05
20308,0.007703075
20313,0.0010278074
20318,0.0012267798
20319,0.9963685
20324,0.000812518
20326,0.99486935
20330,0.0003063751
20332,0.99987626
20335,0.99994767
20339,0.0022038817
20343,0.99744666
20348,0.028569052
20349,4.3688557e-05
20352,0.9447956
20355,0.00035339125
20356,0.029208258
20361,0.0019550975
20362,0.001963568
20363,0.024523294
20369,0.00020170376
20380,0.96900976
20381,0.9978544
20382,0.0009530667
20384,9.9039244e-05
20385,0.0008520578
20388,0.00094338733
20390,6.791063e-05
20398,0.00031312468
20409,0.0012020001
20415,0.9990508
20416,0.028569052
20426,0.000812518
20430,3.6134556e-05
20436,0.00034307817
20444,5.0549563e-05
20454,0.00225963
20460,0.0023570883
20461,0.9874235
20465,0.9959602
20468,0.00191862
20472,0.9905015
20475,0.0008520578
20479,0.000886398
20482,0.03007752
20487,0.0030407147
20488,0.028569052
20490,6.676814e-05
20493,0.00013014309
20501,5.0549563e-05
20502,0.005357403
20506,0.0019464431
20512,0.00011971199
20514,0.9829186
20516,6.882835e-05
20522,0.0022038817
20524,0.0030203164
20526,0.0023570883
20528,0.9889908
20535,7.437288e-05
20536,0.0022355288
20539,0.0019845427
20541,0.0011591337
20542,0.0011613783
20543,0.028569052
20545,0.0006161207
20550,0.9979463
20551,0.0019302801
20558,0.0023721028
20559,0.0019307808
20566,0.9987643
20570,0.99779874
20576,0.0008520578
20579,0.99993384
20580,0.000812518
20588,0.0005430492
20589,0.00011143812
20600,0.010181991
20602,0.00089967187
20606,0.0030407147
20608,0.00089802407
20617,0.9937629
20623,0.9881891
20624,0.028286831
20628,0.99374145
20630,0.99794656
20631,0.0018272905
20632,0.0022355288
20642,0.0018630321
20644,0.0022737668
20646,0.0044336366
20647,0.0019464431
20654,0.0009834582
20670,0.00011554402
20671,0.0018106014
20674,0.00052325876
20681,0.0012020001
20688,0.00012191785
20691,0.0008484623
20701,1.7931716e-05
20716,0.0009648743
20718,0.9930999
20725,0.0022561196
20728,0.00016273314
20729,0.0018622652
20731,0.9447956
20737,0.001215572
20738,2.9033976e-05
20739,0.004488758
20740,0.0009955098
20749,0.00039060295
20752,0.0011613783
20754,0.00012050396
20758,0.00010110419
20763,0.0010747004
20767,0.9961747
20771,0.0009614601
20789,0.00402567
20793,0.75886697
20794,0.0044336366
20795,0.99641836
20796,0.9447956
20806,0.0018460223
20809,0.9947596
20810,0.0022488507
20815,0.00023689984
20820,0.00070707
20823,0.0030407147
20826,0.9990854
20831,0.9966066
20832,0.9989492
20833,0.00014744878
20836,0.99606234
20837,0.0003466004
20839,0.9972861
20840,0.0019705335
20843,0.99540776
20848,0.99392635
20856,4.1060503e-05
20859,3.0980133e-05
20864,0.0019077992
20866,0.00017065492
20872,0.0019464431
20873,7.201647e-05
20876,0.002323724
20882,0.00035089708
20884,0.00016141078
20885,0.0010321607
20886,0.99886036
20887,0.99507254
20893,5.938236e-05
20899,0.0009530667
20904,0.0004606035
20908,0.005646113
20910,0.0062168865
20918,0.00067300576
20923,0.019947466
20926,0.9973865
20929,0.9892686
20942,0.0013193054
20946,0.0011507674
20956,0.00070707
20958,4.305583e-05
20961,0.99552935
20966,0.00094255985
20973,0.0005071232
20974,0.0011431512
20975,2.6773596e-05
20977,0.00021475233
20980,3.6134556e-05
20981,0.004877583
20992,0.0022355288
20996,0.9990508
20998,0.002723121
20999,0.010181991
21007,0.00017289471
21010,0.99605656
21013,0.026631683
21015,0.0009530667
21016,5.9483984e-05
21017,0.0022845163
21020,0.99120635
21024,7.437288e-05
21045,0.028700264
21053,0.0016581315
21056,0.0008652209
21059,0.99809104
21060,0.0075216894
21061,0.0023899942
21064,0.0017374204
21072,2.1936727e-05
21078,1.4200651e-05
21088,0.99850947
21091,0.00020170376
21092,0.0022667418
21094,3.0384706e-05
21099,0.010181991
21104,0.0019464431
21109,0.0022355288
21115,7.3616815e-05
21119,4.38452e-05
21123,0.9473109
21134,0.00068803114
21146,0.0023530729
21147,0.030752793
21150,0.9447064
21152,0.0003466004
21165,0.028569052
21166,0.0017574431
21168,0.0012096657
21169,0.99713266
21179,0.0014049072
21181,4.9930386e-05
21186,0.002046497
21191,0.0023974003
21195,0.028569052
21201,0.99007446
21206,0.0009648743
21209,0.9523811
21214,0.0011732957
21215,0.0041434686
21221,4.3688557e-05
21222,0.015020292
21225,0.0018460223
21227,0.03444232
21228,0.0048272656
21230,0.99472815
21233,0.0008520578
21236,0.9975551
21237,0.0062739174
21238,0.00027287612
21240,0.9889908
21241,0.0145206
21245,0.028569052
21246,0.99894685
21247,0.0022038817
21252,0.028569052
21253,0.9759955
21258,0.00038027662
21261,0.0009717284
21266,2.00494e-05
21275,7.833451e-05
21276,0.0022737668
21277,0.9890778
21278,4.9930386e-05
21282,0.9548737
21285,2.9033976e-05
21287,0.00035089708
21289,0.0019427597
21301,9.007358e-05
21306,7.268121e-05
21308,0.9940672
21312,0.9966539
21314,0.0003063751
21318,0.0001950252
21319,0.0004054066
21321,0.9812626
21322,0.028569052
21328,0.030752793
21331,0.9447956
21337,0.00014896301
21346,2.141217e-05
21352,0.9977608
21359,0.0005244101
21364,0.007415765
21365,0.0005239799
21366,0.0011849666
21367,0.9815044
21368,0.0009347635
21372,0.0016638791
21378,0.030752793
21390,0.00191862
21394,0.0003399401
21396,0.992589
21399,0.0012095742
21401,0.0003466004
21402,0.0009530667
21404,0.0009921947
21405,0.98806924
21410,0.98387736
21412,5.7838e-05
21413,0.9932462
21417,0.0008520578
21419,4.2906835e-05
21420,0.00037771877
21423,6.8198846e-05
21428,0.00089802407
21429,2.9157784e-05
21441,0.00017852306
21448,0.0019281546
21451,0.00062180485
21455,0.00016997334
21459,0.9939918
21465,0.99685574
21468,0.0001762255
21471,3.9785413e-05
21478,0.00014234062
21485,0.0016688243
21492,0.0023787958
21509,0.0009530667
21513,0.0018454004
21516,0.9930213
21523,0.99795216
21524,0.9604716
21529,8.0602484e-05
21531,0.0016638791
21532,0.9970727
21536,0.029208258
21538,0.00023621554
21550,0.9988464
21558,5.938236e-05
21564,0.0011849666
21567,0.99667126
21571,0.9473109
21573,0.00017616752
21575,0.028825186
21581,2.7109423e-05
21591,0.00018480394
21593,0.00011554402
21602,0.0022355288
21605,0.9940672
21617,0.0012020001
21619,0.0018460223
21625,0.99980825
21627,0.0012020001
21629,0.00094338733
21630,0.000897956
21631,0.0016638791
21636,0.0019464431
21637,0.028286831
21642,0.9962929
21646,0.0012453356
21647,0.0009834582
21652,0.0018272905
21654,0.0050734715
21657,0.9901896
21664,0.0019550975
21676,0.0047591035
21683,0.00014896301
21690,0.0009530667
21695,5.0549563e-05
21699,0.0018202428
21701,0.00026101407
21707,0.03007752
21708,0.0001762255
21719,6.075676e-05
21720,0.00877144
21724,0.9964341
21737,0.9990508
21743,0.000812518
21744,0.03007752
21746,0.99720216
21750,0.0009938901
21758,0.0012972616
21762,0.001071376
21770,0.0017374204
21772,0.0018106014
21775,4.9930386e-05
21786,0.9990508
21787,0.0023974003
21796,0.9999386
21799,0.996837
21805,0.0003466004
21816,0.0019464431
21820,0.0013411632
21826,0.99309206
21834,0.00016334723
21835,0.00018480394
21839,0.00043045796
21841,0.0011507674
21851,0.0019664257
21854,0.0019464431
21855,0.0011849666
21857,7.853609e-05
21863,0.0011613783
21866,0.00026369424
21867,0.99854314
21868,9.25596e-05
21872,4.362453e-05
21874,0.00094338733
21875,0.0023787958
21877,7.8388315e-05
21889,0.9889908
21890,0.0008520578
21891,0.00038027662
21894,3.5414258e-05
21897,0.00034307817
21898,0.9905037
21900,0.028569052
21905,0.99897194
21907,0.0030407147
21910,0.00018285711
21911,0.0010448153
21912,0.00031564359
21915,0.99713266
21919,0.0008484623
21922,0.9989492
21934,0.99307936
21935,0.0010027144
21942,0.0016638791
21943,0.0011137075
21952,7.853609e-05
21954,8.814593e-05
21956,0.0008434034
21964,5.0908955e-05
21966,0.028286831
21968,0.0019464431
21970,0.99266386
21971,0.99667126
21974,0.0004752666
21976,0.00029068472
21977,0.0009530667
21982,0.028286831
21983,0.0012020001
21991,0.9972025
21992,0.0009717284
22003,0.9951224
22006,0.0018723595
22009,0.036632285
22010,0.003068699
22011,0.0008520578
22015,0.028569052
22017,0.001796415
22019,0.99606234
22025,0.023609893
22027,0.039413508
22028,0.9777354
22034,0.0019664257
22035,9.4545256e-05
22040,0.9959741
22047,0.00014896301
22053,6.750554e-05
22064,4.9930386e-05
22065,0.00017689046
22067,0.004800137
22068,0.0012568174
22072,9.90468e-05
22073,0.002269486
22077,0.0018460223
22081,0.028569052
22087,7.8388315e-05
22090,0.9935981
22100,0.0016638791
22102,0.9990508
22105,0.00080795004
22107,0.028569052
22112,0.028286831
22117,9.236783e-05
22118,0.0018460223
22119,0.0016283666
22121,0.0011507674
22123,9.081391e-05
22126,0.0019907628
22131,0.00014896301
22147,0.00029068472
22158,0.99779874
22169,0.0019464431
22170,0.0011507674
22178,7.0918904e-05
22181,0.002209093
22185,0.9447064
22189,0.0022735947
22193,0.000113384456
22196,0.0020245162
22200,0.99706644
22211,0.0019947449
22212,0.0022495354
22213,0.007590599
22221,0.0009530667
22223,0.0016125538
22224,7.437288e-05
22231,0.00024138327
22233,0.0011717605
22234,0.9951668
22239,4.9930386e-05
22241,0.0024415685
22244,0.028569052
22245,0.9990508
22247,0.016528534
22250,0.0011390825
22252,0.0007362731
22254,0.000743829
22257,0.00016841684
22259,0.9972914
22268,0.0015270683
22269,0.00017289471
22273,0.9929502
22279,0.0011390825
22283,0.9989492
22284,6.503158e-05
22287,0.00029068472
22288,0.036190297
22293,0.002138839
22294,0.9962929
22301,0.0019266944
22303,9.442452e-05
22310,0.997827
22317,0.0009530667
22318,0.0061540767
22320,0.0001744342
22328,0.00042534823
22337,0.0003466004
22338,0.9751217
22341,0.0018630321
22346,0.0023974003
22351,0.00010110419
22353,0.0008520578
22360,0.99766064
22370,0.9526101
22371,0.00196325
22372,0.0018272905
22377,0.9999447
22382,0.00094338733
22387,0.0019705335
22394,0.99897194
22401,7.0918904e-05
22402,0.030752793
22414,0.009589202
22415,0.028569052
22422,0.0006676141
22428,0.9959741
22429,0.94551593
22444,0.9999387
22449,0.029908411
22461,0.0062465672
22462,0.9976162
22467,0.030752793
22478,0.99884063
22480,7.687718e-05
22486,0.0022202241
22488,0.0022317201
22498,0.0019464431
22505,9.449658e-05
22507,0.000743829
22511,0.99685574
22517,0.0009834582
22518,0.0018723595
22521,0.000897956
22533,4.305583e-05
22538,0.99391633
22545,0.0008520578
22546,0.9977608
22551,0.000428861
22557,0.000119287186
22561,0.00191862
22563,0.0025089872
22568,0.029908411
22570,0.9973597
22572,0.9946531
22576,0.9987178
22580,0.0019266944
22583,0.002255642
22584,0.0009530667
22591,0.99667126
22592,3.3495955e-05
22597,0.00068328285
22599,0.0022355288
22604,0.001984517
22605,0.0009834582
22607,0.99787736
22613,0.9979499
22628,7.8388315e-05
22630,0.0023570883
22631,0.0006861495
22636,0.0001350117
22637,0.00094338733
22640,0.99040073
22641,0.0011137075
22642,0.0018123896
22646,0.002441966
22654,0.0019464431
22655,0.0012130828
22657,0.030692061
22664,0.00016107898
22666,0.028569052
22668,0.000689126
22672,0.00067300576
22675,8.272325e-05
22678,0.08194102
22679,0.0009530667
22680,0.0024784955
22687,6.791063e-05
22688,0.00038027662
22691,0.0011239771
22695,0.00029068472
22696,7.8388315e-05
22702,0.9959741
22703,8.8452005e-05
22706,0.9989492
22708,0.001215572
22713,5.215609e-05
22715,0.028569052
22716,0.0019281546
22719,0.003631724
22726,0.9972861
22731,0.0019716534
22736,0.0009955098
22738,0.028569052
22739,0.0019705335
22754,0.00029068472
22756,0.0022260405
22758,2.8662009e-05
22761,2.3346412e-05
22762,0.0009530667
22765,0.99540776
22772,0.0009530667
22773,0.00010074157
22774,0.001215572
22777,0.0016638791
22780,0.0019464431
22787,0.0031733224
22795,9.053713e-05
22807,0.9971378
22809,9.2263064e-05
22814,0.9998851
22820,0.9998441
22823,0.00070278265
22824,0.03007752
22830,0.0011849666
22831,0.99897194
22832,0.0062934975
22835,0.0018688721
22846,0.00032260164
22855,0.0026328808
22857,0.0007362731
22858,0.004877583
22868,0.02670451
22869,0.9990508
22872,5.938236e-05
22875,0.0022355288
22876,0.002033034
22877,0.00039060295
22885,0.0045045572
22886,0.0018460223
22887,0.003160925
22890,0.0018374231
22891,0.0018460223
22892,7.405858e-05
22898,0.9977608
22899,0.0003063751
22909,0.0315971
22910,0.00033632363
22912,0.99744666
22919,0.0009618565
22926,0.00021898054
22935,0.9998429
22936,0.9989384
22937,0.00041652087
22941,2.9160008e-05
22942,0.028569052
22943,0.0017374204
22945,0.0016688243
22951,0.0012020001
22952,0.000428861
22953,0.000117673095
22955,0.0021066563
22957,0.99007446
22962,0.0001762255
22970,0.0009530667
22977,0.9989492
22985,0.00029068472
22995,0.9929502
23000,0.0019657603
23015,0.0018374231
23018,0.0018460223
23019,0.0022355288
23022,0.0011336332
23023,0.028569052
23024,0.00021898054
23025,0.0016688243
23026,0.0011337132
23028,0.0018272905
23034,0.9951668
23036,0.0003466004
23039,0.028569052
23040,0.0020322236
23041,0.00029068472
23042,0.00012410163
23043,0.0018460223
23054,0.0022355288
23055,0.99753976
23058,0.0001366677
23059,0.9930912
23062,6.744474e-05
23070,0.0003466004
23071,0.9533089
23073,0.9447956
23076,0.0009717284
23079,7.437288e-05
23080,0.0008374773
23081,8.0602484e-05
23086,0.0019222642
23094,0.0018460223
23104,0.0019464431
23106,0.0012494011
23107,0.033848308
23109,0.00019161613
23111,0.0049330955
23112,0.9962584
23116,0.00268459
23119,0.9982146
23122,0.9990854
23124,0.9989384
23125,0.0019705335
23128,0.0019364496
23132,0.99005765
23135,7.833451e-05
23136,0.99894685
23140,0.030752793
23143,0.001963568
23145,0.0019071383
23150,0.0018272905
23151,4.9930386e-05
23154,0.00026369424
23155,0.028569052
23159,0.9990854
23167,0.002718484
23168,0.00402567
23172,0.00075304636
23173,0.00014896301
23176,0.0062934975
23177,7.188096e-05
23181,3.531962e-05
23188,0.99888605
23192,0.00094652176
23197,0.0021425823
23198,7.737273e-05
23199,0.9972861
23204,0.0018374231
23205,0.9980679
23208,0.0009530667
23214,0.9451227
23218,0.9959741
23222,0.0009530667
23224,0.00019095313
23227,0.99713266
23234,0.00029068472
23245,0.0016993693
23246,0.00012033677
23251,0.00041179764
23252,0.99789536
23256,0.9986431
23257,0.028569052
23271,0.0002877303
23273,0.00014896301
23274,7.3616815e-05
23277,0.028569052
23285,0.9951224
23286,0.0008484623
23287,0.00018407991
23293,0.00019324174
23298,0.99266386
23300,0.9962929
23312,0.9940672
23314,0.9973865
23315,0.001706044
23321,0.9924831
23323,0.0022561196
23326,0.0012020001
23332,0.0009308521
23337,0.0022695635
23338,0.028813642
23340,0.03301562
23346,2.9033976e-05
23348,0.0018272905
23353,0.0031733224
23355,0.0016638791
23356,5.306678e-05
23362,0.0018272905
23363,0.0025684128
23364,0.9447956
23368,0.000301222
23370,9.236783e-05
23372,0.99744666
23379,0.99884063
23386,5.864012e-05
23392,0.00014744878
23402,0.0009530667
23406,0.99588424
23408,5.2850828e-05
23411,0.9966539
23412,0.0013105714
23420,0.9971723
23422,0.0012130828
23426,0.0018460223
23429,0.0009530667
23434,3.355328e-05
23435,0.0021873803
23436,0.0009530667
23438,0.00023914427
23439,5.1604402e-05
23441,0.00063663855
23442,0.00011299212
23444,0.99994767
23454,0.00094652176
23455,4.3840268e-05
23459,0.0012020001
23461,0.99897194
23469,0.0009614601
23472,0.98398846
23475,0.002941874
23484,0.00196325
23488,0.0005380846
23491,0.027179537
23495,0.00067300576
23498,0.00082751515
23500,0.0006161207
23503,0.00018922947
23504,6.92532e-05
23506,0.99740595
23507,0.0026718853
23508,0.0018460223
23509,0.00016273314
23517,7.853609e-05
23519,0.00067300576
23526,0.0009530667
23529,0.0024074032
23532,0.00015967393
23539,0.0009648743
23547,0.9968118
23552,0.00038027662
23553,0.9447956
23556,0.0009530667
23557,0.9972861
23559,0.00043045796
23562,0.0012225815
23563,0.00010786632
23573,0.00053716626
23576,0.0018374231
23580,0.9990508
23587,0.029402528
23588,0.9447956
23589,0.028286831
23600,0.0003496547
23603,0.99684745
23605,9.25596e-05
23611,0.99606234
23614,0.0018460223
23618,0.0009530667
23619,0.0022497708
23632,7.06735e-05
23635,0.9940672
23641,0.0011849666
23642,0.029112697
23652,0.9920238
23653,0.00027366765
23656,0.9989384
23665,0.0018630321
23666,0.0012020041
23671,0.00018928773
23678,0.0017425838
23681,0.030752793
23688,0.0009618565
23690,0.0016166985
23691,0.00019310525
23693,5.0549563e-05
23695,0.0025320903
23698,0.0062465672
23699,0.9974016
23711,1.9620298e-05
23714,0.0018630321
23717,7.8388315e-05
23719,0.00017911248
23726,0.0003466004
23733,0.00177546
23736,0.99612963
23738,0.002723121
23741,0.9998851
23750,0.0003466004
23753,0.9980679
23754,0.99884063
23755,0.0023570883
23758,9.114237e-05
23761,0.002683472
23764,0.99742585
23770,0.00014896301
23775,0.9972861
23779,8.0602484e-05
23791,0.0009308521
23793,0.0014881159
23799,0.00016423508
23801,0.0011724477
23802,0.0011507674
23805,0.0009530667
23806,0.0119064925
23812,0.0019405227
23814,0.030752793
23835,0.0010609066
23840,2.5776442e-05
23841,0.001945816
23848,0.99994206
23851,9.0223846e-05
23861,0.0010321607
23864,0.001984517
23868,0.99897194
23872,0.9972583
23880,4.962752e-05
23883,0.00027977987
23887,0.030752793
23892,9.517728e-05
23906,0.0012276886
23909,0.9999467
23917,0.00015461232
23922,0.00035089708
23925,0.0024734782
23929,2.930198e-05
23930,0.9929711
23949,0.028825186
23960,0.99897194
23964,6.8198846e-05
23967,0.00016334723
23974,6.1631086e-05
23981,3.2813918e-05
23986,0.0017009887
24000,0.029112697
24003,0.0016073083
24005,0.0023570883
24008,0.00013548047
24009,0.99894685
24010,0.00035089708
24013,3.069678e-05
24014,0.03215088
24017,0.99266386
24020,0.0006161207
24021,0.00094640144
24022,0.0009648743
24023,0.9980679
24027,6.750554e-05
24031,0.0004606035
24034,0.99684685
24035,0.0017374204
24043,0.0001762255
24049,0.00047131005
24050,0.0001034606
24053,0.0019464431
24054,0.9990508
24057,0.99758947
24059,0.028569052
24062,0.00094338733
24063,0.028286831
24064,0.0009530667
24065,0.9940731
24069,0.0018374231
24071,0.00029068472
24075,0.9986455
24076,0.00094338733
24077,0.0069136396
24080,0.000861833
24082,0.0012438869
24085,0.0005380846
24102,0.0011507674
24110,0.0056744935
24116,0.9989492
24118,0.030752793
24119,3.083003e-05
24120,0.00064910844
24122,0.7619584
24123,0.9980679
24124,0.00035339125
24126,7.06735e-05
24129,0.0016688243
24130,0.9999418
24143,0.0061540767
24146,0.00019161613
24149,0.0009530667
24154,0.000812518
24157,0.0018123896
24159,0.007288184
24164,0.9967474
24166,0.00013185124
24172,5.864012e-05
24180,0.9935981
24182,0.0012887303
24183,0.0016638791
24184,0.0018272905
24185,0.0025089872
24190,0.0015546046
24193,5.0549563e-05
24199,7.706956e-05
24200,0.0019464431
24203,0.0011390825
24204,0.99306
24207,0.9905037
24217,0.99013233
24222,0.0010238152
24233,0.0035079478
24237,0.002723121
24240,9.096724e-05
24242,0.9974118
24248,0.001984517
24252,0.99994767
24255,0.0011609
24272,0.9978199
24276,0.0018723595
24279,0.030752793
24280,0.0005257983
24281,0.00016592215
24282,0.9990508
24294,0.0007724499
24295,0.99994516
24308,0.0009648743
24311,0.0017374204
24313,0.0009530667
24314,0.0001744342
24317,0.9989384
24318,0.99670285
24319,0.0011329461
24321,0.0013426342
24324,0.9447956
24325,0.0012224888
24331,0.00015033787
24334,0.06815258
24342,0.0011431512
24345,0.9998387
24352,0.0009834582
24355,0.0009834582
24362,0.002323724
24365,0.00010497423
24366,0.00029068472
24367,0.0011507674
24368,0.9974625
24371,7.437288e-05
24373,0.00010074157
24381,0.0003330774
24383,0.028569052
24385,0.9972861
24386,0.0018460223
24387,4.362453e-05
24392,0.000743829
24397,0.00268459
24399,4.9930386e-05
24400,0.9990854
24401,4.9930386e-05
24402,0.029804647
24403,0.0001872294
24406,0.99886835
24412,0.028569052
24417,0.9952158
24425,0.0019090989
24426,0.0009834582
24432,0.99748397
24433,0.009589202
24434,0.080443755
24438,0.00021439922
24446,0.0009530667
24465,4.9930386e-05
24466,0.9980679
24469,0.9990854
24475,0.00029402107
24478,7.437288e-05
24479,0.9990854
24480,0.026944391
24482,0.9989492
24491,0.00096480123
24493,0.0018123896
24502,0.002079289
24504,0.9986455
24507,0.9988537
24516,0.9972861
24521,0.9998851
24522,0.9967474
24526,6.750554e-05
24541,0.0009849904
24548,2.0301137e-05
24556,0.015380962
24559,0.0009849904
24563,0.028569052
24566,0.0024133173
24571,0.00017787653
24572,0.0009530667
24573,0.99433005
24574,0.9989384
24576,0.00016423508
24579,0.0017162035
24586,0.00029158292
24594,0.00016899
24601,0.0010448153
24611,0.001984517
24613,0.99777967
24616,0.11312068
24621,0.00097347057
24639,0.0009530667
24644,0.12096255
24649,0.0015652009
24650,0.996947
24655,0.98791414
24659,0.0012059244
24663,0.9598835
24669,0.0019550975
24671,0.9989492
24684,0.99993813
24688,0.0019664257
24690,0.0045832917
24691,0.112099595
24694,0.0024760538
24695,0.99606234
24697,0.01402593
24700,0.0002877303
24708,0.0019464431
24710,0.0011650216
24718,0.0022925592
24722,0.0021425823
24726,0.0012693022
24727,0.0003466004
24728,0.97975427
24732,0.0022667418
24740,0.0009576411
24741,0.0003497989
24746,0.96614575
24750,0.0018460223
24754,0.99903
24758,0.0021355678
24762,0.0005490656
24768,0.0019464431
24774,0.99008465
24779,0.031296756
24781,0.0018460223
24783,0.99897194
24786,0.9961747
24787,0.0017374204
24791,7.201647e-05
24798,0.0009530667
24799,0.9990251
24800,0.9952158
24801,0.0003063751
24802,0.114045866
24812,0.0019907628
24816,0.00027366765
24822,0.0008520578
24823,0.95595956
24824,0.00094338733
24826,0.0009530667
24827,7.886518e-05
24836,0.0009530667
24840,7.833451e-05
24842,0.0019464431
24844,0.0025089872
24845,0.9990854
24855,0.0016688243
24869,0.0009530667
24871,0.0004616549
24873,0.0013072535
24874,0.0012627406
24884,0.0012438869
24885,0.0011286717
24887,0.112099595
24889,0.993002
24890,0.0020164703
24906,0.00029068472
24907,0.0013072535
24908,0.0018460223
24911,4.1060503e-05
24914,0.1267109
24915,0.11312068
24922,0.9978982
24927,0.11312068
24932,0.0012794007
24938,0.99305564
24939,0.070243225
24944,0.9989015
24948,0.00029068472
24952,0.9968118
24954,0.99894685
24955,0.0075089424
24957,0.0001950252
24958,0.9456114
24963,4.9930386e-05
24965,0.0018688721
24968,5.9483984e-05
24971,0.9959741
24974,0.005646113
24975,0.0017374204
24978,0.0016688243
24980,0.99740595
24981,0.0020882743
24983,0.11312068
24993,0.0012020001
24994,0.0012617662
25001,0.0018374231
25005,0.11312068
25010,0.00027366765
25014,0.118548736
25015,0.00029402107
25022,5.0549563e-05
25025,5.864012e-05
25027,0.000812518
25028,6.791063e-05
25036,7.853609e-05
25037,0.0018460223
25046,5.9483984e-05
25055,0.0018630321
25057,0.00029068472
25059,5.0549563e-05
25064,0.9815741
25066,0.99897194
25071,6.158467e-05
25072,0.0018374231
25073,0.9976356
25078,0.00038027662
25079,0.9999467
25081,0.9951668
25083,0.0046949172
25101,0.00016273314
25102,0.9989492
25104,0.0018123896
25107,0.0023570883
25109,0.0013919895
25111,0.0005257983
25140,5.0549563e-05
25144,0.99094427
25148,0.000812518
25150,6.898184e-05
25151,0.0017374204
25152,0.0022561196
25153,0.0009921947
25158,6.503158e-05
25163,0.0019266944
25174,0.0006161207
25176,3.70995e-05
25195,0.11312068
25199,0.0011507674
25201,0.9980544
25210,0.0019705335
25211,0.1175705
25214,0.00033219546
25224,6.0429364e-05
25225,0.9998851
25227,0.99791485
25228,0.99188626
25230,0.0062168865
25235,0.00020672106
25236,7.201647e-05
25241,0.9990854
25252,0.0009648743
25254,0.99844605
25256,0.00027366765
25265,0.0011664246
25271,7.382069e-05
25272,0.99740595
25274,0.00035089708
25279,0.998615
25280,0.99779874
25282,0.0016630595
25283,0.0022488507
25285,0.0009530667
25288,0.00017785195
25292,0.0009717284
25297,0.00196325
25300,0.0009530667
25317,2.7833363e-05
25322,0.99846125
25323,0.9999491
25334,4.9930386e-05
25340,0.00021675474
25344,0.12096255
25350,0.0025089872
25351,0.11312068
25355,0.0002877303
25359,0.01679348
25363,0.9990508
25367,0.12095449
25371,0.0023570883
25378,0.0019643763
25382,0.00083561917
25394,0.02345475
25396,0.0018821886
25403,0.0023570883
25405,0.9989384
25406,0.0003466004
25407,0.99994767
25408,0.9930708
25422,0.0019307808
25423,0.0019657603
25431,0.001363204
25433,0.000812518
25434,0.00021285668
25436,0.0001518822
25437,4.9930386e-05
25438,0.0009530667
25440,0.99685574
25462,0.0019705335
25463,0.0001872294
25466,0.0009834582
25471,0.00063663855
25472,0.11312068
25478,0.00019095313
25479,7.437288e-05
25482,0.0022488507
25493,0.0019705335
25502,0.0008306555
25507,0.0018460223
25509,0.0020322236
25510,0.112099595
25511,0.0023254857
25512,0.0018460223
25518,0.996947
25519,0.9951224
25522,0.002723121
25526,0.0022488507
25529,0.0009834582
25531,0.00035089708
25534,0.0061540767
25537,0.0014099845
25541,0.0019643763
25545,0.00017289471
25547,5.1604402e-05
25548,0.00028082958
25552,0.0008520578
25556,0.002135905
25560,0.00097347057
25566,0.11312068
25567,0.0009834582
25568,0.0009530667
25571,5.0370465e-05
25573,0.0008484623
25575,0.12096255
25577,0.0012854107
25579,0.9980679
25586,0.0009530667
25594,0.0050734715
25595,0.9968208
25598,0.9986743
25599,0.0018272905
25605,0.00014896301
25608,0.0012617662
25609,0.0019464431
25613,3.6134556e-05
25614,0.0009921947
25617,2.0871794e-05
25621,0.99818283
25623,0.0009648743
25624,0.028325096
25635,0.002480602
25636,0.0023235483
25637,0.0019703843
25638,0.0004179926
25640,0.0018688721
25642,0.1267109
25643,0.0004281221
25644,0.00028578102
25646,0.0008274028
25649,0.00841587
25655,0.0012020001
25663,0.9918119
25666,0.0019705335
25667,6.8198846e-05
25672,0.0008520578
25673,0.0016638791
25676,0.0012617662
25679,6.898184e-05
25681,0.99777967
25690,0.9998851
25692,0.00018165524
25710,0.08223138
25711,0.0019266944
25713,0.99779874
25720,0.028666595
25722,0.99199766
25729,0.0008520578
25731,0.0019643763
25738,0.9930916
25740,0.0011507674
25743,0.00024138327
25748,0.06126609
25750,0.9938129
25753,0.0009648743
25755,0.0012020001
25757,0.0009530667
25759,0.00017689046
25770,0.9959741
25771,0.00029068472
25772,0.08223138
25776,0.001363204
25779,0.9999387
25781,0.00035089708
25785,0.99337643
25803,0.000743829
25808,0.008444845
25812,0.0009530667
25819,0.00039060295
25824,0.0009834582
25831,0.9989384
25836,0.000306352
25837,0.00042557353
25858,0.0019266944
25860,0.0018460223
25862,0.000812518
25865,0.98252285
25866,0.00019324174
25870,0.93683875
25871,0.9990508
25887,0.9930916
25889,5.147691e-05
25895,3.5474866e-05
25896,0.7857103
25906,0.9990595
25914,0.0004054066
25915,0.0010036989
25920,0.0011390825
25922,0.9939367
25924,6.750554e-05
25926,0.0005522362
25927,0.000812518
25938,0.0062930235
25939,7.0918904e-05
25943,0.002033034
25944,0.0019090989
25945,0.9999418
25954,2.7606444e-05
25959,0.000743829
25968,0.981264
25969,0.9363916
25970,0.9360114
25971,0.9998387
25972,0.9809217
25975,0.0009308521
25977,0.0009530667
25979,0.0018688721
25988,0.000812518
25990,0.0009648743
25995,0.08223138
25997,0.0018688721
26004,0.9990508
26007,0.0001762255
26011,0.9977308
26019,0.0034000375
26020,3.6134556e-05
26021,0.0018460223
26024,0.00038027662
26032,0.00016334723
26033,0.0011999501
26035,7.833451e-05
26037,0.001412902
26039,3.595674e-05
26042,0.00011547374
26048,5.0391267e-05
26052,0.9976025
26054,0.00019943246
26056,0.0009530667
26059,0.0028027587
26061,0.9990854
26064,0.9920266
26065,0.0023570883
26071,0.000269371
26073,0.99897194
26075,0.0001872294
26076,0.0011507674
26077,0.00027366765
26078,0.08146351
26091,0.002323724
26092,0.00011877778
26100,0.0019464431
26104,0.9976726
26107,0.0011431512
26114,9.295472e-05
26117,5.9483984e-05
26119,0.0040280814
26121,0.0019464431
26127,0.9962929
26128,0.0009308521
26131,2.9033976e-05
26132,7.437288e-05
26133,0.96085775
26134,0.001945816
26137,0.00016273314
26140,0.0008520578
26141,0.93890107
26154,0.99609816
26156,5.2491847e-05
26157,0.0001762255
26158,5.8357393e-05
26160,0.9827539
26162,0.9983724
26165,0.0008520578
26173,0.0009530667
26175,7.886518e-05
26177,4.9930386e-05
26183,0.00017844682
26189,6.8198846e-05
26200,0.0013072535
26205,0.00035339125
26216,0.00038378575
26220,0.00017138662
26222,0.0002877303
26229,0.9359089
26237,7.853609e-05
26239,0.0025089872
26246,0.9952631
26248,0.00020575026
26255,5.588583e-05
26259,0.9962929
26261,0.99837506
26263,0.9956399
26276,0.9978612
26277,6.744474e-05
26279,0.08586414
26285,0.0009618565
26286,5.0549563e-05
26290,0.0023530729
26291,0.0069136396
26292,0.08223138
26295,0.002053209
26296,0.00021486028
26300,0.9799472
26301,0.99433005
26307,0.9973865
26308,0.9360114
26313,0.98421496
26319,0.0012617662
26332,0.0034000375
26333,7.886518e-05
26337,0.0013876851
26339,0.0009648743
26342,0.0016872935
26344,0.9953755
26347,5.0549563e-05
26348,0.0008599168
26353,0.99894685
26354,6.1631086e-05
26357,0.0018460223
26369,0.0018630321
26371,0.08289618
26374,0.0004213226
26375,0.0018723595
26388,0.06126609
26392,0.00064766733
26394,0.0010312909
26409,0.0011849666
26415,0.0005198873
26419,0.00083561917
26422,0.00016131367
26430,0.99897194
26431,0.0018622652
26441,0.0004054066
26445,0.0003063751
26448,0.0004975435
26459,0.99007446
26462,0.0008434034
26465,0.002441966
26466,0.00017705787
26468,0.97855157
26469,0.0001762255
26470,0.0016845337
26472,0.08223138
26473,0.9982356
26476,0.0018688721
26477,7.853609e-05
26481,0.0016638791
26482,0.9990508
26483,0.0003466004
26492,0.9999418
26499,0.0011849666
26500,9.460955e-05
26505,0.0011507674
26507,0.08077839
26516,0.9388968
26518,0.00025645472
26519,0.99789536
26523,0.9989587
26526,0.030075882
26534,0.08223138
26539,0.0018460223
26543,0.00018153073
26545,0.9991021
26551,0.08813862
26553,7.437288e-05
26556,0.0011507674
26559,0.001363204
26560,0.0008520578
26565,0.00042534823
26568,2.471588e-05
26570,0.99994206
26575,2.293715e-05
26576,0.9929502
26579,0.08292755
26582,2.930198e-05
26583,0.9975157
26588,0.99794155
26592,0.00017148977
26594,2.9160008e-05
26601,0.0019464745
26604,0.99791044
26606,0.99777967
26607,0.0019464431
26610,0.00067300576
26611,0.0012453356
26616,0.010181991
26621,0.9962929
26623,0.9989384
26627,0.0011507674
26631,0.0019307808
26640,0.0022037148
26642,6.2019855e-05
26649,2.8738807e-05
26655,0.0004281221
26656,0.99606234
26661,0.00038027662
26662,0.0009955098
26667,0.000812518
26669,0.99777967
26676,0.0005433974
26679,0.009589202
26684,0.0022260405
26687,0.99766064
26698,0.0020268683
26703,0.002323724
26704,0.0009530667
26706,0.0070844307
26708,0.00029068472
26712,0.00027272085
26718,0.0005380846
26720,0.9984151
26728,0.000812518
26730,0.0021540227
26731,0.00089802407
26734,0.9991021
26736,0.0022355288
26740,0.99740297
26744,8.0602484e-05
26746,0.9989384
26753,0.056403734
26759,0.0012617662
26760,0.0009460111
26761,3.6134556e-05
26767,0.00093555334
26777,0.00094338733
26778,0.00028015836
26781,0.000743829
26789,0.0011507674
26791,0.000812518
26792,0.001003056
26794,0.9990508
26796,0.00080970884
26799,0.0012224888
26800,0.0018688721
26809,0.99684626
26814,0.0019907628
26818,7.3616815e-05
26820,0.00018407991
26822,0.99670285
26827,7.437288e-05
26829,0.00053543336
26830,0.0013919895
26833,6.882835e-05
26834,0.000178142
26835,8.814593e-05
26838,0.99670285
26844,0.0009834582
26845,0.00096480123
26846,0.99269944
26848,0.002404703
26849,0.99741673
26851,0.004175384
26852,3.469316e-05
26858,4.962752e-05
26859,0.9990508
26865,0.00019324174
26866,0.0019947449
26869,7.791575e-05
26880,0.99994767
26882,0.0009834582
26884,0.0019464431
26886,0.008666751
26887,0.0022317201
26888,0.0018340487
26890,0.0018723595
26892,0.0012276886
26898,0.0021806217
26902,0.000886398
26907,0.9881891
26909,0.0016570654
26917,0.99384475
26920,0.029402528
26928,0.9999418
26931,6.750554e-05
26940,0.0011650216
26944,0.9932713
26946,0.0031663657
26948,0.00018812236
26952,0.0031663657
26953,0.9967528
26955,0.0022317201
26958,0.00094338733
26959,8.0602484e-05
26963,0.9974528
26964,0.0008484623
26965,0.9954181
26970,0.0009648743
26975,6.750554e-05
26979,0.9980679
26981,0.0022317201
26983,0.0004440581
26984,1.8531395e-05
26996,0.0012453356
26997,0.99763787
26999,0.9979488
27014,0.001363204
27023,0.9360114
27027,0.9969157
27030,0.0009530667
27032,0.0018272905
27034,7.437288e-05
27038,0.00035089708
27043,0.9999467
27044,0.00019486515
27048,0.9989384
27054,9.7058844e-05
27061,0.00016334723
27062,0.00012410163
27063,0.02456459
27064,0.0013050243
27068,0.0022667418
27069,0.0030203164
27072,5.0470186e-05
27074,7.188096e-05
27082,0.0018379784
27083,0.00977531
27084,0.9967474
27091,0.00026891092
27098,0.0007413155
27099,0.98806924
27105,0.9990508
27107,0.0008863309
27109,3.38568e-05
27117,0.05695004
27124,0.07942172
27130,0.00016522118
27135,0.0050734715
27136,0.99752325
27142,0.0016688243
27149,0.00017785195
27151,0.981264
27153,0.05695004
27160,0.0019464431
27166,0.9946531
27168,2.9160008e-05
27174,0.0019281546
27175,0.0009834582
27178,3.6009515e-05
27182,0.99784994
27186,0.0019464431
27195,0.98797464
27198,0.0012617662
27200,0.00016131367
27202,0.9970727
27211,0.0018123896
27213,0.9961247
27214,0.0019464431
27217,0.0023254857
27218,0.05695004
27219,0.93683875
27221,0.0009938901
27222,0.00841587
27229,0.001003056
27232,0.9980679
27234,0.0018630321
27237,0.9935981
27238,0.00027366765
27240,0.9968208
27249,0.0018688721
27250,0.00026369424
27251,0.001215572
27252,7.8388315e-05
27256,0.0004983608
27258,0.0019266944
27260,0.0009530667
27265,0.0011849666
27267,0.059864704
27268,0.0003466004
27275,7.437288e-05
27278,0.0011999501
27279,0.06116655
27281,0.0013013304
27287,0.9253371
27290,4.9930386e-05
27307,0.0013013304
27310,0.0005071232
27318,0.9990854
27322,0.0011650216
27327,0.0003063751
27345,0.0062934975
27351,0.993867
27354,0.00034307817
27356,0.002096654
27359,0.0018123896
27363,0.00021842649
27365,0.0009175801
27370,0.0019705335
27371,0.00019095313
27373,3.9785413e-05
27383,0.996093
27397,0.9976954
27398,0.99837506
27401,0.0016630595
27406,0.99606234
27409,0.00011299212
27410,0.0012617662
27413,0.0009834582
27415,0.96603215
27430,0.001984517
27433,0.0009955098
27434,0.0023570883
27439,0.0018460223
27440,0.0012276886
27442,0.0019705335
27445,0.0011554506
27446,0.0009576411
27447,6.8198846e-05
27449,0.0145206
27450,0.0019643763
27451,0.0026251127
27453,0.0016433742
27459,0.9990694
27462,0.9999387
27465,0.0011390825
27467,0.0022355288
27468,0.000689491
27472,0.00191862
27473,0.0015368178
27476,0.9967474
27477,0.9935981
27482,0.0011507674
27483,7.8382334e-05
27484,0.0019464431
27486,0.0009834582
27490,0.0014102376
27500,0.9990508
27507,0.0009530667
27509,0.9974366
27516,0.00043215087
27521,0.0018688721
27524,5.864012e-05
27525,0.0022038817
27528,0.0018688721
27532,0.0019705335
27534,7.522676e-05
27535,0.0019464431
27541,0.0018123896
27545,0.0018581589
27546,5.9483984e-05
27548,0.0016166985
27551,0.00089802407
27555,0.05695004
27561,0.9963973
27562,0.9989492
27566,0.0018723595
27573,0.0018460223
27574,0.9990854
27575,5.054571e-05
27577,0.9990508
27579,0.9967474
27583,6.1631086e-05
27586,0.00011507418
27589,0.05695004
27595,0.0008709597
27598,0.00016273314
27599,0.0013924536
27603,4.4598273e-05
27604,0.9976162
27605,0.0005005057
27610,0.0018460223
27615,0.0012020041
27623,0.0009530667
27630,0.9989492
27633,9.295472e-05
27634,0.00086017704
27640,0.9975395
27641,0.0019705335
27651,0.05695004
27656,0.0022355288
27658,0.9966539
27662,0.002323724
27664,0.0018460223
27669,0.05695004
27673,0.000108861925
27687,0.0023570883
27694,0.9976654
27701,0.0018272905
27704,0.001524422
27707,0.99789536
27708,7.8388315e-05
27711,0.99894685
27713,4.9930386e-05
27716,0.0046388153
27717,0.05695004
27719,0.00067316456
27720,0.00016657477
27722,0.0018310769
27723,0.0017374204
27726,0.0053886245
27728,0.008444845
27729,0.00018009375
27732,0.0009530667
27744,0.0010434934
27748,4.3332922e-05
27750,0.001363204
27760,0.9971162
27761,5.0908955e-05
27763,0.0022488507
27769,0.0016638791
27786,0.0019266944
27793,0.99897194
27794,0.00017844682
27799,0.0009860486
27803,0.0018374231
27806,0.0003497989
27816,0.99989045
27817,3.6134556e-05
27823,0.0012225815
27825,0.99606234
27826,4.1060503e-05
27828,0.9928457
27832,0.93757427
27834,0.0009955098
27846,0.0009530667
27848,7.437288e-05
27849,0.9929502
27852,0.0022686298
27853,0.9990508
27854,0.0022038817
27857,0.94129974
27862,7.8388315e-05
27865,0.0008829272
27871,0.0023570883
27875,0.0014884595
27878,0.0009530667
27879,0.0018460223
27881,0.9990854
27882,6.750554e-05
27888,0.0017966323
27890,0.00017289471
27894,4.3840268e-05
27898,0.05695004
27902,9.55812e-05
27905,9.053713e-05
27909,7.826515e-05
27910,0.0018630321
27916,0.001893806
27917,0.0010321607
27920,0.9989492
27921,0.002633671
27922,0.0020630104
27923,0.002676443
27932,0.9939367
27933,0.0001205857
27935,0.997065
27937,0.12961309
27943,0.0009618565
27951,0.0022766753
27954,0.0021657702
27957,0.0008374773
27959,6.7030785e-05
27960,0.0024101164
27969,6.8198846e-05
27977,0.99737644
27991,0.00017138662
27993,0.99784994
28002,0.93890107
28005,0.0018460223
28011,0.00018757461
28022,0.00020750269
28024,0.0012617662
28028,0.0018723595
28029,0.0031663657
28034,0.99817634
28035,0.0023570883
28037,4.1060503e-05
28039,0.0011137075
28045,0.001111808
28058,0.99710435
28059,0.0018687308
28062,7.355051e-05
28063,3.952305e-05
28064,0.9990854
28065,0.00097347057
28068,0.0005257983
28069,7.3616815e-05
28074,4.9422786e-05
28078,0.007590599
28081,0.0009530667
28083,0.7815087
28085,0.00016131367
28092,0.0022845163
28096,0.9959741
28110,7.826515e-05
28115,7.188096e-05
28121,0.99401987
28128,0.99740297
28132,0.0047466997
28136,0.00029517768
28138,0.99533206
28139,7.8382334e-05
28140,0.0018272905
28141,0.0023570883
28146,0.0005429493
28150,0.0017425838
28153,0.99792945
28156,0.0019705335
28159,0.00034307817
28160,0.08194102
28164,0.9920704
28165,0.0018374231
28169,6.8198846e-05
28174,0.9989384
28181,0.05695004
28188,8.8452005e-05
28190,6.8198846e-05
28194,0.031296756
28196,0.0009834582
28200,0.0022050312
28205,4.9930386e-05
28208,5.0908955e-05
28210,0.000812518
28212,2.8662009e-05
28215,0.00010786632
28217,0.05695004
28218,4.3840268e-05
28219,0.00047631358
28223,0.9961247
28225,0.9990508
28226,0.0017425838
28235,0.00027366765
28242,0.0018460223
28246,0.9962929
28248,4.2906835e-05
28249,0.001215572
28250,0.99266386
28256,0.0018460223
28260,0.028325096
28266,0.057445575
28269,0.9938129
28270,0.9922476
28273,0.9359089
28276,0.0003466004
28277,0.99851745
28278,0.999554
28279,0.002723121
28280,0.002323724
28292,0.9973508
28293,8.490685e-05
28296,0.99753976
28301,0.9928039
28310,0.00016107898
28316,5.306678e-05
28321,0.029112319
28322,0.0007362731
28323,0.000886398
28326,0.0011649333
28331,0.00016273314
28337,0.0011999501
28338,0.9990854
28344,0.0022038817
28348,0.0024760538
28351,0.009589202
28352,0.9990854
28361,0.0016638791
28362,0.0019281546
28365,0.99532723
28371,4.9930386e-05
28380,0.00089802407
28384,0.00020750269
28388,0.9990854
28393,0.0011999501
28394,0.00027366765
28396,0.00042882856
28397,2.9160008e-05
28402,0.9360114
28407,0.0006543146
28413,3.355328e-05
28420,0.05695004
28421,0.0016630595
28422,0.9999467
28423,0.9939692
28426,3.469316e-05
28430,0.0019705335
28444,0.0005380846
28446,7.3616815e-05
28449,0.9901896
28451,0.0008520578
28457,0.0009648743
28459,0.0011849666
28460,0.0030407147
28461,0.9999418
28462,0.9976683
28466,0.0017809963
28469,0.0010312909
28470,0.06116655
28472,0.9999423
28475,0.0010006317
28482,0.05695004
28483,0.002723121
28488,9.6650336e-05
28490,0.0018687308
28492,0.0004054066
28493,0.03200725
28498,0.0019657603
28500,0.0061540767
28503,0.0018272905
28505,0.0018460223
28506,0.00016273314
28508,0.9967474
28509,0.00026369424
28513,0.05695004
28516,0.0062739174
28518,0.0009530667
28532,0.06116655
28543,0.9989384
28547,0.001215572
28550,0.0017200427
28551,0.9667283
28562,5.1030813e-05
28565,0.0020042115
28571,0.99817634
28576,0.0009530667
28578,0.0009648743
28579,0.0019464431
28585,0.0009614601
28589,0.9980855
28597,0.99231803
28599,0.99846125
28609,0.0009530667
28614,0.0012020001
28637,5.0391267e-05
28639,0.9718716
28644,0.0027481904
28650,0.99610955
28653,0.99740297
28656,0.0019464431
28658,0.059864704
28661,4.1060503e-05
28665,0.000812518
28666,0.00347828
28667,0.0004683089
28670,0.0012437926
28672,0.002723121
28674,0.99965656
28681,9.442452e-05
28695,0.0022355288
28696,0.9980679
28707,0.0009834582
28713,4.3840268e-05
28719,0.00042534823
28726,0.0025047138
28731,0.00021898054
28735,0.0009648743
28738,8.0602484e-05
28747,0.0012733993
28749,0.99667126
28750,0.00023217425
28751,0.0018460223
28752,0.0008434034
28759,0.9889908
28761,0.05695004
28763,0.0049662166
28767,0.9998578
28770,0.001438475
28771,0.0018123896
28775,0.99746275
28776,0.05695004
28778,0.0012617662
28784,0.016241727
28785,0.9990854
28789,6.8198846e-05
28791,0.0009426959
28792,0.05695004
28794,0.05695004
28799,0.0005522362
28806,4.9930386e-05
28813,0.0018460223
28819,0.0018460223
28822,0.06116655
28825,0.0018460223
28832,9.053713e-05
28833,0.0019266944
28836,0.0022260405
28837,0.00094338733
28842,0.00191862
28844,0.00089802407
28846,0.00017288153
28850,0.000992528
28857,0.0018622652
28860,0.99674195
28868,0.0016638791
28875,0.0013493713
28876,0.029402528
28878,0.9975923
28879,4.741991e-05
28880,0.00094338733
28881,0.0016931421
28889,0.9953296
28890,0.05695004
28892,2.8738807e-05
28893,0.9961247
28898,0.01679348
28900,0.0003466004
28901,3.5474866e-05
28905,0.00096480123
28908,0.00027272085
28909,0.0008520578
28910,0.0022355288
28912,0.0018542318
28919,0.99007446
28920,0.0019266944
28923,0.0011649333
28924,0.9360114
28932,0.9846801
28939,0.992589
28947,0.059864704
28951,0.0011999501
28952,0.00012050396
28954,0.00029068472
28958,0.0001762255
28960,0.001955628
28964,4.1060503e-05
28976,0.0009648743
28979,0.00041589103
28994,0.0024074032
29000,0.99894685
29005,0.9990854
29007,0.0012453356
29010,0.0018310769
29011,0.061049547
29013,0.0013426342
29016,0.00029068472
29018,0.06116655
29029,0.0024248126
29030,0.00016334723
29033,0.0018723595
29035,0.00040902785
29038,0.013129782
29049,0.0018687308
29055,0.0008520578
29057,0.0013415114
29064,5.5367986e-05
29065,0.00029402107
29071,0.0016581315
29074,0.0010181061
29076,0.009589202
29084,0.00011772865
29086,0.0018460223
29092,0.0001744342
29098,0.9972025
29101,0.0002877303
29105,0.9986092
29110,0.0001744342
29120,0.9970727
29132,0.00041659395
29134,7.437288e-05
29141,0.057445575
29147,0.0009530667
29148,0.99664235
29159,0.9968208
29161,0.0006161207
29165,0.0009530667
29177,0.99894685
29182,0.001984517
29184,7.405858e-05
29190,0.0018143981
29194,0.99266386
29202,3.6134556e-05
29206,7.437288e-05
29207,0.037202235
29210,0.001984517
29211,0.00020808974
29213,0.0003466004
29219,0.0018460223
29221,0.99740297
29228,0.00016560161
29236,5.0370465e-05
29239,0.0009530667
29243,0.00021898054
29248,2.6399779e-05
29250,0.00019655412
29251,0.9999602
29253,1.9083856e-05
29255,0.0019464431
29263,0.0002877303
29266,0.0003466004
29269,8.6042644e-05
29273,0.0022488507
29276,0.004104248
29281,0.0018710482
29284,0.0018688721
29285,0.006098111
29298,0.9365596
29302,0.99737644
29304,0.9990508
29305,0.0022038817
29308,0.997343
29313,0.059864704
29319,0.0009530667
29322,0.0023727461
29325,0.0010066556
29329,0.00094338733
29335,0.0001744342
29336,0.0024732912
29342,0.028666595
29352,0.0022407072
29358,0.00039060295
29359,9.4545256e-05
29370,0.9916563
29373,0.0012020001
29375,0.0030407147
29382,0.99394673
29383,0.9990854
29385,0.0009347635
29387,0.05695004
29390,0.001266658
29392,0.0012267798
29401,0.00016657477
29411,0.9989492
29412,0.99266386
29416,0.0018272905
29419,0.0009530667
29422,0.0019643763
29426,0.0009530667
29428,2.9160008e-05
29430,0.9998387
29431,0.99668616
29446,0.00016334723
29451,0.99674004
29455,0.0023570883
29461,0.0019947449
29464,0.015779316
29473,7.437288e-05
29474,0.99552876
29476,0.0012972616
29477,0.0024012078
29478,5.9483984e-05
29490,0.9933837
29506,0.0010448153
29511,0.99994206
29513,0.99273044
29521,0.0018723595
29526,8.814593e-05
29534,0.9937629
29537,0.00020672106
29539,0.0012020001
29540,0.981264
29542,0.9881891
29544,0.99989045
29545,0.99779874
29547,0.0011735115
29555,0.0017939985
29560,0.06116655
29561,0.00015826485
29568,0.05695004
29575,0.0018783959
29581,0.9940731
29583,0.0018723595
29584,4.9930386e-05
29585,0.0010036989
29589,0.00016273314
29594,0.0003496547
29595,0.99685234
29598,0.9360114
29599,0.0012627406
29603,0.0003960344
29604,0.00057778356
29608,0.0018272905
29614,0.9990854
29615,0.99794656
29618,0.0019464431
29622,0.00089802407
29629,0.9998826
29631,7.437288e-05
29632,0.999966
29660,0.9990508
29666,0.009676867
29679,0.0018379784
29680,0.0009530667
29682,0.028024305
29683,0.0024250746
29684,0.9940432
29689,0.0022488507
29707,0.9881891
29716,0.9780713
29720,0.0024074032
29734,0.028666595
29738,0.0011448544
29741,0.0019464431
29742,0.00016657477
29744,5.0391267e-05
29757,2.7109423e-05
29758,0.99993813
29765,0.0019643763
29767,0.00057438447
29769,0.0018460223
29781,0.0018688721
29785,0.0019464431
29787,0.00014896301
29791,0.0022355288
29805,0.00010074157
29808,0.0019705335
29812,0.00012109246
29813,0.0010200172
29815,0.9978573
29816,0.0027125864
29817,0.0006922286
29818,0.9999447
29819,0.0019266944
29826,0.9992918
29827,4.9422786e-05
29829,0.0022766753
29830,0.0019464431
29833,5.5367986e-05
29836,0.96085775
29837,0.0012345645
29845,0.99740297
29853,0.99374145
29855,0.9939367
29859,0.0018460223
29860,0.0009530667
29861,0.00024790203
29865,0.00035087048
29869,0.0010448153
29873,0.0018460223
29874,4.9422786e-05
29876,0.9990854
29877,4.2868513e-05
29878,0.00029336725
29880,0.0007126249
29885,0.9989492
29890,4.3840268e-05
29893,0.9985592
29894,0.0015143191
29896,0.0019141102
29898,0.0011732957
29902,0.00023756981
29903,0.9990854
29904,0.0012453356
29905,0.0009530667
29909,0.0011849666
29911,0.0008520578
29912,0.0022835452
29921,0.0010553589
29922,0.0031663657
29923,0.00096480123
29926,0.00089802407
29931,0.00031673905
29932,0.06847352
29933,0.00244738
29935,0.00011547374
29936,0.0022488507
29939,0.00010368164
29941,0.05695004
29956,8.8452005e-05
29957,0.0024378062
29958,0.9954074
29960,0.0030082162
29967,0.0018460223
29971,0.0013640845
29982,0.05933812
29983,0.9795506
29984,0.0020048898
29985,0.0009614601
29987,0.0019962976
29989,0.9959741
29990,0.0024074032
29991,0.0049524084
29995,0.99753976
29997,0.00011812504
30003,2.930198e-05
30008,0.0003497989
30014,0.99266386
30020,0.99668616
30024,0.0017133133
30029,0.0016688243
30032,0.0007769613
30042,0.99266386
30047,0.0011507674
30052,0.0010066556
30057,0.9951224
30065,0.0025089872
30072,0.0011507674
30074,9.6650336e-05
30075,9.490177e-05
30077,0.0018460223
30081,0.9989384
30082,0.058001503
30084,0.99994767
30088,0.99664235
30105,0.05695004
30110,0.9941817
30111,0.0009530667
30113,0.00080970884
30117,0.9667283
30124,0.0022038817
30136,0.0021071536
30144,0.0013717309
30149,0.00031768167
30156,0.99309206
30157,0.00018994494
30158,0.0018290902
30161,0.0011507674
30164,0.06815258
30165,0.0019705335
30171,0.0023570883
30174,0.9989384
30176,0.9978904
30180,0.00083419785
30181,0.0011431512
30190,0.004877583
30198,0.9968466
30202,0.0012438869
30220,0.9360114
30223,0.00196325
30225,7.886518e-05
30230,9.0644426e-05
30231,0.0010448153
30235,0.99226636
30237,0.0017009887
30238,0.99507254
30241,0.0019266944
30242,0.0019705335
30245,0.00029068472
30248,7.437288e-05
30253,7.0918904e-05
30259,0.93757427
30262,0.9985176
30264,0.99431735
30265,0.00041179764
30267,0.001963568
30268,0.0018460223
30270,0.00089967187
30274,0.0012020001
30275,0.9989384
30276,0.0009530667
30277,0.9990508
30283,8.0602484e-05
30291,0.0019464431
30295,0.0008520578
30298,0.0011876996
30310,0.99674195
30311,0.9990854
30320,5.0391267e-05
30323,0.00046529956
30324,0.992589
30328,0.0011876996
30334,0.000812518
30337,0.0018365434
30339,9.460955e-05
30341,9.069716e-05
30346,0.0009954344
30347,0.0027780898
30350,0.0019464431
30355,0.99812084
30360,0.0012887303
30366,0.99606234
30367,0.0011849666
30370,0.0019464431
30372,0.00094338733
30373,0.0009717284
30374,0.99854577
30378,0.0003466004
30380,0.99753976
30388,0.0145206
30397,6.8198846e-05
30398,0.0024322267
30410,0.0001762255
30412,0.9911295
30418,7.3616815e-05
30422,4.9930386e-05
30424,0.9990508
30432,0.0012617662
30439,0.056403734
30440,0.000812518
30449,0.0021540227
30451,0.0022038817
30452,0.99612963
30455,0.0022497708
30459,9.490177e-05
30460,0.99606234
30479,0.00026101407
30483,0.9969869
30484,0.9973865
30489,0.9990854
30493,0.0012617662
30500,0.0022925592
30503,2.701561e-05
30516,0.0016630595
30520,4.9930386e-05
30522,0.0018460223
30526,0.0009530667
30527,2.930198e-05
30528,0.00020756046
30537,0.9359089
30545,0.98175806
30549,0.9388968
30551,0.0019705335
30555,9.713884e-05
30558,0.9979499
30560,0.0011650216
30562,0.054909497
30570,0.046880666
30577,0.059864704
30580,0.0009530667
30582,0.9966539
30583,8.8452005e-05
30584,0.0012020001
30588,0.0012032298
30594,0.001215572
30602,0.002718484
30603,0.9964084
30610,3.469316e-05
30612,0.989893
30616,0.99777967
30622,4.9358918e-05
30623,0.97743386
30624,0.0015347762
30629,9.515332e-05
30630,0.99309206
30637,0.0019307808
30643,0.0018331619
30657,0.9359089
30658,0.9989492
30665,0.0001744342
30668,7.886518e-05
30671,3.6134556e-05
30674,0.0010027144
30675,0.9978573
30676,0.0018460223
30682,0.0016638791
30695,0.002138839
30696,0.9998926
30697,4.2757663e-05
30699,0.934615
30701,0.0019464431
30705,0.0018272905
30710,0.9959741
30711,5.0549563e-05
30718,0.9946531
30725,0.002656265
30726,0.9990854
30727,0.00096480123
30729,0.001412902
30731,0.99540776
30735,0.96085775
30738,0.0018688721
30740,0.00017689046
30743,0.0023570883
30744,0.002128104
30749,6.8198846e-05
30755,0.00031658297
30759,0.06116655
30760,0.0018460223
30762,0.00051886676
30765,0.0009614601
30766,0.0014871894
30774,0.00057438447
30786,0.00224282
30787,0.98494524
30795,4.8970618e-05
30796,0.00062180485
30797,0.057445575
30798,0.9363916
30802,9.672409e-05
30806,0.06116655
30812,0.002276503
30819,4.1060503e-05
30821,0.058001503
30825,0.0018630321
30831,0.06116655
30832,7.8382334e-05
30833,0.0009530667
30837,0.0018854324
30839,0.9959741
30840,7.833451e-05
30842,0.0021177833
30843,0.0013608795
30844,0.0023079847
30858,0.0019907628
30862,0.9939367
30866,7.522676e-05
30870,6.8198846e-05
30871,0.9994167
30875,0.0012432116
30876,0.05695004
30885,7.391134e-05
30889,0.0011650216
30890,0.0003466004
30896,0.0009849904
30899,0.0019281546
30900,0.00191862
30906,0.002128104
30907,0.00014896301
30912,0.0018630321
30913,0.0009834582
30914,0.0008434034
30921,0.0062934975
30926,0.0001762255
30928,0.0009530667
30929,0.049663182
30931,0.0019464431
30934,0.0011431512
30940,0.001215572
30943,9.55812e-05
30948,0.9918745
30949,0.00021675474
30951,0.99799526
30965,0.05695004
30968,0.0009648743
30978,0.055916544
30980,0.0048272656
30983,0.0004974142
30986,0.0018710482
30987,6.0503753e-05
30989,0.000119287186
30990,0.00027963344
30991,7.2505376e-05
30995,0.99007446
30997,3.6056594e-05
30999,0.023609893
31002,0.005786506
31005,0.99668616
31007,0.9961747
31008,0.0017679747
31014,0.93683875
31017,2.0509646e-05
31027,0.0010448153
31029,0.9999447
31030,0.996093
31031,0.0012442376
31036,0.00016273314
31042,0.0062168865
31046,0.000861833
31048,0.00021420387
31051,0.00224282
31052,0.002441966
31053,0.00068328285
31056,0.93757427
31060,4.061564e-05
31062,0.99994767
31064,0.05695004
31070,0.00010093148
31073,0.9793692
31077,0.00017785195
31081,0.0001744342
31085,0.9953478
31093,0.0011650216
31094,0.0025089872
31096,0.0022355288
31097,0.00094338733
31102,0.99474984
31103,0.0031663657
31107,3.2813918e-05
31109,0.005133101
31110,0.00977531
31120,0.0019464431
31126,0.0011507674
31136,0.0012130828
31138,0.0009530667
31139,0.9365596
31143,0.00016131367
31145,0.9979488
31153,0.0022355288
31158,0.0022355288
31162,0.0012617662
31165,0.99606234
31166,0.9901896
31174,0.0009029029
31177,0.00020750269
31179,0.0025518907
31180,0.00012410163
31181,9.442452e-05
31183,0.0022038817
31184,0.0003466004
31187,0.0019657603
31193,2.9033976e-05
31197,0.0004606035
31202,0.00029068472
31205,0.9964838
31208,0.031181598
31214,0.00016680078
31217,2.7109423e-05
31224,7.355051e-05
31229,0.0019657603
31242,0.00094338733
31246,0.9946531
31249,0.00042882856
31256,0.9360114
31261,0.9961747
31266,0.0019550975
31267,0.0018272905
31269,0.9982717
31278,0.0021352964
31281,0.06991339
31282,5.0549563e-05
31289,0.0022488507
31290,0.00015826485
31291,0.9979923
31293,0.99507254
31297,0.0018688721
31299,0.03447786
31300,0.99507254
31303,0.9967668
31304,0.0018202428
31312,0.00025354043
31316,0.00027366765
31317,0.0003466004
31318,0.0012223562
31323,4.9930386e-05
31324,0.9999491
31326,0.00029068472
31335,0.0011390825
31339,0.002723121
31342,8.461063e-05
31350,7.437288e-05
31351,0.0031663657
31352,0.0041163885
31356,0.0009834582
31358,0.002323724
31365,0.00011547374
31368,0.9990854
31374,0.9930213
31376,0.9940467
31377,0.0008599168
31378,0.00014535912
31379,0.0009834582
31380,0.0022561196
31383,0.99664235
31389,0.99493355
31390,0.0007001444
31399,9.4826784e-05
31401,7.840192e-05
31404,7.188096e-05
31407,0.05695004
31410,0.0044635376
31411,0.0011286717
31421,0.0009530667
31423,0.028666595
31425,0.0053886245
31426,0.9360114
31433,0.00046946382
31436,0.0018272905
31438,0.0018460223
31440,0.00036201792
31442,0.0045045572
31443,0.9980679
31445,5.2850828e-05
31449,0.0003399401
31463,0.0018460223
31469,0.05695004
31470,0.05695004
31473,0.0010448153
31474,0.0012020001
31486,5.938236e-05
31490,0.03342323
31498,3.2813918e-05
31502,0.00034307817
31507,0.008444845
31508,4.9930386e-05
31511,0.941787
31532,0.99394673
31539,0.0021066563
31540,0.9990854
31545,0.0007362731
31546,3.3498673e-05
31547,0.0009618565
31548,0.9359089
31557,0.9986092
31565,0.00093061046
31567,0.0009530667
31570,0.056403734
31572,0.00011840392
31578,0.0001762255
31588,0.99606234
31607,0.001215572
31608,0.99606234
31609,0.00096480123
31611,0.99994767
31614,0.99766064
31618,0.0009938901
31619,0.00042950048
31620,0.00015514916
31624,0.0064239926
31625,0.0015678067
31628,0.0012020001
31632,0.0022355288
31638,0.0018542318
31639,0.9365596
31640,0.9365596
31645,0.9881891
31659,5.864012e-05
31666,0.002128104
31678,0.0018460223
31681,0.0009648743
31684,0.998453
31686,0.99013233
31688,0.9889908
31692,0.9948533
31696,0.00023621554
31698,0.05695004
31699,0.0003399401
31700,0.0003466004
31702,0.0062934975
31707,0.0009648743
31708,0.99674195
31710,0.0020118696
31713,0.0019705335
31718,4.9499384e-05
31719,0.0012854107
31720,0.0011237031
31723,0.001156202
31724,0.000119023476
31734,0.0017374204
31741,0.0010272533
31749,0.00042534823
31751,0.001865893
31754,0.00014744878
31755,0.0013757711
31757,7.437288e-05
31771,7.826515e-05
31772,0.0018460223
31778,0.0018460223
31779,0.98304915
31783,0.00027150178
31789,0.9952158
31792,0.009676867
31795,0.0023254857
31796,0.0009717284
31803,0.00041559758
31814,0.99763787
31819,0.02670451
31821,0.0022766753
31823,0.9735339
31824,0.00015559065
31825,0.00027272085
31826,0.0009834582
31829,0.0018723595
31835,0.0007110589
31836,0.00016273314
31837,0.9990508
31838,0.000861833
31840,0.99740297
31841,0.0019464431
31844,0.0011390825
31846,0.0018687308
31850,0.059864704
31857,0.0009834582
31866,0.0017814431
31867,0.99540776
31868,0.0008599168
31876,0.0022317201
31878,0.0001696673
31883,0.9964084
31886,0.00022385946
31890,0.0009648743
31893,0.99837506
31895,0.9928318
31898,0.0018688721
31905,0.0006425119
31913,0.9360114
31919,2.9033976e-05
31921,0.0006706786
31922,5.0391267e-05
31923,0.0009530667
31925,0.00032193185
31931,0.0009618565
31932,0.0022355288
31933,0.9978573
31940,0.08194102
31948,0.0011507674
31953,0.0008434034
31954,0.00084481185
31957,0.0019664257
31959,0.0019464431
31960,0.0005257983
31961,0.0019705335
31962,0.0015845402
31963,0.0019464431
31966,0.0012020001
31975,0.00019324174
31980,0.9989384
31983,0.0053886245
31987,0.7835061
31989,0.99984705
31995,0.000428861
32002,0.0019464431
32003,0.0008484623
32005,0.00041179764
32007,0.0010278074
32015,0.99784994
32016,0.00016131367
32021,0.00020073105
32035,0.0016688243
32037,7.201647e-05
32044,7.437288e-05
32050,0.006098111
32051,0.00094338733
32054,5.9483984e-05
32057,0.9963973
32060,0.00097347057
32061,0.9929919
32062,0.08194102
32066,0.0012617662
32071,0.99729496
32073,0.0011760852
32076,6.882835e-05
32084,0.0020882743
32086,0.00029068472
32090,0.05695004
32091,0.0009955098
32096,0.99681723
32097,0.0009618565
32099,0.9360114
32103,0.9990595
32107,0.0003960344
32109,0.0013608795
32112,0.0005522362
32115,0.029112319
32116,0.992322
32117,3.6134556e-05
32120,0.99740297
32127,0.0018460223
32130,0.00080970884
32131,0.0019266944
32136,0.00017289471
32142,0.0009530667
32148,0.0019266944
32152,0.99894685
32154,0.00021898054
32159,0.007415765
32166,0.0011849666
32172,0.0062934975
32173,5.9483984e-05
32176,0.00018463662
32179,0.99990606
32189,0.93890107
32190,0.0019464431
32194,0.9827405
32200,0.0010448153
32201,0.0008520578
32205,6.503158e-05
32210,0.0028256099
32216,0.00017540238
32224,0.0021132042
32226,5.0908955e-05
32227,0.000113384456
32232,0.9360114
32236,0.0019464431
32239,0.0019464431
32240,0.0001366677
32252,0.0018688721
32257,0.0012096657
32259,0.00209971
32280,0.000119287186
32284,0.05921329
32286,4.9930386e-05
32291,0.0025089872
32292,0.97810787
32295,0.996093
32298,0.0009530667
32310,0.002821142
32314,0.0009530667
32315,0.0011390825
32316,0.9932011
32326,0.99894685
32330,0.001865893
32333,0.014876494
32335,0.0062739174
32344,0.7799356
32345,0.97376966
32348,0.9990854
32349,0.00029068472
32351,0.0011507674
32354,0.00021842649
32355,0.0012020001
32358,0.0016516226
32359,0.0030407147
32363,0.0023570883
32366,0.059860423
32380,0.0001762255
32385,0.0001762255
32386,9.080672e-05
32387,0.0022636673
32391,3.6134556e-05
32396,0.0009921947
32397,0.05695004
32399,0.9964084
32401,0.98312575
32405,0.057445575
32414,0.007415765
32416,0.9967668
32418,0.0009530667
32419,0.0008306555
32422,0.9962584
32428,0.0009618565
32434,0.001435299
32435,0.99737644
32436,0.00018038557
32438,0.0018272905
32449,5.938236e-05
32451,9.053713e-05
32452,0.99309206
32454,0.99664235
32456,0.0009530667
32457,3.6134556e-05
32469,0.0016630595
32472,0.00080970884
32474,0.0018688721
32479,0.055916544
32486,0.0013757711
32490,0.00046219764
32505,0.00019594542
32508,0.029402528
32510,0.00096480123
32512,0.0009648743
32515,0.0018688721
32517,0.99995184
32519,0.0018460223
32523,0.06973825
32535,0.056403734
32540,0.9946531
32544,0.00036204534
32545,0.05695004
32549,7.0918904e-05
32550,0.0009530667
32557,0.0028326428
32558,0.0017149461
32571,0.0001762255
32577,0.055916544
32580,0.0046388153
32581,0.0039615985
32583,0.9359089
32590,0.0012453356
32600,0.00016273314
32633,0.0021806217
32636,0.0011237031
32639,0.05695004
32641,0.0011849666
32642,0.0002877303
32645,0.00017540238
32653,0.0025089872
32654,0.0019464431
32655,0.00011547374
32656,0.00094338733
32659,0.0018106014
32667,0.00010093148
32668,0.00043676072
32674,0.0002877303
32678,0.9998915
32679,0.00035821734
32680,4.9930386e-05
32682,0.93890107
32688,0.059864704
32699,0.05695004
32701,0.0019703843
32705,0.9990854
32710,0.9360114
32714,0.00017967884
32715,0.9999654
32720,3.6009515e-05
32723,0.08194102
32727,0.000897956
32731,5.9483984e-05
32734,0.99676657
32739,6.791063e-05
32744,7.0918904e-05
32755,0.03444232
32759,0.0022260405
32761,0.058001503
32763,0.056403734
32764,0.0011732957
32768,0.0005894902
32771,0.9990508
32774,0.00021898054
32778,0.0025089872
32802,0.9953478
32803,4.9930386e-05
32805,0.0019464431
32808,0.9990854
32809,0.0012096657
32810,0.0022835452
32814,0.000113384456
32817,0.9990508
32824,0.0008863309
32831,0.9978573
32832,0.00268459
32838,0.0009576411
32863,0.9975847
32872,0.001865893
32876,0.99866545
32883,0.9997296
32886,0.0012617662
32888,0.9989492
32889,4.9930386e-05
32891,5.0549563e-05
32895,0.0001762255
32905,0.0016638791
32921,0.0018460223
32924,7.505936e-05
32928,0.99989915
32930,0.00017138662
32942,0.00012410163
32946,0.0016630595
32947,0.0018630321
32954,0.0016688243
32959,0.028096283
32967,0.057445575
32978,0.0003466004
32983,0.998706
32985,0.970858
32987,0.0009530667
32989,0.0011390825
32994,0.99606234
32995,0.04886838
33000,0.9359089
33001,3.0720792e-05
33002,0.99178725
33003,4.417179e-05
33011,0.00094338733
33013,0.00030035968
33021,0.056403734
33023,0.9802464
33025,0.00013569833
33032,0.0018622652
33043,0.9990854
33046,0.95093226
33049,0.99994767
33054,1.968843e-05
33056,0.0008520578
33063,5.0663122e-05
33065,0.9360114
33069,0.05695004
33073,0.0009530667
33080,0.99837506
33098,0.00027366765
33101,0.0008484623
33103,8.271694e-05
33104,0.00094338733
33105,0.059860423
33106,0.0008484623
33107,9.150001e-05
33108,0.0011893054
33112,7.0918904e-05
33114,0.00045978953
33117,0.99753976
33118,7.840192e-05
33120,0.000812518
33124,0.0031663657
33130,7.8388315e-05
33136,2.9033976e-05
33137,0.0009618565
33140,0.0009717284
33141,0.0014766917
33144,0.0012032727
33152,0.000992528
33153,0.9990854
33158,0.0008484623
33161,0.059864704
33163,5.215211e-05
33178,0.0015347762
33183,0.05695004
33186,0.0075216894
33188,0.0025089872
33191,0.001412902
33193,0.99612963
33210,0.0009530667
33215,6.750554e-05
33219,3.355328e-05
33228,0.061162185
33229,0.0001762255
33233,0.99789536
33234,0.0007337851
33246,0.9999386
33248,0.00041179764
33250,0.0009530667
33258,0.0011507674
33263,0.0019464431
33266,0.0062934975
33267,0.0009530667
33274,0.00083419785
33275,0.0019643763
33298,4.362453e-05
33303,0.0018723595
33307,0.00047321653
33311,0.9990508
33314,0.0022038817
33315,0.0005490656
33322,0.99326384
33324,0.9963973
33335,0.008444845
33343,0.0011649333
33344,0.99894685
33349,9.2263064e-05
33354,0.000743829
33356,4.3688557e-05
33357,0.0019464431
33365,7.886518e-05
33367,0.99374145
33370,0.0003466004
33372,0.9908717
33373,0.057445575
33375,9.4545256e-05
33378,0.002128104
33381,0.0075460915
33388,0.0016638791
33391,0.0006771116
33394,0.0013209166
33396,6.8198846e-05
33400,0.9951224
33411,0.0010312909
33414,0.00035339125
33419,0.99619776
33420,0.00026369424
33424,0.061162185
33428,0.056403734
33434,0.0021638842
33436,6.503158e-05
33448,5.9483984e-05
33449,0.99476177
33457,0.00022236547
33471,0.99955183
33474,0.00027868382
33478,0.0018688721
33481,0.00034307817
33487,3.1521206e-05
33488,0.0022317201
33489,0.0001131175
33491,7.437288e-05
33496,8.0667385e-05
33497,0.99990475
33504,0.05933812
33512,0.0018460223
33517,0.042134438
33518,0.00029068472
33524,0.0047591035
33529,0.9959741
33532,0.0019266944
33541,9.428308e-05
33542,0.05695004
33546,0.05695004
33550,0.000117945965
33552,0.9779443
33555,0.98175806
33561,0.9967668
33562,7.355051e-05
33564,0.0003466004
33566,0.00089802407
33576,5.054571e-05
33582,0.9990508
33586,0.0019464431
33591,0.0005490656
33595,0.0014087296
33596,0.99266386
33601,0.0009530667
33603,0.0041163885
33605,0.00016273314
33607,0.9360114
33609,0.99894685
33611,0.00023914427
33618,0.0010200172
33619,0.0018630321
33627,0.0012617662
33633,0.0011649333
33637,0.00041179764
33638,0.0009347635
33640,0.056403734
33644,0.93757427
33647,0.93757427
33648,0.9986092
33652,0.9979207
33654,0.00094640144
33657,0.0003063751
33659,3.5474866e-05
33662,0.0011650216
33669,0.0016630595
33670,0.0003063751
33682,0.0017374204
33685,0.99901044
33690,0.0008269141
33704,0.9913113
33715,0.00021439922
33716,0.0031837288
33722,0.00042459648
33723,0.00018221955
33733,4.9499384e-05
33737,0.00041179764
33739,0.0018123896
33740,0.93890107
33743,6.503158e-05
33747,0.0022667418
33757,0.002079289
33766,0.00019936192
33769,0.0018460223
33783,0.9978982
33786,0.9940731
33790,0.9962297
33794,0.991968
33796,0.9360114
33798,0.9990508
33802,0.9360114
33804,0.06116655
33807,0.9940672
33809,0.004116078
33810,0.0034000375
33811,3.6134556e-05
33812,0.0009648743
33821,6.0033046e-05
33833,0.0022355288
33834,0.057445575
33837,0.0009955098
33838,0.0010027144
33839,0.0019705335
33843,0.00042534823
33848,0.00042837113
33849,0.000306352
33854,7.736683e-05
33856,0.0012020001
33860,0.99852365
33862,0.00010880774
33867,0.9811452
33869,0.0018687308
33875,0.00191862
33876,0.00094338733
33877,0.000812518
33879,3.595674e-05
33883,0.9946531
33885,0.0003063751
33887,0.9990508
33889,0.99845314
33900,0.9990508
33903,0.0003063751
33905,4.967354e-05
33908,0.99994767
33912,0.992589
33915,0.0016688243
33920,0.973821
33926,0.00011769812
33927,0.06815258
33929,0.059864704
33932,0.00041179764
33951,0.0009717284
33965,9.117115e-05
33971,0.00035089708
33972,0.00012725388
33976,0.00014896301
33980,0.05695004
33982,0.0022355288
33984,0.0019464431
33985,0.0018460223
33991,0.00030106725
33995,0.001363204
34001,0.996093
34007,0.0019307808
34011,7.391134e-05
34014,0.0009648743
34017,0.0018706173
34020,0.0011507674
34022,0.9980679
34024,5.9483984e-05
34025,0.9960925
34027,0.0022407072
34037,0.0009530667
34040,0.9940441
34046,0.99894685
34047,0.0018310769
34052,0.00038027662
34053,0.028096283
34055,0.029402528
34056,0.001706044
34057,0.0008317556
34058,0.0026251127
34059,0.0011507674
34061,0.0011390825
34067,0.00017289471
34070,0.9940117
34075,0.058001503
34077,0.0017741015
34084,0.0014102376
34088,0.93702203
34090,0.00019324174
34095,0.059864704
34096,7.437288e-05
34098,0.000812518
34101,0.0011999501
34102,0.0020293987
34106,4.362453e-05
34112,0.0001762255
34115,0.000812518
34116,0.000812518
34117,0.00017844682
34120,9.9039244e-05
34128,0.00191862
34129,0.99751115
34139,0.9979499
34140,0.0002442584
34150,0.99741036
34152,5.1218023e-05
34155,0.0018630321
34158,9.60153e-05
34159,0.9969572
34165,0.0022488507
34167,1.9057032e-05
34170,0.99266386
34171,0.96341646
34172,0.78275204
34176,0.0022561196
34182,0.00027366765
34184,0.008444845
34187,0.0019464431
34191,6.503158e-05
34195,0.99606234
34198,0.0009648743
34202,0.0022038817
34209,0.0010448153
34216,7.437288e-05
34219,2.9160008e-05
34226,5.938236e-05
34227,0.0009530667
34229,0.00043603563
34231,0.9937629
34237,0.0011507674
34242,0.002323724
34250,0.0019066228
34253,0.05695004
34257,3.539599e-05
34262,0.9990854
34265,0.0019705335
34266,0.0031230592
34274,0.0018460223
34280,0.0001846111
34281,0.002676443
34283,0.992589
34296,0.9777354
34300,0.0018460223
34302,3.6134556e-05
34307,0.00075298926
34308,0.0018688721
34310,0.0019281546
34311,0.0019705335
34314,0.0020439588
34317,0.00037771877
34333,0.0017939985
34337,0.0009530667
34338,0.026440207
34341,0.0003063751
34342,0.0018687308
34343,0.000992528
34345,0.9815741
34346,0.9960925
34351,0.0009648743
34360,5.0549563e-05
34363,0.9975923
34366,0.0012020001
34369,0.997503
34371,0.00027366765
34372,0.06116655
34373,0.0016688243
34375,0.05695004
34376,0.00042459648
34385,0.0012746796
34388,0.9999418
34394,0.9360114
34402,0.0048607886
34403,0.9979146
34406,0.0011554506
34408,0.9990508
34410,0.0069943736
34414,0.9978054
34415,0.00012556756
34416,0.0020617484
34424,0.9963973
34426,0.99668616
34433,0.0009530667
34435,0.9916563
34441,0.99685574
34444,0.99815184
34452,0.0025089872
34453,0.9989384
34455,0.0001762255
34456,0.0024734782
34459,0.00077119033
34460,0.0018630321
34466,7.853609e-05
34467,0.00029068472
34475,9.55812e-05
34476,0.0009530667
34481,0.9829186
34494,0.0022250516
34495,0.99897194
34496,0.0051926407
34498,0.9951224
34500,0.99507254
34502,4.9422786e-05
34507,0.0012130828
34508,0.00011772865
34510,6.503158e-05
34513,0.00268459
34516,0.99337643
34519,7.142167e-05
34520,0.9979778
34526,3.595674e-05
34529,0.9978987
34536,0.0009823776
34539,0.003515652
34542,0.00224282
34544,0.0001762255
34550,0.9975923
34557,0.0009938901
34571,0.00080970884
34575,0.9940731
34578,0.0023645554
34586,0.9975648
34587,0.9881891
34594,0.0012020001
34597,0.0008520578
34599,0.000812518
34601,0.0020716044
34611,0.02670451
34614,0.0022488507
34615,0.00016334723
34619,0.9359089
34621,4.3840268e-05
34622,0.0019643763
34623,0.9942158
34630,0.00034307817
34643,2.9160008e-05
34646,0.0008520578
34647,0.0019281546
34652,0.014251389
34653,0.001865893
34654,0.05695004
34655,0.0019281546
34657,0.9979463
34667,0.00040902785
34670,0.9940731
34681,0.0016845337
34682,0.0002877303
34684,0.0061540767
34688,0.0019090989
34690,0.99740297
34693,0.0008520578
34705,0.99990606
34715,9.6116804e-05
34717,0.0010068134
34718,0.0008520578
34719,0.0022317201
34721,7.8388315e-05
34722,0.00027366765
34727,0.0009308521
34729,0.0019464431
34730,0.9967528
34731,0.0011507674
34733,0.0011507674
34734,0.99750745
34735,0.0022355288
34736,0.9990854
34738,0.99266386
34743,0.0014102376
34748,0.0021071536
34753,0.9979983
34760,0.0019705335
34765,0.99777967
34769,0.99559104
34773,0.001099311
34778,0.0023570883
34786,0.9990854
34788,0.9989492
34792,0.0018688721
34794,0.99777967
34810,0.00012410163
34815,0.9959741
34816,0.0004975435
34822,0.00043603563
34824,0.0018272905
34830,0.00016107898
34836,0.992589
34841,0.004921014
34845,0.99611604
34848,0.9360114
34849,0.00035089708
34851,0.004877583
34856,0.00016273314
34859,0.031181598
34862,5.864012e-05
34864,0.0009308521
34865,0.00026991862
34870,0.9990508
34871,0.06365462
34876,0.0018310769
34886,0.0003497989
34889,0.0009938901
34890,0.0012453356
34891,0.0019657603
34895,0.008885567
34896,0.0009530667
34897,0.0018688721
34903,3.069678e-05
34908,0.9928449
34909,0.0030407147
34914,0.99989915
34917,0.0009530667
34924,0.0017374204
34926,0.0012453356
34934,0.000118901524
34936,0.0020804557
34938,0.0022037148
34941,0.0023787958
34948,0.0012130828
34957,0.9901896
34961,3.5474866e-05
34962,0.0011507674
34966,0.99994636
34968,0.0022038817
34969,0.00070278265
34974,0.0019464431
34975,0.9777354
34976,0.056403734
34977,0.0002877303
34982,0.0018688721
34988,2.9033976e-05
34990,0.99904054
34993,0.0022260405
35024,0.0017679747
35027,0.0009849904
35034,0.007112688
35036,0.00044854236
35051,0.00039690686
35053,0.9973865
35077,0.0018123896
35080,0.0012617662
35083,0.0010200172
35084,0.0019657603
35091,0.0060281656
35104,6.1631086e-05
35108,0.0001131175
35117,0.99984705
35125,0.0012833696
35128,0.0022317201
35132,0.026440207
35134,0.0022488507
35137,0.99994516
35140,5.587906e-05
35141,7.437288e-05
35146,0.00027920536
35147,0.9987037
35150,0.0003497989
35153,0.0022437603
35164,0.9990854
35165,0.99994755
35168,0.0009530667
35186,0.99993706
35187,0.057445575
35192,5.8357393e-05
35195,0.00017785195
35198,0.0019464431
35205,0.00025433843
35206,0.9966539
35210,0.0009614601
35214,0.0005433974
35215,0.0008520578
35219,0.002212863
35223,0.009589202
35227,0.9990508
35229,0.9937629
35232,0.0020042115
35234,0.00046084743
35235,4.9422786e-05
35247,0.9978199
35251,0.059864704
35254,0.0001762255
35258,0.0011507674
35260,0.0012972616
35261,0.007415765
35262,0.05695004
35263,0.0018460223
35264,0.95772076
35265,0.99668616
35270,4.9930386e-05
35272,0.05695004
35283,0.0018460223
35286,0.9990854
35308,0.0011650216
35311,0.9974267
35312,3.6407815e-05
35315,0.99811184
35319,0.029208258
35321,0.9881891
35322,6.882835e-05
35323,0.07942172
35330,0.0021071536
35335,0.0008520578
35343,0.0021806217
35345,0.9957682
35347,7.355051e-05
35351,0.00016273314
35352,0.0035079478
35358,0.9990508
35361,0.9360114
35363,0.0015845402
35365,0.0018272905
35368,0.0021540227
35370,0.9904392
35372,0.001624251
35376,0.00017844682
35382,0.0011025361
35385,0.0009614601
35386,0.9827539
35388,0.0018688721
35392,0.023609893
35397,0.06116655
35401,0.00013236117
35409,0.0003960344
35411,0.0009955098
35415,0.0001744342
35417,9.560235e-05
35420,0.99248284
35422,0.99737644
35434,0.0022488507
35442,0.05695004
35445,0.0018340487
35448,0.00027272085
35454,0.0013755523
35456,0.9900899
35457,0.0009648743
35464,0.07287026
35467,0.9978573
35468,0.0023570883
35473,0.98200953
35475,0.00020750269
35484,0.031649925
35487,0.0019141102
35491,0.002323724
35493,0.05695004
35494,4.3840268e-05
35508,0.7857103
35517,0.99845314
35524,0.0019464431
35525,6.1525796e-05
35527,0.0018630321
35528,0.0031663657
35532,0.0005380846
35536,5.9483984e-05
35537,5.986377e-05
35544,0.9959741
35546,0.0022737668
35550,0.00094338733
35561,0.0019266944
35563,0.99994767
35566,0.05228364
35569,0.97975427
35570,0.06116655
35576,0.9951224
35578,0.05695004
35581,0.0022038817
35583,0.0006649994
35587,0.0009530667
35589,0.00023621554
35590,0.9951224
35591,0.9360114
35594,0.0022735947
35595,0.9990363
35600,0.0018460223
35601,0.0008977049
35605,0.0012617662
35606,0.00014896301
35612,0.00034307817
35613,0.001984517
35622,0.00191862
35626,0.000116318406
35633,0.0009530667
35639,0.82755864
35641,0.00018025388
35650,0.0010200172
35652,0.9966539
35654,0.002212863
35656,0.9986223
35657,0.00016273314
35660,0.00064766733
35664,9.295472e-05
35667,0.0009013626
35673,0.001492089
35674,3.593182e-05
35677,0.001215572
35678,7.437288e-05
35682,0.9889908
35683,0.0011849666
35685,0.05695004
35687,0.9990363
35689,0.0024415685
35690,0.00083561917
35692,7.8154095e-05
35701,0.9940731
35702,0.0012854107
35703,4.305583e-05
35707,0.99664235
35713,2.9033976e-05
35716,0.0008520578
35718,7.392227e-05
35720,0.9951224
35721,0.9889908
35727,0.0009997693
35728,0.9990363
35738,0.0019464431
35746,0.9360114
35753,0.0018331619
35754,7.826515e-05
35755,9.428308e-05
35758,0.00038027662
35760,5.9483984e-05
35767,0.00019324174
35778,0.0009810938
35786,0.0022038817
35796,0.05695004
35811,5.1218023e-05
35814,0.0009834582
35816,0.9978573
35824,0.0013072535
35826,0.9940731
35827,0.9990363
35829,0.0009648743
35832,0.0017374204
35837,0.0019464431
35843,0.93890107
35844,0.0008434034
35845,0.00023381459
35848,0.0009530667
35861,0.013129782
35864,0.0014102376
35867,0.0019705335
35870,0.9966539
35874,0.9990854
35877,0.9973037
35879,0.0019464431
35883,0.00020487169
35901,0.06116655
35902,2.147112e-05
35905,0.0022355288
35908,4.3840268e-05
35912,0.0022355288
35914,0.00028207898
35916,0.0012913918
35917,0.9937629
35919,0.9986008
35928,0.00051970175
35929,0.0018688721
35933,0.99878544
35942,0.059864704
35945,0.000812518
35955,4.3840268e-05
35962,9.4826784e-05
35969,0.00019161613
35972,0.0016283666
35977,0.00017289471
35986,0.0014466253
35988,0.027124632
35989,0.0009955098
35990,0.9984302
35991,7.826515e-05
35996,0.0018123896
36000,0.0017425838
36009,0.9990854
36011,0.0003466004
36012,0.0005239799
36013,0.0009614601
36023,0.0023570883
36025,9.515332e-05
36026,0.00016273314
36027,0.9973597
36031,0.9979081
36032,0.0012020001
36041,7.8388315e-05
36043,0.00042297956
36050,0.000539832
36052,0.9977888
36053,0.0019464431
36061,0.9999471
36066,7.840192e-05
36074,0.99737644
36075,0.00029068472
36077,0.00029336725
36092,0.00097347057
36097,0.0011849666
36098,0.00094338733
36099,0.0018310769
36101,0.9881891
36104,0.00019991699
36107,0.00028578102
36108,0.99741036
36110,0.0819353
36111,0.99912685
36113,0.00011299212
36117,0.0002877303
36123,0.99007446
36128,0.00018994494
36129,0.0002877303
36131,0.999694
36140,0.9985879
36142,0.0019464431
36146,0.06116655
36149,0.00060082553
36151,0.0010448153
36152,0.00018463662
36153,0.000113384456
36168,5.306678e-05
36178,4.9930386e-05
36181,0.0061540767
36186,0.0021540227
36191,0.9928318
36193,0.00037771877
36194,0.0022355288
36197,0.00010186308
36204,0.00020808974
36207,0.0005257983
36208,0.05695004
36209,0.0019090989
36211,3.6134556e-05
36223,0.9360114
36225,0.0030407147
36232,0.00016334723
36246,0.0016943339
36250,0.0012617662
36255,6.503158e-05
36262,0.06116655
36264,0.0005456983
36268,0.00017289471
36277,0.00042534823
36278,7.281267e-05
36296,7.188096e-05
36300,0.00029068472
36302,0.0045754276
36305,0.0001762255
36308,0.00047321653
36311,0.96790665
36314,0.9990508
36315,0.0007845505
36316,0.0014502994
36320,0.05695004
36321,0.0005380846
36327,0.7619584
36329,0.00034307817
36333,0.06116655
36341,0.00015826485
36346,0.0001696673
36349,0.0011999501
36352,7.3616815e-05
36355,0.0011507674
36361,0.0009648743
36373,0.12773122
36374,0.0002507054
36376,0.000684623
36382,7.826515e-05
36396,7.886518e-05
36398,0.00031673905
36407,0.99507254
36411,0.99467975
36412,0.00020170376
36413,0.9999467
36416,8.8452005e-05
36420,0.0016688243
36423,9.6657255e-05
36447,4.9930386e-05
36449,7.0918904e-05
36451,0.00093555334
36454,0.98806924
36459,0.0003063751
36460,0.00013359722
36461,0.99777967
36471,0.0018374231
36472,0.057085667
36477,0.9916276
36481,0.00042557353
36487,0.0001765883
36490,0.008444845
36491,0.0001371697
36498,0.99675363
36504,0.00038378575
36510,0.00014896301
36517,0.0022038817
36520,0.00018038557
36522,0.0018460223
36526,0.0019657603
36530,0.0018272905
36535,0.0024101164
36537,0.9990508
36539,0.97150606
36541,0.99799526
36544,0.0061540767
36546,0.99602205
36547,0.0005380846
36553,0.00015825278
36555,0.0018340487
36560,0.99740297
36565,0.0017009887
36570,0.0018723595
36572,0.06116655
36574,0.0024074032
36583,0.9937629
36589,0.00053716626
36590,0.00081058894
36597,9.60153e-05
36606,0.00097347057
36607,0.0011390825
36608,0.000114663206
36614,0.001215572
36618,0.0018460223
36619,0.013652532
36627,0.9990854
36630,0.0030407147
36634,0.99753976
36641,0.9990508
36645,0.00026369424
36646,0.0004975435
36653,5.1218023e-05
36656,0.0020120812
36658,0.0016688243
36661,0.0019464431
36669,0.00029068472
36672,0.99777967
36673,7.188096e-05
36680,0.0009530667
36683,0.9994211
36684,0.0009530667
36689,0.0063379635
36696,0.97452873
36699,0.99746275
36705,0.001363204
36706,0.00016273314
36713,0.0012184875
36716,0.00094338733
36717,0.0022317201
36721,0.9983912
36729,0.99837506
36730,0.0008520578
36739,0.0019643763
36740,0.9612018
36742,0.029242743
36749,0.0009921947
36752,0.0046949172
36753,0.0005894456
36754,8.8452005e-05
36755,0.0012453356
36758,0.0009530667
36760,0.0005429493
36766,0.00029068472
36768,0.0030407147
36769,0.0003466004
36770,0.9980374
36787,0.0030407147
36792,0.0018460223
36793,0.0018723595
36795,0.0005380846
36797,0.059864704
36801,0.00017064191
36802,0.0009834582
36805,0.004921014
36812,0.00021898054
36817,0.0064777993
36819,0.0024378062
36821,0.9946531
36822,0.0020115739
36829,0.0009729461
36835,0.0009530667
36836,0.99297476
36838,5.0549563e-05
36843,0.67652947
36845,0.028829612
36846,0.00045669713
36849,0.00016273314
36850,0.0018374231
36851,0.9944068
36854,0.00038907275
36858,0.9990264
36871,3.469316e-05
36874,0.0009648743
36876,0.0019464431
36883,7.094968e-05
36888,0.99050224
36895,0.95772076
36899,0.0018374231
36905,0.00013897006
36911,0.00020170376
36914,0.9990363
36916,0.0012887303
36918,0.0009834582
36924,5.0549563e-05
36927,0.9982364
36930,0.9979499
36932,0.99100083
36934,0.99097544
36938,0.0017240281
36942,0.001215572
36943,0.06116655
36954,3.069678e-05
36961,0.0018687308
36963,0.002138839
36964,0.0075089424
36966,9.4545256e-05
36969,0.001865893
36974,0.0018460223
36977,0.0004409491
36990,0.00047217635
36993,0.000992528
36994,0.0018106014
36997,0.0016688243
36999,0.010181991
37004,0.0003466004
37009,0.0005380846
37014,0.9990451
37017,0.05695004
37018,0.0019464431
37022,0.00010074157
37028,0.0005257983
37032,3.355328e-05
37034,0.001400711
37038,0.0011507674
37039,0.00080970884
37045,0.00011611969
37048,0.00841587
37050,0.0050221556
37053,0.0018460223
37054,0.9990508
37055,0.00069368246
37056,0.0009308521
37059,0.00019095313
37063,0.0019550975
37065,0.002209093
37068,0.00029068472
37072,0.00268459
37083,0.0011999501
37088,0.059538398
37090,7.437288e-05
37093,0.9990854
37096,4.0926647e-05
37100,0.0019550975
37102,4.9930386e-05
37107,0.002323724
37108,0.9990508
37118,0.002441966
37120,0.0053886245
37122,0.00067300576
37128,0.00026369424
37129,0.9999143
37143,0.0009530667
37146,0.05695004
37155,0.0019238521
37156,0.9999659
37162,0.0018821359
37166,0.05933812
37169,0.0018123896
37171,0.97596085
37178,0.0017374204
37183,0.0013640845
37185,0.0024226094
37195,0.0012617662
37197,0.9990363
37200,0.0008802623
37205,7.8388315e-05
37206,0.9986223
37208,0.001363204
37212,0.0023570883
37217,0.0019464431
37219,5.1604402e-05
37221,0.0009921947
37222,6.8198846e-05
37227,0.0030407147
37237,5.0549563e-05
37238,9.081391e-05
37255,7.3616815e-05
37259,0.00035087048
37260,0.0012130828
37261,0.0009530667
37263,0.000992528
37267,0.00016273314
37270,5.4535583e-05
37273,0.00032254442
37275,0.99837506
37278,0.99740297
37279,0.06116655
37283,5.801985e-05
37286,0.06116655
37288,0.00012967756
37289,0.0012617662
37290,0.0022636673
37292,0.0022766753
37307,0.001295499
37313,0.96614575
37316,0.00029068472
37318,0.0009648743
37319,0.0010080227
37321,0.0019947449
37322,0.00011887443
37333,0.00045669713
37343,0.9930848
37344,0.9979473
37346,0.019947466
37355,0.0023530729
37362,0.0001762255
37363,0.99674004
37365,0.9961649
37371,0.00034307817
37386,0.0009614601
37388,0.0019266944
37389,0.9916276
37393,0.0034000375
37397,0.9990854
37398,0.00038792743
37400,0.00029402107
37401,0.000119287186
37402,0.0016638791
37404,0.9999447
37405,0.00023756981
37407,0.005711954
37418,0.0053191716
37420,0.001173417
37421,0.99951017
37422,0.0063379635
37429,0.0011507674
37432,0.0018723595
37439,0.9951224
37443,0.0022332454
37446,0.9360114
37455,4.9930386e-05
37460,0.0023570883
37463,0.001003056
37467,6.0975464e-05
37468,0.0050734715
37470,0.0022488507
37471,0.99606234
37476,0.9986222
37481,0.0018622652
37482,0.0012393673
37483,0.0018821359
37487,0.0012267798
37493,3.083003e-05
37494,0.99060434
37501,0.9901896
37505,0.0008520578
37519,0.058001503
37522,0.00047131005
37525,0.0009308521
37541,0.97376966
37544,0.0012059244
37546,0.00017488268
37553,0.0011613783
37554,0.05695004
37563,0.008885567
37568,7.3616815e-05
37571,0.9359089
37573,0.056403734
37574,7.201647e-05
37579,0.0022355288
37582,0.017494889
37583,0.008885567
37594,0.010181991
37597,0.00094338733
37602,0.99905723
37608,0.0009530667
37609,0.0011589874
37610,0.00013382583
37614,0.002323724
37615,0.002033034
37616,4.967354e-05
37619,0.0023570883
37622,0.0010260576
37643,0.0006543146
37646,0.98959
37648,0.0019464431
37650,0.0021540227
37651,0.001963568
37656,0.0009530667
37661,0.0011431512
37668,0.9990508
37669,0.00021898054
37674,0.0019664257
37675,0.0017374204
37677,7.437288e-05
37678,0.00019970303
37679,0.0022355288
37680,0.0012438869
37692,0.001984517
37698,0.0019266944
37699,0.0022355288
37703,0.0022037148
37705,0.0001696673
37710,0.99903417
37713,0.0009717284
37716,0.0018460223
37719,7.188096e-05
37728,0.0012020001
37729,0.99852306
37731,0.0009530667
37732,0.0019464431
37735,0.99260485
37736,0.0022355288
37739,0.0010321607
37741,0.98175806
37752,0.0003209827
37760,0.002323724
37767,0.00089802407
37773,0.9986223
37774,0.00043603563
37776,0.0011390825
37779,0.00011989798
37780,0.99840266
37781,0.00035089708
37782,7.437288e-05
37785,0.0022038817
37786,0.0018630321
37787,0.7077705
37789,0.9978904
37790,0.9993081
37801,0.059864704
37804,9.460955e-05
37806,0.002723121
37812,0.0008484623
37818,0.9990508
37824,0.0018688721
37827,7.437288e-05
37835,0.0019464431
37836,0.0018138075
37851,0.00069791434
37852,0.9978054
37853,4.9930386e-05
37855,0.001333222
37859,6.1525796e-05
37863,0.00014896301
37866,0.9998956
37872,0.0012617662
37873,0.0019464431
37874,0.99792945
37876,0.0008484623
37884,0.00054508436
37890,0.0003063751
37891,0.9987037
37894,0.001945816
37900,0.00080657157
37901,0.9916276
37902,0.0022667418
37903,0.00036204534
37909,0.0018374231
37914,0.0008520578
37915,0.9987155
37919,0.0010666288
37920,0.0001872294
37923,0.9959741
37924,3.3495955e-05
37930,0.00094652176
37936,0.9960777
37937,0.9889908
37940,0.9985879
37944,0.00013540931
37956,0.9990508
37959,7.201647e-05
37964,0.0003063751
37966,0.9951224
37969,0.00011507418
37979,0.0018272905
37981,0.00089802407
37983,0.00094338733
37988,5.215609e-05
37991,7.761786e-05
37995,0.9956547
37996,4.9930386e-05
37998,5.9483984e-05
37999,0.0022355288
38001,0.0021425823
38002,0.0017939985
38007,0.9667283
38011,0.0019705335
38016,0.014132229
38017,0.00018038557
38020,5.5367986e-05
38027,0.0009715808
38029,9.55812e-05
38033,0.9966539
38036,7.437288e-05
38053,0.00042459648
38055,0.9951224
38060,0.99784994
38062,0.0049662166
38064,0.00017844682
38076,0.0010023577
38082,0.0024074032
38086,0.0004606035
38093,0.99394673
38095,0.0021752012
38097,0.9990363
38099,0.0010027144
38102,0.00058319565
38108,0.0062934975
38111,0.0023570883
38114,0.0011609
38116,0.0017679747
38117,0.015386523
38120,0.001963568
38124,0.0016688243
38135,0.000812518
38145,0.9984302
38149,0.508494
38150,0.0017425838
38152,0.0025988533
38153,0.99836355
38158,0.9827405
38161,0.9990508
38178,0.9990363
38179,4.3501186e-05
38187,0.00062095915
38192,0.0023736176
38195,0.0001950252
38198,0.99905723
38199,0.0019464431
38204,0.00026369424
38206,0.9954181
38217,0.00043603563
38220,0.0018688721
38221,0.9930999
38230,0.0022355288
38234,0.05695004
38244,0.9773934
38246,7.826515e-05
38256,0.058747362
38259,0.0021555177
38261,0.00029068472
38263,0.00020352048
38269,0.00083561917
38275,0.9810752
38277,0.001865893
38279,0.9964897
38280,0.0009308521
38284,0.00053716626
38287,0.0030407147
38291,0.00012556756
38292,0.056403734
38293,0.9990264
38301,0.9922476
38302,0.0003466004
38306,0.0021873803
38307,0.9984174
38312,0.00015826485
38315,0.0018272905
38319,0.0012733993
38326,0.9360114
38327,0.0018374231
38329,0.0008520578
38343,0.00083561917
38344,0.007415765
38347,0.06889685
38353,0.00094338733
38356,0.0005818562
38357,0.004877583
38361,0.058747362
38362,0.059864704
38368,0.0009997693
38369,0.002404703
38371,0.0025089872
38374,0.00072954124
38375,0.00018095855
38377,0.0021807575
38378,0.9990363
38380,0.0007487347
38384,0.0014522272
38387,0.98806924
38390,7.437288e-05
38391,0.00020352048
38392,0.059322003
38408,8.0602484e-05
38410,0.9901626
38423,0.059864704
38425,0.0011562896
38426,0.0009648743
38428,0.0008599168
38431,0.9919512
38432,0.0036859894
38434,5.054571e-05
38435,0.0010531162
38436,0.9937629
38438,0.05695004
38439,0.0009648743
38440,0.002128104
38445,0.0026326817
38447,0.0017939985
38456,0.0009938901
38463,0.9999058
38475,4.9422786e-05
38479,0.057423245
38480,0.0008306555
38484,0.99777275
38486,0.0019705335
38487,2.9033976e-05
38497,0.0009834582
38499,0.9360114
38501,0.00023489672
38502,3.6134556e-05
38507,0.9981949
38512,3.069678e-05
38517,0.0005380846
38527,0.0018460223
38530,4.305583e-05
38532,0.0018460223
38533,9.117115e-05
38535,0.9971378
38540,0.002323724
38541,0.0018310769
38547,0.0009834582
38555,0.99602205
38561,0.0009497296
38562,0.0019643763
38563,6.898184e-05
38564,0.0009530667
38565,0.00029068472
38566,0.99750745
38570,0.0016630595
38580,0.0003466004
38583,0.99800676
38585,0.0019657603
38586,0.0004975435
38587,0.00024138327
38593,0.00011772865
38594,0.0018460223
38597,0.00016273314
38598,2.9033976e-05
38600,0.046880666
38604,0.0021796653
38607,0.00011547374
38608,0.00097347057
38610,6.791063e-05
38617,0.0023488633
38621,0.07929684
38625,0.0019307808
38630,7.853609e-05
38637,0.0022992021
38649,0.0011507674
38653,0.0030407147
38656,0.9966539
38662,0.9951224
38666,0.0016166985
38669,0.05695004
38675,8.745086e-05
38680,0.06365915
38686,0.0019643763
38687,0.9977719
38689,0.0012130828
38690,0.9359089
38692,0.0010874087
38710,0.9973865
38712,0.9990508
38719,0.9990264
38726,0.0022260405
38732,0.00017065492
38742,0.002323724
38743,0.99993706
38744,0.0012020001
38749,0.0022355288
38754,0.00027366765
38758,0.99540776
38759,0.002128104
38761,0.00094652176
38765,0.0009530667
38766,0.0062934975
38767,3.0384706e-05
38773,0.9990363
38775,0.99720216
38778,0.01863142
38781,0.0038365747
38784,0.0009530667
38787,4.9422786e-05
38789,0.016689343
38795,0.0009955098
38797,0.00094338733
38798,0.001215572
38801,0.0023570883
38803,0.00020418892
38809,0.9979292
38811,0.0019705335
38812,0.00087077054
38814,0.0023570883
38822,0.9359089
38831,0.0018460223
38836,0.0014087296
38837,0.00039466913
38840,0.9990854
38841,0.00019324174
38843,0.9967474
38844,0.9612018
38846,0.99852306
38848,3.246682e-05
38851,0.00049702654
38853,0.99472874
38855,0.0019947449
38864,0.0021071536
38870,0.00094338733
38871,0.055916544
38874,0.9990508
38880,0.00010786632
38882,0.0024784955
38891,8.38368e-05
38896,0.0020882743
38899,0.0005380846
38901,0.00035089708
38903,0.008885567
38904,0.9978573
38910,0.0012020001
38915,0.9990508
38918,0.0018460223
38923,0.0036424964
38925,0.026944391
38930,0.9999467
38936,0.00027272085
38938,0.0012696903
38940,0.9889908
38943,0.002250714
38945,0.9359089
38947,0.0030203164
38950,0.00043813325
38956,0.0012188003
38957,0.0019464431
38971,0.059864704
38972,4.9422786e-05
38979,0.0025089872
38985,0.0018460223
38989,9.053713e-05
38992,0.981778
38999,0.001984517
39001,0.93757427
39002,0.00015826485
39003,0.00029068472
39008,0.00094338733
39009,0.9968957
39014,0.05695004
39018,0.99612963
39019,0.00027366765
39021,0.99751675
39024,0.9183563
39028,0.001215572
39029,0.0018460223
39031,0.0009834582
39035,0.0030407147
39037,0.0009648743
39040,6.882835e-05
39054,0.0024760538
39064,0.9924275
39065,0.00027868382
39069,0.056403734
39073,0.0011650216
39078,0.00080970884
39083,3.2813918e-05
39084,2.9160008e-05
39085,9.55812e-05
39089,0.0019643763
39090,0.0005490656
39094,0.0017241316
39097,0.00020352048
39099,0.99753976
39102,0.0022488507
39103,0.99903417
39105,0.0002373502
39106,7.437288e-05
39111,0.97326374
39112,4.1060503e-05
39113,0.99988174
39117,0.057208028
39123,0.0022038817
39124,0.0018723595
39130,0.05695004
39133,0.0019364496
39135,0.05695004
39140,6.8198846e-05
39144,0.00023621554
39145,0.0003960344
39151,0.0018460223
39155,4.9930386e-05
39166,0.0005522362
39167,0.977549
39174,9.6650336e-05
39176,0.0011507674
39179,0.00094338733
39180,0.0062168865
39181,0.00015640086
39184,0.9968208
39185,0.05695004
39186,7.201647e-05
39190,0.003110858
39196,0.99737644
39199,0.00011460221
39205,0.9980531
39207,0.9345025
39212,0.0019464431
39215,0.00096480123
39216,5.1604402e-05
39219,0.0011507674
39221,0.9978573
39225,0.0018630321
39227,0.002128104
39229,0.99830085
39230,0.0022488507
39231,0.05695004
39233,0.0050734715
39235,0.0018460223
39237,0.98252285
39246,0.0011650216
39247,0.0012910345
39248,0.99266386
39249,0.0031663657
39254,0.000116318406
39257,8.112546e-05
39260,0.9981949
39265,0.056403734
39270,0.99740297
39272,0.056403734
39274,0.05695004
39282,0.0024732912
39287,0.9923955
39289,0.0009530667
39290,0.0008484623
39305,0.99740297
39309,0.0003466004
39318,0.9978573
39320,6.503158e-05
39325,0.0019464431
39327,0.05695004
39328,0.002033034
39329,0.99776804
39333,0.0008274028
39336,0.0022355288
39338,0.0017574431
39339,0.0021066563
39340,0.9999654
39341,0.00016131367
39344,0.9972025
39345,0.00019519859
39355,0.0009618565
39356,3.6134556e-05
39357,5.054571e-05
39359,0.02670451
39361,7.391134e-05
39362,0.0016638791
39367,6.011411e-05
39372,0.9990264
39373,0.001492089
39377,0.0011768411
39385,0.9983912
39386,7.3616815e-05
39393,0.000812518
39396,2.9160008e-05
39406,0.0003466004
39408,0.0019557758
39411,0.0009530667
39412,0.997147
39413,0.9999447
39415,0.00011547374
39418,5.864012e-05
39429,0.99994683
39433,0.00011507418
39435,5.9483984e-05
39441,0.00094338733
39453,0.0018460223
39466,0.0009717284
39480,0.9940731
39505,0.9927159
39507,9.8278615e-05
39519,0.00016423508
39522,0.0008520578
39540,0.0016638791
39552,0.006185103
39554,0.0070216996
39555,0.9623814
39561,0.0011507674
39569,0.00053543336
39571,0.0022355288
39573,0.0022038817
39575,0.0034634117
39579,0.0018687308
39582,0.0017957824
39588,7.355051e-05
39591,0.9360114
39595,0.0009530667
39600,0.00016273314
39605,0.000743829
39608,0.9990508
39614,0.0022068124
39621,0.0001872294
39624,0.99618286
39625,0.002683472
39628,0.00034307817
39629,0.0010029576
39631,0.00029336725
39632,0.9990854
39636,0.00094338733
39639,0.0013876851
39641,4.362453e-05
39649,0.057427917
39651,0.0020539039
39657,0.0018460223
39671,0.0009648743
39672,0.00015967393
39676,0.0028545463
39679,0.99672455
39683,0.0005239799
39686,0.000743829
39688,0.9746255
39693,7.094968e-05
39694,0.0019464431
39698,0.0001872294
39699,0.0008977049
39702,0.9990264
39703,0.9990363
39707,0.0012020001
39710,0.9816883
39712,0.0009530667
39716,0.0018460223
39717,0.002212863
39718,0.99374145
39719,0.00029068472
39730,0.0003399401
39731,0.0003497989
39734,0.00016273314
39737,0.00016107898
39740,7.437288e-05
39744,0.0008434034
39746,0.0025089872
39747,0.000812518
39752,0.0001762255
39762,4.1221516e-05
39764,0.060943313
39768,4.9930386e-05
39770,4.362453e-05
39772,0.999936
39775,0.9922476
39784,0.05798353
39785,0.99713266
39790,7.3616815e-05
39792,0.0018272905
39793,0.99270004
39797,7.189344e-05
39798,0.93813866
39799,4.305583e-05
39806,9.114237e-05
39807,0.00068803114
39815,0.0001762255
39820,0.014491752
39831,0.0018688721
39832,0.0009308521
39837,0.0019643763
39838,0.008444845
39841,0.0009426959
39843,0.0010028717
39844,0.0022355288
39848,0.029112319
39856,0.00070278265
39859,4.2944208e-05
39860,0.9979473
39862,0.0011717605
39865,0.0018723595
39869,0.0018821359
39892,0.0009530667
39897,0.0018723595
39899,0.00094338733
39904,0.003082376
39917,0.0054852804
39939,0.028325096
39943,0.0019266944
39945,0.0018821359
39946,0.00019519859
39949,0.0003063751
39950,0.0018272905
39956,7.437288e-05
39957,0.00019994464
39963,0.0018272905
39966,7.201647e-05
39973,0.00080970884
39975,0.0018723595
39980,9.2263064e-05
39981,0.0009530667
39982,0.0018460223
39985,0.992589
39987,0.9375187
39989,0.9951224
39996,0.998403
40004,0.0019464431
40009,0.0019716534
40016,0.0018460223
40017,0.9999471
40019,0.0005380846
40025,0.0011507674
40028,0.0011732957
40030,0.9881891
40032,0.9999467
40033,0.00038027662
40037,7.108831e-05
40038,0.0003466004
40043,0.0019464431
40052,0.9999474
40061,0.00094338733
40062,0.0018460223
40075,0.0009834582
40076,0.00021842649
40088,0.9959741
40095,0.0001699863
40097,3.2235897e-05
40100,0.00017961273
40110,7.201647e-05
40113,4.0606657e-05
40116,0.9979081
40120,0.0003960344
40122,0.98169243
40123,0.00029068472
40124,0.00037771877
40134,7.687718e-05
40135,0.00010074157
40138,7.886518e-05
40141,0.004921014
40142,0.0018272905
40148,0.0009347635
40151,0.0022488507
40163,0.00020170376
40165,0.0011849666
40170,0.0019464431
40171,7.886518e-05
40175,0.0006706786
40179,0.008444845
40181,0.99602205
40185,0.0024250746
40197,0.0009347635
40202,0.0019705335
40206,0.0009955098
40210,0.029627722
40215,0.9966539
40216,0.00010786632
40225,0.0009648743
40229,0.057427917
40232,0.0011507674
40264,0.0011431512
40265,0.99609816
40267,0.00011547374
40269,0.009589202
40272,0.0010448153
40281,0.0014775342
40286,5.8357393e-05
40291,0.0009530667
40292,0.0013105714
40298,0.0009530667
40310,0.99992824
40324,4.9930386e-05
40328,0.0048570787
40329,0.00069791434
40332,0.0014087296
40337,0.99789774
40338,7.188096e-05
40345,0.0010181832
40351,0.0003496547
40353,0.000812518
40356,0.9985879
40363,0.0010448153
40366,0.00027366765
40374,0.0019705335
40375,0.0018272905
40388,0.00035087048
40395,0.0019720278
40397,0.9990854
40399,0.0024378062
40408,0.0022488507
40410,0.0008829272
40412,0.0001883124
40426,0.00034045646
40427,0.0009530667
40436,0.0022260405
40437,0.06227151
40440,0.99745196
40445,0.9371448
40447,3.355328e-05
40450,4.9930386e-05
40452,0.058487497
40454,5.0549563e-05
40461,0.0005380846
40462,0.05798353
40472,0.05798353
40485,0.0023570883
40490,0.9990508
40493,0.96085775
40499,7.3616815e-05
40504,0.0023570883
40512,0.00097347057
40517,0.9940731
40528,0.0009530667
40535,5.9483984e-05
40545,0.000812518
40548,0.9984339
40554,0.00026369424
40565,0.0018723595
40571,0.057085667
40572,0.0001846111
40576,0.00023756981
40581,4.9930386e-05
40583,0.010051382
40592,0.9959741
40596,0.001706044
40597,0.0004606035
40600,0.00177546
40601,0.9959741
40603,0.0018106014
40604,5.215609e-05
40608,0.0045206933
40617,0.00039535202
40620,5.0391267e-05
40631,0.00097347057
40632,0.00046219764
40640,0.99994516
40642,9.364869e-05
40644,0.9966539
40646,4.1049854e-05
40658,0.0019281546
40663,0.00041179764
40666,0.9805064
40667,0.00028015836
40670,5.864012e-05
40673,0.00017488268
40681,0.0017374204
40694,0.0012130828
40699,0.00035089708
40701,3.5414258e-05
40705,0.9961377
40706,7.674585e-05
40710,0.0012438869
40711,0.9881891
40715,0.99534744
40718,0.00028207898
40725,0.0022695635
40729,0.9990595
40731,0.00094338733
40735,0.9990508
40741,9.04279e-05
40743,0.0004975435
40751,0.00021928537
40752,7.886518e-05
40753,0.0005257983
40754,0.010181991
40756,9.264287e-05
40765,0.0019705335
40768,0.00038907275
40775,0.00096480123
40780,0.99852306
40782,0.0018460223
40791,0.00014744878
40794,0.00019324174
40796,0.0001762255
40805,0.06923065
40815,0.0023570883
40819,0.9990854
40821,0.0008484623
40822,0.9980531
40825,0.00094338733
40827,0.0024734782
40831,0.05798353
40843,0.9978904
40849,0.001984517
40864,0.00020750269
40865,7.886518e-05
40866,0.0008520578
40867,0.05798353
40873,0.00019991699
40878,0.9979499
40879,0.000812518
40882,0.0030407147
40885,3.069678e-05
40892,0.0011507674
40894,0.0022766753
40895,7.437288e-05
40899,0.9979473
40901,0.0009576411
40911,0.99942446
40913,0.9376839
40919,0.997147
40924,0.0021877717
40925,0.0009530667
40926,0.0018460223
40930,0.9990508
40937,0.9996512
40938,0.00050838833
40945,0.0014871894
40954,0.00093555334
40956,0.00012925782
40959,0.0005522362
40963,0.0020293987
40969,0.0019705335
40970,0.0009648743
40976,0.00014896301
40982,0.05798353
40986,9.114237e-05
41006,0.0012188003
41008,7.926099e-05
41009,0.9978987
41013,0.0016045682
41019,0.0019464431
41025,0.0013072535
41031,7.853609e-05
41032,0.003160925
41033,0.0062168865
41037,0.0001762255
41040,0.046880666
41044,0.0034000375
41045,0.0012617662
41048,0.0017425838
41055,0.0009530667
41057,0.0009530667
41058,0.99374145
41062,0.0009834582
41069,0.000812518
41070,0.002683472
41072,0.057427917
41074,0.0012627406
41077,0.0019077992
41080,0.0010448153
41082,0.0023530729
41084,0.000428861
41087,0.9990363
41088,0.0011609
41095,0.0011507674
41096,0.0018123896
41101,0.9959849
41102,0.00016131367
41106,0.05798353
41111,0.0011893054
41117,0.0024575198
41124,0.000992528
41127,0.00016131367
41135,5.1218023e-05
41138,0.0050734715
41139,7.201647e-05
41143,9.0223846e-05
41144,8.38368e-05
41153,0.00080970884
41165,0.060412172
41166,0.99756026
41172,0.99789774
41176,0.0023787958
41177,0.00063663855
41186,0.00029402107
41187,4.9930386e-05
41191,2.8941204e-05
41196,0.99994683
41197,3.6009515e-05
41209,0.00020750269
41213,0.9984302
41216,0.0019464431
41218,0.9990854
41220,0.00023914427
41221,0.00026468918
41223,0.0062739174
41224,0.05798353
41235,0.9951224
41239,0.0013479906
41242,4.9930386e-05
41244,0.0031663657
41245,0.001215572
41246,0.00014896301
41250,0.001984517
41251,0.0028545463
41252,0.9370441
41254,0.00094338733
41256,0.9983912
41257,0.05798353
41261,0.046880666
41268,3.595674e-05
41270,0.9370441
41272,0.0018547341
41276,8.0602484e-05
41278,7.326532e-05
41279,0.0024784955
41281,0.001363204
41284,0.0009648743
41285,0.0009530667
41287,0.0021815358
41289,4.9930386e-05
41291,0.002241266
41292,0.9990508
41295,0.0008154025
41299,0.9375187
41306,0.94659376
41313,0.0011849666
41315,0.0018630321
41317,0.0023974003
41318,0.9809217
41325,0.0003063751
41331,0.9959602
41332,0.0011390825
41335,0.000344818
41341,0.002323724
41345,2.9033976e-05
41352,0.00096480123
41358,0.9990508
41359,0.0022355288
41365,0.0012596144
41375,0.0019364496
41388,0.0019464431
41399,0.00029068472
41402,0.0019281546
41413,0.00043603563
41414,0.06094766
41416,0.99322426
41423,0.99713266
41425,0.0026148702
41427,0.0007964961
41429,0.0018460223
41430,0.0020532766
41432,0.010181228
41439,0.00097347057
41440,0.057427917
41445,0.0018460223
41449,0.00224282
41451,0.0013493713
41453,0.0022636673
41460,0.9956195
41467,0.00040902785
41468,0.002138839
41469,0.0062168865
41475,0.0002877303
41480,0.0024734782
41488,0.9984666
41492,0.9371448
41499,0.9651828
41501,0.9371448
41503,0.0019705335
41510,0.97959703
41511,0.00013645571
41518,0.9999491
41524,0.0023947
41527,0.0019464431
41530,0.0023530729
41540,0.9946531
41541,5.9483984e-05
41546,0.0022317201
41554,0.009589202
41555,0.010051382
41559,0.99758315
41573,0.0018460223
41577,0.9961747
41583,0.0012453356
41584,0.06227151
41587,0.008885567
41591,0.000812518
41596,0.0018723595
41600,0.00094338733
41601,0.00011726592
41614,0.0021071536
41617,2.9033976e-05
41631,0.000689126
41634,0.9929047
41644,0.0019266944
41647,0.0023122928
41655,0.00016334723
41661,0.0003466004
41666,0.9971378
41668,0.0018630321
41669,0.99789774
41677,8.814593e-05
41682,0.0023570883
41683,0.0013773816
41685,0.9971533
41693,0.9990508
41695,0.99789774
41698,0.05798353
41706,0.99745196
41707,0.028325096
41712,0.058487497
41715,0.06855017
41723,4.8970618e-05
41726,0.0009530667
41728,0.0019266944
41735,9.053713e-05
41738,0.0062168865
41742,0.0009347635
41756,0.9990363
41757,0.0018688721
41760,0.00027366765
41761,0.0001228401
41763,0.00011986688
41769,0.0016688243
41771,0.0018013488
41772,5.306678e-05
41776,0.9990508
41778,3.3603425e-05
41785,0.0009717284
41787,0.00039532204
41790,0.0018460223
41797,0.9940487
41798,0.0009834582
41801,0.00019161613
41802,0.9881891
41805,0.96614575
41811,0.002723121
41816,4.962752e-05
41818,0.058245912
41831,0.0018460223
41834,0.05798353
41839,0.023609893
41847,0.9987037
41850,0.0464262
41852,0.000428861
41853,0.0011768411
41855,0.0018460223
41859,0.0003063751
41871,4.9930386e-05
41875,0.99178725
41885,0.9999324
41898,0.00022100151
41901,0.0008520578
41903,0.9978904
41904,0.9371448
41908,0.998033
41910,0.0003466004
41915,0.00017844682
41920,0.0011521429
41923,0.0012453356
41927,0.029112319
41931,0.00094338733
41934,0.0012020041
41942,6.8198846e-05
41956,0.9793692
41957,0.00067300576
41958,0.05798353
41959,0.0019077992
41961,0.001363204
41967,0.994138
41970,0.0045045572
41973,0.99745196
41991,0.9952158
41993,0.0004975435
41997,0.9990363
42005,0.0018365434
42009,0.9957267
42011,0.9986681
42012,0.0018687308
42022,0.9971029
42024,0.0016638791
42026,0.99602205
42036,0.9371448
42042,0.99433005
42043,0.0022561196
42044,7.752391e-05
42047,0.0021738643
42048,0.00011772865
42060,0.00079423375
42062,0.00027272085
42070,0.00021420387
42079,0.9370441
42082,0.00017844682
42084,0.99994504
42085,0.046880666
42087,0.0060281656
42097,7.826515e-05
42099,0.0002389298
42100,0.05798353
42101,0.9783255
42115,0.0009938901
42116,0.00080970884
42121,0.9966539
42122,0.99685234
42127,0.9979875
42130,0.00094764295
42131,7.826515e-05
42132,0.99428445
42138,0.0009530667
42144,0.047515202
42149,0.047755633
42156,0.00045669713
42160,0.0016581315
42170,0.0024784955
42173,0.0018365434
42174,0.00029517768
42176,0.9986173
42177,0.00093555334
42178,0.9376839
42183,0.99790925
42186,0.0010553589
42187,0.99629265
42188,0.9990854
42193,0.9365854
42194,0.0022260405
42196,0.99170774
42200,0.0022317201
42204,0.002723121
42216,0.9990363
42223,0.0004054066
42227,0.0003466004
42228,0.99606234
42229,0.99606234
42243,0.0028484545
42244,0.0018460223
42245,0.0039615985
42248,0.0009530667
42251,0.99266386
42252,0.009589202
42254,0.027964393
42265,0.0011732957
42273,7.268121e-05
42275,0.0018723595
42281,0.00094338733
42286,0.9961075
42287,0.0019464431
42289,0.0005257983
42303,0.9977308
42304,0.99758315
42305,0.9982002
42306,0.00014744878
42308,4.9930386e-05
42315,0.99994516
42319,0.0018695812
42321,0.99602205
42337,0.0003466004
42341,0.9984666
42348,0.05798353
42352,0.9979685
42355,0.058880832
42373,0.9881891
42375,0.9990854
42384,0.00089802407
42398,0.001984517
42400,0.00074162177
42401,0.00021898054
42405,0.0012617662
42407,5.9483984e-05
42410,0.05798353
42411,0.0017939985
42412,0.004304312
42415,0.0019464431
42420,0.00010093148
42426,0.9984302
42428,0.0062934975
42437,0.0019617558
42439,0.0016638791
42441,0.0022057174
42447,0.00047972667
42458,0.0023974003
42470,0.0008484623
42476,0.0011507674
42481,0.9961747
42484,0.0008520578
42485,0.001865893
42488,0.0009648743
42490,0.99619436
42494,0.0062168865
42497,0.00014896301
42498,0.9371448
42499,0.00050748826
42500,0.0002877303
42507,0.0011507674
42508,5.1218023e-05
42509,7.840192e-05
42510,0.00042557353
42519,0.9370441
42523,0.046880666
42526,0.0001405601
42532,0.010181991
42535,0.00020352048
42537,2.9157784e-05
42542,7.437288e-05
42549,9.053713e-05
42550,0.008444845
42579,0.0008520578
42583,0.00047132713
42584,0.00094338733
42593,0.0012020001
42595,8.3256804e-05
42596,0.0022488507
42601,0.0018374231
42604,9.55812e-05
42609,2.8738807e-05
42611,5.5367986e-05
42616,0.0048196893
42623,0.9990508
42624,0.99994385
42628,0.00027366765
42635,0.0019550975
42637,0.057427917
42640,0.00064766733
42641,0.9986222
42643,0.0018460223
42645,0.0011390825
42651,0.001412902
42652,0.0018138075
42653,0.006245744
42654,0.03478507
42659,0.9371448
42660,0.0012935115
42665,0.0018460223
42670,0.042493597
42687,0.002033034
42690,0.9881891
42695,5.8967657e-05
42700,0.9823492
42709,0.9990508
42714,0.0034000375
42724,5.054571e-05
42733,0.9990363
42740,0.00069096574
42741,0.0009530667
42748,0.9990508
42749,0.00017967884
42753,0.0009921947
42754,5.1218023e-05
42759,0.010181991
42765,0.00016131367
42774,0.9985403
42779,0.9985677
42780,0.0004606035
42781,0.0006543146
42784,0.00022217535
42786,0.00044850836
42787,0.99266386
42793,0.0009530667
42795,0.008526999
42796,0.00029068472
42800,0.000743829
42814,0.0009530667
42828,0.0019266944
42830,0.00029068472
42831,0.9990264
42834,5.0391267e-05
42838,0.0009530667
42844,0.0019281546
42850,0.0010448153
42852,0.9959741
42853,0.0003466004
42854,0.016465278
42862,0.0018688721
42864,0.00047972667
42877,0.00013781512
42884,0.0009717284
42887,0.97571975
42888,0.9973865
42889,0.9980531
42903,0.99777967
42904,0.001865893
42907,0.0009308521
42910,6.1525796e-05
42912,0.00085755123
42921,4.9422786e-05
42923,0.0018723595
42934,0.9990264
42937,4.9422786e-05
42938,0.00017065492
42940,0.0021017774
42947,0.99740595
42948,0.0009308521
42951,0.0018460223
42960,3.0384706e-05
42962,3.6134556e-05
42963,5.0549563e-05
42964,8.271694e-05
42969,0.00030240664
42974,0.0010267269
42976,0.00021842649
42977,6.8198846e-05
42978,0.9630709
42986,0.0012032298
42989,0.0018723595
43002,0.00085136475
43004,0.9990508
43011,0.00029914168
43012,0.00029336725
43019,9.053713e-05
43022,0.00070278265
43032,6.750554e-05
43033,0.994138
43035,5.9483984e-05
43037,0.0019705335
43038,0.00016657477
43042,0.00094338733
43051,0.0011650216
43055,0.9983912
43056,6.0503753e-05
43057,0.0012293748
43059,0.00028207898
43062,0.0009530667
43065,0.9930213
43066,0.0011849666
43067,0.00066035084
43078,0.0019464431
43081,0.00017289471
43084,0.00017148977
43087,3.5474866e-05
43088,0.0018460223
43090,0.002212863
43091,0.0008652209
43094,0.9990363
43100,0.99475455
43102,0.0009530667
43109,0.99758947
43112,0.9990363
43114,0.0021425823
43115,0.0018821359
43116,4.9930386e-05
43118,0.99865866
43119,0.0018688721
43121,0.0008599168
43123,0.0020762614
43132,0.0009834582
43140,0.0018688721
43147,0.9961075
43159,0.9999163
43161,0.033158593
43169,0.00016899
43170,0.0022636673
43174,0.0008484623
43177,0.99819535
43180,0.9987037
43182,9.515332e-05
43191,0.00097347057
43194,0.0019090989
43196,0.9937629
43201,0.9949351
43207,0.0015210297
43208,0.99741673
43211,0.0018106014
43212,0.00067300576
43213,0.0009834582
43219,7.437288e-05
43220,0.0022488507
43224,0.99083006
43236,0.001963568
43237,0.009589202
43244,0.0008520578
43248,4.7826143e-05
43249,7.437288e-05
43253,0.9990595
43259,0.0011507674
43263,0.9962584
43265,2.6521255e-05
43269,0.990417
43282,0.00017289471
43285,0.0022260405
43287,0.99852306
43293,0.9370441
43294,0.99903417
43299,0.0009530667
43300,0.99976903
43313,0.9990363
43325,0.05798353
43329,0.0015652009
43334,0.0018460223
43335,0.00017844682
43339,0.99401987
43343,0.0008484623
43346,0.9990854
43347,0.0040250216
43348,0.0018688721
43355,7.437288e-05
43361,0.0006543146
43364,7.188096e-05
43368,0.00026612775
43369,0.00053246197
43374,0.0018688721
43384,0.13715544
43387,0.001706044
43391,0.0012020001
43392,0.13715544
43394,0.00011299212
43395,0.9630709
43396,2.9033976e-05
43398,0.99994683
43406,0.0018310769
43411,6.8198846e-05
43413,0.9901896
43415,0.0013152781
43416,0.99994767
43417,0.00039268474
43420,0.0001762255
43421,0.9961747
43425,0.00041179764
43434,0.99333376
43448,0.0018688721
43450,0.00017844682
43458,9.4545256e-05
43459,0.0019464431
43466,0.0003466004
43469,0.99852306
43475,2.9813771e-05
43479,0.9990854
43480,0.0018688721
43486,0.992589
43491,0.0019705335
43503,0.00094816857
43506,3.069678e-05
43532,0.00034307817
43537,0.00023756981
43541,0.99675363
43543,0.9968208
43546,0.0022038817
43547,0.99763775
43549,0.9969157
43550,0.13715544
43551,0.13715544
43557,4.9422786e-05
43559,0.0018460223
43567,0.0008434034
43584,0.0008434034
43586,0.9940422
43591,0.9978369
43594,0.0009648743
43596,2.2763976e-05
43603,0.0018272905
43608,0.0003063751
43615,0.9980374
43619,0.0009347635
43620,0.00010772652
43621,0.0012184875
43638,0.99463284
43640,8.012643e-05
43641,0.0004111077
43644,0.00089802407
43646,0.0010448153
43647,0.0020748551
43649,0.00017290261
43664,0.0011155258
43666,0.0022766753
43670,0.0015563989
43672,0.00035089708
43678,0.0010272533
43680,0.00015826485
43685,0.9924495
43687,0.993401
43690,0.0003063751
43701,0.0021596618
43702,0.0058928896
43709,0.006694655
43718,0.9990508
43722,0.00017532113
43728,0.0012524053
43731,0.0010372616
43738,0.0009955098
43741,0.0037465824
43746,0.99831164
43747,0.00013185124
43755,0.99994767
43758,0.0006649994
43762,0.0036705518
43763,0.0003399401
43772,0.051260848
43777,0.0012062893
43795,0.00031638233
43798,5.570954e-05
43801,0.0010372616
43802,0.021673251
43812,0.96356624
43817,0.001906994
43818,0.9976306
43819,7.8388315e-05
43821,0.9980683
43822,8.526125e-05
43824,2.5410947e-05
43830,0.99325585
43831,0.002576266
43843,0.9986558
43854,7.737273e-05
43857,0.0008843076
43860,0.00011840392
43864,0.0010372616
43865,0.0008843076
43866,0.0010372616
43867,0.0020089431
43870,7.34748e-05
43872,0.0019557758
43873,0.9999447
43875,0.99851817
43878,0.001972348
43882,0.0010372616
43883,5.0549563e-05
43892,0.00028719835
43894,0.9943785
43909,0.0019885614
43910,0.0024472359
43914,0.0018688721
43918,0.0024472359
43921,0.13487463
43926,0.0010448153
43927,0.6706415
43931,4.8970618e-05
43933,0.9986517
43935,0.0011393685
43936,0.99831164
43940,0.9964959
43944,0.00043701121
43945,0.0009955098
43947,0.050815783
43955,0.0009179194
43958,0.0024633561
43960,0.99759835
43965,0.0010267278
43966,5.4345615e-05
43967,0.010428357
43969,0.14865471
43970,0.0011155258
43974,0.9974878
43979,7.34748e-05
43990,0.0005490656
43993,0.9961377
43994,0.9941151
43996,0.99753976
43999,0.021457648
44000,0.99903417
44003,0.9990508
44004,0.99651563
44005,0.9980683
44012,0.00089855556
44015,0.99905723
44020,0.0004752666
44021,0.00015525245
44022,0.99994767
44023,7.42294e-05
44024,5.0153e-05
44025,0.9928039
44029,0.0010372616
44030,0.0018854324
44051,6.844741e-05
44054,0.98923665
44057,0.0012639523
44058,0.0011346282
44062,0.00011793461
44065,0.008885567
44067,0.14749551
44072,0.14621535
44076,0.000114373164
44078,0.9998902
44081,0.990761
44082,0.0021839694
44093,0.0008884413
44101,8.094934e-05
44112,0.14749551
44114,0.00011523813
44115,0.13487463
44122,0.99223244
44126,0.0019885614
44128,0.0011155258
44129,0.050815783
44130,0.9990508
44133,0.00011840392
44137,0.00016850358
44139,0.0003063751
44147,0.000102473845
44150,0.00016061563
44156,0.0011308284
44165,0.00023914427
44167,0.9976724
44171,0.0019090989
44172,0.99325585
44173,8.827126e-05
44174,0.00075704977
44176,0.00015826485
44187,0.0021876965
44188,7.405858e-05
44191,0.00024054058
44200,0.005370405
44205,0.14621535
44207,0.00023914427
44209,0.9980205
44210,5.054571e-05
44217,0.9963811
44218,0.9990854
44221,0.9990264
44234,0.9990854
44236,0.0033087234
44237,0.00070278265
44238,0.14749551
44240,0.99660045
44245,0.002045323
44246,0.0011972596
44249,0.99454665
44250,0.0020089431
44252,0.000993653
44260,0.99325585
44269,4.71912e-05
44288,0.00073247787
44290,0.99804235
44291,0.9896808
44295,0.9990363
44304,0.9943785
44310,0.0024472359
44320,0.027800873
44324,8.526125e-05
44326,0.0051079807
44331,0.0020376
44339,0.0012524053
44344,0.98985416
44347,0.00018284316
44348,0.002183185
44349,0.0021876965
44356,0.0009717284
44357,4.3946e-05
44362,0.00038072077
44367,0.0011155258
44371,0.00016926817
44376,0.0008843076
44377,0.0003772396
44378,0.0018688721
44383,0.994266
44386,0.9990264
44387,0.0013916475
44393,7.405858e-05
44396,0.99394673
44398,0.0010372616
44399,2.8654655e-05
44404,0.0008843076
44405,0.00031638233
44413,0.0015323441
44414,0.99694794
44417,0.0010448153
44419,0.0019991952
44428,0.001199305
44430,0.0011155258
44436,0.0054843854
44440,0.00046328825
44442,0.1435501
44446,0.0024697715
44450,0.0020089431
44453,0.0018682247
44454,0.00023834096
44460,0.046664156
44464,0.006762944
44467,0.0053886245
44468,0.0003960344
44473,0.0020089431
44483,0.00017712152
44484,0.0008851923
44485,0.0017149461
44487,0.00191862
44489,0.010181991
44492,0.0009648743
44494,0.9935284
44495,0.0010372616
44503,0.99863964
44504,0.0003063751
44508,0.0010372616
44512,4.71912e-05
44514,0.14749551
44529,5.4847256e-05
44530,0.99378777
44531,0.15970398
44535,0.0020376
44536,0.0017374204
44553,0.0021182075
44555,0.00064910844
44558,0.9999467
44560,0.006762944
44561,0.0019281546
44564,0.9985671
44569,0.0025274914
44575,0.0009648743
44587,0.14749551
44588,0.9941151
44592,0.00049826485
44593,0.00023834096
44598,0.1377237
44601,0.0019885614
44604,0.00053543336
44607,0.9957605
44613,0.00018366579
44615,0.9985061
44619,0.99333376
44625,0.99863964
44627,0.0020238361
44628,0.9990363
44636,5.0549563e-05
44637,0.9990508
44642,0.9990508
44649,0.00080955453
44653,7.464394e-05
44657,0.00019180658
44658,0.001322926
44664,5.4345615e-05
44666,0.00012807791
44667,0.0019705335
44668,0.0020115739
44669,4.362453e-05
44672,0.0012524053
44677,0.00191862
44679,0.0012478211
44680,0.0031496526
44684,0.009184785
44695,6.601795e-05
44696,0.99844754
44697,0.0022664885
44711,0.14749551
44714,3.3411285e-05
44715,0.00041389157
44720,0.1734146
44725,0.0019071383
44728,0.002697084
44730,0.001810754
44735,0.99905723
44737,0.0019926813
44739,3.9044735e-05
44741,9.236783e-05
44744,4.2944208e-05
44745,0.9944564
44754,0.9961377
44757,3.595674e-05
44759,0.99337643
44766,0.0024472359
44767,0.9961526
44769,0.0012913918
44771,0.99994767
44772,0.0001973545
44776,0.00017712152
44781,0.9990508
44782,0.0018687308
44784,5.4345615e-05
44792,0.0018688721
44800,0.14638846
44802,9.447577e-05
44803,0.00017138662
44804,0.99751055
44805,0.9990363
44810,0.0019705335
44821,0.99765766
44823,0.0021182075
44825,0.0012396896
44826,5.0370465e-05
44828,0.0022766753
44829,0.0010372616
44834,0.99994767
44840,0.99232906
44842,0.0018688721
44844,0.14239894
44847,0.0010267278
44857,0.0020376
44860,0.9944575
44864,0.0008843076
44874,0.00031638233
44876,7.42294e-05
44877,0.0013094953
44879,7.7189965e-05
44881,0.0020089431
44890,6.90792e-05
44899,0.0011893054
44902,0.99247825
44903,0.0003063751
44904,0.14749551
44906,0.0053066323
44908,0.0019885614
44909,0.00020170376
44916,0.0009614601
44917,0.001952337
44919,0.0019849855
44921,0.00057226943
44925,0.0021182075
44927,0.00014147798
44928,0.0025231866
44929,5.4345615e-05
44943,0.14749551
44944,0.0008964558
44945,0.9944956
44948,0.0001872294
44952,0.001984517
44955,0.0010181832
44957,0.997752
44959,0.97277313
44961,0.001972348
44962,0.00028700673
44966,0.0021876965
44971,0.9979247
44972,0.77448666
44975,0.0001872294
44976,5.4345615e-05
44977,0.99698514
44979,4.7716992e-05
44980,0.000112849455
44981,0.96356624
44982,0.0006853366
44986,0.00093288795
44991,0.0024633561
44993,0.0018967575
44995,0.001272907
44996,0.00022506714
44997,3.910924e-05
44998,0.99551696
45007,0.0018161348
45013,0.9990363
45014,0.00046319063
45015,0.9733585
45016,0.0035019221
45018,0.00031638233
45020,0.0020748551
45028,0.0009533918
45033,0.9935847
45036,0.00070278265
45044,0.0009273377
45050,0.9976585
45063,0.9756318
45064,0.000403561
45071,7.7189965e-05
45076,0.64549774
45077,0.057085667
45080,0.00019180658
45088,5.379314e-05
45089,0.00012532544
45091,0.9978369
45094,0.14638846
45099,0.14621535
45108,0.0011427428
45111,0.1435501
45127,0.0004592199
45135,0.00090957014
45137,0.0013176522
45139,0.14458078
45140,0.0011823097
45142,0.0016943339
45143,0.14458078
45163,0.0010997164
45171,0.00090593414
45172,0.00010074157
45174,0.0009614601
45179,0.002328705
45189,0.14110526
45194,0.0006951509
45197,8.7046596e-05
45211,0.64159834
45224,9.371363e-05
45229,0.0003772396
45230,0.0021182075
45236,0.003716848
45237,0.9990508
45240,0.14749551
45242,0.0008812504
45251,0.0022664885
45261,0.00035089708
45271,0.00024542518
45280,0.001153776
45281,0.0017082365
45289,0.998033
45291,0.00017379186
45292,0.0008843076
45294,0.0024472359
45297,0.9926352
45301,0.0010372616
45303,0.0022766753
45305,9.1962225e-05
45306,0.99994385
45312,0.9978447
45315,0.0008642157
45316,0.006762944
45317,0.0021182075
45327,5.4345615e-05
45329,0.9999447
45331,0.0017009887
45333,0.0020748551
45337,0.0024633561
45338,0.0010372616
45340,3.595674e-05
45341,3.0871422e-05
45350,0.0011155258
45355,0.0006509285
45358,0.0001696039
45361,0.0009648743
45367,0.99816835
45377,0.99352866
45378,0.0009273377
45379,0.008885567
45382,0.0018688721
45383,0.9978904
45388,4.04541e-05
45391,3.0417466e-05
45395,0.00025709908
45401,0.0010267269
45402,0.0004742226
45406,0.050815783
45411,0.006762944
45412,0.99835277
45413,0.0010897835
45416,0.0022664885
45420,4.8970618e-05
45421,0.042892035
45423,0.0018688721
45435,0.9991334
45443,0.9999491
45455,0.0009179194
45461,0.003716848
45472,0.0020089431
45485,0.14749551
45490,0.14749551
45506,0.9999466
45507,6.5330365e-05
45513,0.997895
45514,0.00033963335
45519,5.0549563e-05
45520,0.006665723
45521,0.0012396896
45522,0.0009533918
45528,0.14749551
45532,0.6379943
45536,0.0009273377
45539,5.379314e-05
45545,0.0012398178
45546,0.0031663657
45553,0.0020454777
45556,0.64159834
45557,0.0003093483
45567,0.0011650216
45575,0.9990508
45578,0.0001872294
45580,7.7199686e-05
45589,0.0009273377
45590,0.0009273377
45592,2.9867017e-05
45603,0.0018098622
45604,0.0010448153
45606,0.0009273377
45611,0.0009273377
45617,0.14749551
45620,0.6289814
45625,0.002033034
45627,0.0011411738
45628,0.0022664885
45633,0.9966673
45638,0.0021182075
45642,7.0306545e-05
45643,0.0020089431
45647,0.99383694
45650,0.0019141102
45653,0.0008964558
45654,0.64159834
45658,0.00013507479
45661,0.001972348
45670,0.017754143
45673,0.12107491
45685,0.14621535
45691,1.9488623e-05
45693,0.99903417
45694,0.989028
45696,0.994266
45700,0.48060322
45703,0.99763453
45708,0.9990264
45711,0.14749551
45714,0.0001256841
45717,0.00017152115
45721,0.00044500944
45722,6.912348e-05
45723,0.9931583
45726,0.0021182075
45733,0.0014871894
45735,0.00012341011
45737,0.0010372616
45743,0.014574927
45746,0.0018161348
45749,0.99798334
45751,0.99761945
45752,0.9990363
45757,0.99784255
45759,0.00048752752
45764,0.0018466515
45768,0.010181991
45781,0.9294628
45785,0.0018688721
45798,0.9968208
45801,9.410559e-05
45808,0.0004213226
45814,0.00044124198
45815,0.9961747
45816,0.0019281546
45825,0.99630004
45828,0.0020748551
45831,0.00018737638
45832,0.00017967884
45834,0.15970398
45844,0.0019238521
45847,0.99994326
45848,0.0018044999
45853,0.0008274028
45854,0.0010267278
45856,0.0011650216
45861,0.9980683
45862,0.00230629
45871,0.9891383
45882,0.0008894959
45891,0.0018361632
45893,0.0023435391
45898,0.0020238862
45901,0.9998758
45905,0.9990508
45908,0.0009273377
45911,0.0008812504
45919,0.0019995864
45928,0.00017557658
45931,0.029640337
45934,0.0024472359
45938,0.0021038295
45940,0.9990508
45944,0.65285236
45950,0.9959039
45953,0.14749551
45954,0.14749551
45960,0.00017303044
45965,0.00031316708
45967,0.00016213406
45968,0.14638846
45976,0.017577237
45977,0.00073247787
45978,0.00043473346
45985,0.14749551
45986,0.9962184
45994,0.0020089431
45997,0.00022584855
45999,0.14621535
46000,0.14749551
46001,0.00028700673
46006,0.0022766753
46010,0.0021567252
46011,0.99994683
46012,0.996093
46016,0.9990363
46025,0.96392316
46027,0.0019626243
46029,0.001123245
46036,0.0053886245
46041,0.0020305638
46043,2.9160008e-05
46050,0.99969554
46053,0.017998137
46059,7.737273e-05
46060,3.1136755e-05
46063,0.0026697398
46070,0.00011523813
46071,0.993561
46076,0.0019885614
46078,0.0019907628
46081,0.0010133233
46084,8.094934e-05
46087,0.0009347635
46092,0.0021182075
46093,5.4345615e-05
46096,2.074226e-05
46105,5.5105716e-05
46110,0.9917902
46114,0.0004451832
46116,0.9962929
46120,0.0011650216
46121,0.99551696
46127,0.99994385
46132,9.849421e-05
46136,0.0018202428
46138,0.9805384
46140,8.583884e-05
46142,0.0022108224
46143,0.99629587
46145,0.0055964333
46151,5.6146346e-05
46156,0.028178962
46160,0.0018656229
46161,0.017754143
46172,0.00011055391
46186,9.4545256e-05
46187,0.0008374773
46199,0.99759835
46201,0.0010372616
46205,0.0011155258
46210,0.9787169
46220,0.0019552268
46222,3.3071618e-05
46227,0.001912561
46231,0.0017451055
46237,0.9630736
46244,0.0009849904
46247,0.0020241837
46250,0.0019885614
46251,0.0018161348
46252,0.0020693748
46253,0.0011155258
46256,0.00090009416
46257,0.9968208
46259,0.9976724
46261,0.004380111
46263,0.14621535
46265,0.0009648743
46266,0.9980683
46270,0.0003772396
46273,0.0010267278
46277,0.99540776
46284,7.660794e-05
46288,0.0001696039
46291,3.919381e-05
46304,0.0011356674
46306,0.00023283617
46320,5.0549563e-05
46321,0.64764464
46323,0.99784255
46327,0.0032503773
46332,0.0012062893
46336,0.990761
46339,0.00041389157
46341,7.078209e-05
46342,0.00035089708
46343,0.9976261
46345,0.14749551
46349,0.99088776
46354,0.0055196555
46356,0.000109140485
46363,0.0017374204
46366,0.0021182075
46367,6.026403e-05
46369,0.00036852795
46373,0.99698514
46376,0.0012398178
46381,0.9990854
46388,0.001984517
46389,0.00020855771
46390,0.9935847
46396,0.00046319063
46400,0.0018044999
46404,0.009184785
46408,0.99280035
46409,0.99994767
46410,0.00021842649
46411,0.001810754
46413,0.14749551
46416,0.0011561376
46419,0.9980544
46428,0.015701953
46432,0.99792117
46433,0.0012524053
46434,0.0053886245
46438,9.069716e-05
46442,0.0013094953
46443,0.0012913918
46446,0.0011155258
46449,0.0020089431
46456,0.64159834
46469,0.9990508
46473,0.000858613
46474,8.272325e-05
46483,0.00017546276
46486,0.0021182075
46490,0.0003772396
46494,0.99754167
46495,0.010428357
46499,5.4345615e-05
46503,0.00018407991
46506,0.0012524053
46518,0.0020967198
46519,0.001070335
46526,0.14749551
46528,0.99830085
46533,0.0009648743
46540,0.0010267278
46543,0.00046294543
46548,0.9990363
46549,6.844741e-05
46553,0.00017289471
46555,0.00017532113
46557,0.00025804873
46561,0.001070335
46567,0.00075304636
46568,0.64159834
46571,0.0010372616
46580,0.001199305
46581,0.001070335
46582,5.379314e-05
46592,0.14749551
46594,4.8703623e-05
46595,0.0021839694
46597,0.99676657
46599,0.002618489
46602,0.001322926
46612,0.99573463
46623,0.0019885614
46625,0.99992096
46630,0.0019745333
46642,0.9980683
46645,0.0012160677
46648,0.0019705335
46659,0.0009208004
46662,8.749315e-05
46670,0.025446918
46671,0.0019885614
46678,0.9964959
46681,0.9975343
46687,0.0009273377
46688,7.552267e-05
46689,0.9593924
46690,0.00017379186
46697,5.379314e-05
46709,4.686319e-05
46711,0.9990283
46717,0.0010372616
46718,0.0021876965
46719,0.0009273377
46720,0.0010372616
46722,0.0012062893
46726,0.0012524053
46729,0.00057226943
46731,8.583884e-05
46732,0.00073247787
46750,0.9939692
46752,0.0008843076
46754,0.0018365434
46763,0.050815783
46774,0.0020089431
46776,0.00017712152
46780,0.99754167
46784,0.006762944
46786,0.0005375942
46791,0.0021936398
46793,0.64159834
46796,4.8703623e-05
46806,0.9809217
46820,0.9978757
46824,0.0018044999
46826,0.14749551
46830,8.583884e-05
46831,0.00017532113
46837,0.0020713196
46840,0.99851817
46841,0.989028
46842,0.0010997164
46845,6.844741e-05
46846,0.9954711
46852,0.00015525245
46855,0.0019550975
46860,0.00023177436
46866,0.0001256841
46868,0.0020089431
46871,0.0053066323
46873,0.00022584855
46874,0.0062465672
46882,0.9990508
46888,0.14749551
46893,0.0021182075
46896,0.0008843076
46898,0.14749551
46900,0.0009273377
46907,0.0010372616
46908,0.99994767
46911,0.0018821359
46912,0.0005490656
46914,0.9925568
46915,0.9981116
46916,7.42294e-05
46919,0.0019626243
46921,0.0020376
46927,0.0021182075
46932,0.0019550975
46933,0.9979596
46934,0.9980683
46948,0.00080955453
46952,0.99863964
46954,0.0021182075
46956,3.1160787e-05
46963,0.00069368246
46964,0.9977984
46966,0.0010372616
46969,0.00017303044
46971,0.9990508
46973,0.0012374093
46974,0.14458078
46980,7.051362e-05
46985,0.14749551
46987,0.035219327
46998,7.067168e-05
46999,0.0009273377
47002,0.99819714
47003,0.9889908
47006,0.0019959148
47007,0.99551696
47013,0.14621535
47015,0.0021876965
47017,0.0020454777
47026,0.14749551
47032,5.4345615e-05
47033,0.00041389157
47035,0.0019959148
47044,2.2737158e-05
47048,0.0010372616
47050,0.00023500067
47055,0.0009648743
47056,0.99325585
47062,0.00248034
47067,0.0019995864
47070,0.0009576411
47072,9.264287e-05
47075,7.561542e-05
47076,0.9990283
47079,0.9959849
47080,0.0010133233
47084,0.006607742
47086,0.00057226943
47091,8.094934e-05
47097,0.99797636
47100,0.0031663657
47102,0.99765766
47103,0.64159834
47106,0.65285236
47109,0.0043402715
47113,0.9990264
47114,0.00092237396
47121,5.379314e-05
47133,7.053716e-05
47137,0.0001696039
47138,0.00057226943
47139,0.64159834
47140,0.9979875
47143,0.9990508
47145,0.0018663558
47147,0.02506667
47149,0.001070335
47150,0.14749551
47152,0.0015044988
47155,0.9999467
47157,0.99187005
47164,0.9889908
47169,0.9985292
47174,0.00047503333
47184,8.094934e-05
47188,0.0019705335
47189,0.002328705
47192,0.9999447
47193,0.065024175
47194,3.3411285e-05
47196,0.0010372616
47210,0.050815783
47215,0.0020713196
47218,0.9934581
47220,0.0010372616
47222,0.9962872
47227,0.0018044999
47228,0.14749551
47233,0.6401613
47237,4.6935776e-05
47238,2.8249158e-05
47239,0.99819714
47240,0.07375633
47243,0.9964898
47250,0.1734146
47251,0.031181598
47252,0.0005490656
47253,0.14749551
47254,8.012643e-05
47258,0.9990283
47260,0.0004150957
47263,0.99622786
47264,0.00015525245
47269,0.99994326
47274,0.0001872294
47277,3.108356e-05
47278,0.0008851923
47282,7.42294e-05
47286,0.0006961978
47288,0.00092237396
47291,0.9990508
47292,6.844741e-05
47296,0.0012337598
47300,0.99750745
47304,0.00057226943
47306,0.0008710792
47307,5.0549563e-05
47309,0.0018161348
47315,0.99994767
47316,0.9910641
47324,6.8330475e-05
47325,0.0018688721
47326,0.9990363
47327,0.9990508
47328,0.0009648743
47336,0.0005666853
47342,0.0010267278
47346,0.0007949667
47347,0.0019705335
47351,0.0009273377
47364,0.14749551
47365,0.0020454777
47375,5.379314e-05
47376,0.0010372616
47384,0.0037847096
47390,0.0011370016
47395,0.99839395
47398,0.9960777
47411,0.99540776
47416,0.9936859
47417,0.0012913918
47418,8.583884e-05
47425,0.0022872179
47434,0.0012524053
47456,3.932991e-05
47457,0.99905723
47465,0.0020748551
47466,0.9990363
47472,0.0003772396
47475,0.00013507479
47478,0.0024224182
47479,5.520002e-05
47487,0.99551696
47497,0.0010997164
47498,7.309909e-05
47503,0.002404703
47509,0.00089997967
47516,0.001975665
47520,0.0020089431
47524,0.9780418
47525,4.686319e-05
47537,0.0011311187
47541,0.0020454777
47550,0.9977011
47551,0.0020880757
47555,0.0069837435
47560,0.0069837435
47563,0.0009648743
47565,0.0019557255
47571,0.9934661
47574,0.99760324
47583,0.0021182075
47585,0.98408914
47590,0.0019849855
47600,0.014674145
47608,0.9827601
47611,0.0036705518
47614,8.969636e-05
47615,0.0018688721
47620,0.006762944
47627,0.99451494
47632,0.0009273377
47633,0.0009273377
47634,0.9999491
47636,0.0010372616
47637,0.0020693748
47641,0.99863964
47654,7.188096e-05
47655,0.0020089431
47662,0.00041443363
47663,7.291967e-05
47667,0.028178962
47669,0.00018366579
47671,5.379314e-05
47672,0.00020855771
47675,0.99994767
47676,0.0019550975
47691,0.00044205535
47692,0.000116210635
47696,0.00023834096
47697,0.00031638233
47699,0.9980683
47706,0.99784255
47714,0.0008484623
47715,0.0018821359
47717,0.00023283617
47718,0.0020270196
47720,0.0019705335
47722,0.0020713196
47737,0.9963811
47742,0.14621535
47744,0.001070335
47751,8.012643e-05
47753,0.0010372616
47755,0.031919684
47758,7.1780276e-05
47760,0.9963811
47768,0.9955894
47773,0.9963811
47777,0.000428861
47785,0.0019995864
47787,0.005146748
47790,0.0009347635
47801,3.932991e-05
47804,0.99851817
47809,0.00035089708
47811,5.2478783e-05
47814,0.99415684
47815,0.9990508
47823,8.583884e-05
47828,0.00040761297
47831,5.4345615e-05
47839,0.0010605883
47840,2.8878756e-05
47853,0.0019306871
47860,0.00093392044
47871,0.00092691905
47876,0.99831164
47877,0.1377237
47878,0.0009715507
47886,0.1435501
47887,9.120062e-05
47891,5.3090214e-05
47894,0.0008843076
47899,7.078209e-05
47903,0.00017289471
47906,0.0019626243
47914,8.094934e-05
47915,0.000906014
47916,5.4345615e-05
47920,0.0020089431
47926,3.1601445e-05
47928,0.99634403
47929,0.00025236688
47930,0.0009614601
47939,0.0003496547
47942,0.0019926813
47945,0.014672676
47947,0.0012524053
47949,0.0010448153
47955,0.000840544
47956,0.0010372616
47962,4.4621927e-05
47974,0.0021182075
47977,0.9740443
47978,7.0964226e-05
47996,0.14749551
47998,0.0025820325
47999,0.07598305
48010,0.0010133233
48016,0.9976724
48017,0.0003772396
48018,0.14638846
48021,1.9122443e-05
48030,0.0011813579
48033,0.0008306555
48035,0.0020089431
48041,9.317835e-05
48044,0.00025852278
48046,4.8279482e-05
48047,0.014238989
48050,0.9990363
48058,0.0064239926
48065,0.0020967198
48066,0.0019727657
48075,0.00014759957
48081,0.0019885614
48082,0.0010272533
48090,0.14749551
48098,0.9961747
48104,0.0008843076
48105,2.9601748e-05
48107,0.0017827614
48110,0.999967
48115,0.99391633
48119,6.34999e-05
48120,3.595674e-05
48122,0.0010372616
48127,0.0009648743
48131,0.0001872294
48136,6.946525e-05
48144,3.932991e-05
48147,0.99763775
48150,0.14749551
48152,0.6298914
48171,0.99901354
48174,0.0019885614
48177,0.0019448309
48181,0.0033087234
48194,0.0018161348
48199,0.99232906
48200,0.0028505886
48203,9.236783e-05
48205,0.0053066323
48207,0.0020089431
48210,0.1503645
48211,0.6294928
48219,0.0053066323
48221,0.9990363
48223,0.14749551
48237,0.0019242998
48240,0.0020321114
48241,0.00017712152
48245,0.0010372616
48248,0.9940731
48253,5.4373042e-05
48259,2.4716186e-05
48260,0.99551696
48261,0.0009648743
48262,0.0010372616
48268,0.00016048597
48271,0.00012807791
48273,0.00090593414
48274,0.0020506156
48279,0.0021182075
48286,0.14749551
48289,8.094934e-05
48295,0.13487463
48301,0.0020693748
48304,0.003074718
48306,0.0006834623
48315,0.0004342079
48316,0.99845004
48319,0.0009955098
48320,0.0017751616
48323,0.0020089431
48334,0.9963811
48336,0.5967926
48341,0.9990283
48342,0.14749551
48350,0.0020089431
48363,0.9985844
48370,0.0021182075
48377,0.0020376
48384,9.361368e-05
48397,0.9966517
48403,0.010428357
48405,0.9957611
48406,0.0018161348
48413,0.9999355
48414,0.0011864658
48417,0.0007343982
48423,0.0020967198
48428,0.0012913918
48431,0.99561524
48434,0.9963811
48437,0.00023686008
48438,0.14239894
48441,0.0026328808
48447,0.0003772396
48450,5.3090214e-05
48458,0.9975737
48462,0.0010448153
48464,0.14621535
48465,0.00029786187
48467,0.14749551
48469,0.0008484623
48480,0.0020089431
48481,9.8201795e-05
48485,0.0010372616
48494,0.0017374204
48496,0.97996235
48514,0.576722
48521,0.99454665
48524,0.00030907564
48526,0.0018098622
48528,0.0020089431
48538,0.0011864658
48540,0.99952126
48545,5.588583e-05
48551,0.9887462
48552,0.0010133233
48556,0.0019926813
48558,0.00017712152
48563,0.0005666853
48564,0.0020089431
48566,0.0021182075
48575,0.0021182075
48576,0.14621535
48577,0.9961553
48580,0.006762944
48584,0.002116833
48585,0.0019727657
48588,0.14235698
48604,0.00072885916
48610,0.0005490656
48615,3.932991e-05
48620,0.0008769404
48626,0.001984517
48627,0.0021712522
48635,0.0020089431
48639,0.0018425953
48643,0.99630713
48650,3.1601445e-05
48656,0.9990508
48658,0.14235698
48660,0.0021182075
48662,0.025412636
48682,0.62442625
48684,0.00031638233
48688,0.0020089431
48689,0.000105104235
48693,0.0046916385
48694,0.99811816
48695,6.946525e-05
48699,0.99835277
48700,0.0026347197
48715,0.028220301
48728,0.0012032727
48735,0.00019758212
48736,0.0008484623
48742,0.00035089708
48743,0.0001256841
48745,0.0018413871
48746,0.9990264
48748,8.094934e-05
48757,0.00042307956
48759,0.0023675854
48772,8.112546e-05
48777,0.0017827614
48787,0.9993493
48788,0.14621535
48795,0.0020376
48798,0.0018161348
48799,0.0019705335
48807,0.008599792
48810,3.7119884e-05
48811,0.0009648743
48812,0.99811244
48816,0.99855417
48819,0.0021182075
48823,0.0010267278
48829,0.0018161348
48831,0.9981766
48833,0.99551696
48842,0.001963568
48844,0.0015796609
48849,0.14749551
48851,0.0008843076
48855,0.00042307956
48856,0.0015805096
48859,0.0009273377
48863,0.9968208
48871,0.99337643
48872,0.00025852278
48873,0.00041389157
48874,0.0001174041
48876,0.1435501
48877,0.0003063751
48878,0.9964103
48879,0.13819744
48882,0.00015826485
48887,0.99903417
48890,0.00014548836
48895,0.14749551
48897,0.0024224182
48899,0.001810754
48904,0.99337643
48910,0.002105104
48912,0.9990264
48915,0.00093392044
48919,0.99201185
48922,0.0011732957
48925,0.9922724
48926,0.9981766
48928,0.001070335
48929,0.0009273377
48932,0.0024224182
48943,0.00031638233
48951,0.14638846
48957,0.00023914427
48960,0.99232906
48961,0.00042307956
48977,3.6700072e-05
48979,0.0020089431
48981,0.00035089708
48982,7.7189965e-05
48986,0.9978904
48996,0.0013013304
49007,2.78163e-05
49008,0.0019995864
49009,0.0020089431
49011,0.0009273377
49014,0.0012396896
49015,0.0019727657
49024,0.0020882743
49025,0.0048490902
49026,5.0549563e-05
49027,0.0007473998
49033,0.9990508
49043,0.0019700346
49046,0.9920913
49061,0.0008484623
49063,0.003074718
49065,0.0020788417
49068,0.96881056
49073,0.0006951509
49075,0.0001666353
49082,0.1435501
49083,0.9976585
49087,0.0010372616
49089,0.0010448153
49093,0.0018821359
49099,0.99994385
49105,0.0010372616
49112,0.9855283
49113,0.9835445
49126,0.9979526
49131,0.6298914
49136,0.0003063751
49140,0.0008953452
49146,0.1503645
49147,0.0003399401
49151,0.9943277
49156,0.016118778
49160,0.00045162457
49162,0.0002334535
49168,0.9935847
49169,0.0019705335
49175,0.0021182075
49176,0.0009347635
49181,0.0010587792
49182,0.002124481
49186,0.00031638233
49194,0.13819744
49200,5.4345615e-05
49209,0.0009273377
49210,0.0008415887
49211,0.024149142
49215,0.0019727657
49222,0.006762944
49230,0.9978459
49234,0.9990508
49240,0.9990508
49242,0.9990264
49245,0.0010372616
49246,0.0033087234
49247,0.00019180658
49256,0.0003809386
49259,0.0009648743
49268,9.318351e-05
49272,0.004380111
49279,0.006762944
49280,0.9979632
49281,0.99994755
49282,0.00096357404
49284,0.00042012782
49285,0.001322926
49289,0.0020089431
49293,0.00015313149
49294,0.00023829711
49296,0.0010133233
49298,0.0018710482
49300,0.00038289593
49303,2.950671e-05
49306,0.00031638233
49307,0.0019959148
49308,0.0010372616
49310,0.9976585
49311,0.0019550975
49314,0.9759871
49321,0.00016213406
49322,0.0010372616
49324,0.0018331619
49326,0.97342664
49336,0.0019853371
49338,3.1601445e-05
49347,3.6797042e-05
49350,0.00016213406
49351,0.00034935816
49352,0.9970071
49353,0.0013784787
49355,0.14458078
49369,0.0020089431
49372,0.99855417
49379,0.0019907628
49383,0.9990264
49385,0.0014390135
49387,0.14749551
49392,0.0024472359
49393,0.14458078
49396,5.1632218e-05
49401,0.6338455
49404,0.0019626243
49405,0.00010873524
49412,0.96392316
49419,0.9979596
49421,0.0021687204
49422,0.00069289916
49424,0.0013589239
49426,0.0020352595
49428,0.14749551
49431,0.0019727657
49433,0.0021182075
49439,0.0021918537
49440,0.99581736
49441,8.094934e-05
49443,0.9990508
49448,0.0010372616
49450,0.00011101503
49454,0.00027934354
49466,8.012643e-05
49467,0.0012524053
49468,0.001070335
49482,0.002697084
49483,0.99993956
49484,0.0020089431
49488,0.9795711
49489,0.00076674274
49493,0.9990508
49495,0.00010998023
49501,0.00023118067
49505,0.0012524053
49506,0.05606053
49507,0.99994385
49508,9.849421e-05
49511,0.0019321652
49523,5.2478783e-05
49525,0.0020967198
49526,0.14749551
49527,0.0019302653
49528,0.14638846
49529,0.6298914
49530,0.998033
49534,0.0021182075
49535,0.0020800666
49538,0.0010605883
49543,2.6555319e-05
49545,0.0020800666
49546,0.001070335
49548,0.0009273377
49550,0.0018333338
49552,0.9805384
49553,0.001070335
49559,0.98930466
49563,0.0010372616
49564,0.00017461258
49566,3.9245046e-05
49578,0.14621535
49579,0.0011122106
49586,0.0011864658
49589,4.6536665e-05
49597,5.379314e-05
49598,0.9974049
49607,0.00037340616
49617,0.9588244
49623,8.094934e-05
49624,0.99366236
49626,8.526125e-05
49628,0.00017289471
49632,0.003948592
49634,0.6298914
49635,0.0010372616
49638,0.99994683
49640,0.0020321114
49641,3.1280175e-05
49644,8.583884e-05
49645,0.00050158094
49652,6.791063e-05
49653,0.0019616252
49659,0.00029786187
49661,7.165628e-05
49663,0.9990264
49666,0.99301416
49668,0.0013164831
49670,0.9935847
49674,0.9942668
49682,0.0010372616
49683,0.0001228824
49685,0.9891383
49686,0.14621535
49691,0.99835277
49693,0.008885567
49695,9.8201795e-05
49701,0.0001872294
49702,0.9963811
49703,3.1601445e-05
49704,5.0908955e-05
49708,0.0009648743
49709,0.001322926
49711,0.0008484623
49714,0.0017374204
49718,0.9980615
49721,9.6273296e-05
49722,0.015401547
49730,0.1435501
49732,0.9971943
49734,5.398673e-05
49738,0.0010267278
49739,0.00017303044
49741,0.1435501
49742,0.0009648743
49743,0.99831164
49750,0.009184785
49751,0.9979632
49752,0.0020089431
49759,5.379314e-05
49760,0.0019926813
49761,0.14638846
49766,0.001070335
49768,7.8388315e-05
49774,0.9963811
49777,0.99850625
49780,0.9981857
49789,4.362453e-05
49795,0.05712789
49797,0.02456459
49798,4.596545e-05
49802,0.00018185627
49805,0.001975854
49809,0.0017082365
49811,0.0020089431
49822,0.0018622652
49825,0.9933321
49831,0.0002067388
49838,0.14749551
49839,0.00012653369
49843,0.0022872179
49847,0.00030106725
49848,0.116367795
49850,0.005273451
49855,0.14749551
49856,0.14749551
49858,0.0004451832
49859,0.001070335
49862,0.00029786187
49863,0.0074938615
49864,0.00012711198
49865,0.99992645
49866,0.9959849
49867,0.99863964
49871,0.0021956845
49873,0.0020089431
49875,0.00020783611
49879,0.9979596
49882,0.9886297
49885,0.9990363
49890,0.001810754
49896,0.06980387
49898,0.00016328726
49900,9.236783e-05
49903,0.0018098622
49906,0.0008484623
49907,0.9990363
49908,0.034123175
49909,0.0024408184
49911,0.0010267278
49915,0.0039396225
49923,0.00018049551
49931,0.00012599766
49932,0.0052883676
49937,0.00028823275
49940,0.00017712152
49946,0.00095507567
49947,0.78815806
49950,0.9971943
49961,0.9990363
49962,0.0009614601
49968,0.9990508
49971,0.0010133233
49973,0.00018208374
49980,0.99806863
49981,0.99517536
49989,0.0012406991
49991,0.9990854
49993,0.002172457
49994,0.0018413871
49998,0.00276773
50000,0.0023150821
50008,0.99343395
50010,0.002344322
50011,0.9964767
50012,0.9954711
50013,3.1601445e-05
50015,0.15970398
50016,0.0004917059
50021,0.0012963618
50026,0.0007908673
50027,0.9990264
50028,0.0021399497
50031,0.78815806
50054,0.009693995
50058,6.1401304e-05
50062,0.14638846
50063,0.00029786187
50065,0.0020089431
50069,0.00050158094
50070,0.0021182075
50082,0.00023591841
50084,0.99677867
50086,0.0010372616
50087,0.99430895
50091,8.094934e-05
50097,0.0021182075
50099,0.99905723
50109,0.00015826485
50111,0.0029200853
50114,8.224541e-05
50118,0.00046294543
50119,0.00035089708
50122,0.0008124634
50123,0.0020967198
50130,0.00069096574
50136,0.00082707405
50142,0.00037815308
50144,0.99855417
50147,0.99758315
50156,0.9990854
50159,0.0013494118
50161,0.0013980543
50168,0.9821424
50169,0.00015394475
50170,0.00017470685
50174,0.008565471
50179,0.0008673216
50187,0.9961314
50188,0.99540776
50189,9.729477e-05
50191,0.001858656
50196,7.8388315e-05
50199,0.0018777087
50203,0.00032917905
50206,0.9960918
50207,0.99371016
50209,0.9979347
50211,0.00017289471
50215,0.0016878109
50218,0.000334342
50223,0.9999471
50225,0.9990508
50231,0.00014853849
50232,0.13056938
50237,0.00064804585
50238,5.8421487e-05
50242,0.0008242147
50243,0.001858656
50245,4.816397e-05
50262,9.236783e-05
50263,0.00049175514
50268,0.0008673216
50269,0.0005490656
50271,0.0725822
50272,0.0008484623
50280,0.0005490656
50283,0.00017289471
50286,0.0020041743
50291,0.0018703057
50293,0.021166913
50296,0.13056938
50301,0.0018202428
50302,0.99855417
50303,4.2142954e-05
50304,0.99905723
50306,0.003095065
50314,0.9974685
50322,0.9990363
50323,0.925823
50324,0.12941383
50327,0.00082707405
50331,0.002033034
50338,0.0017374204
50339,0.9990363
50343,0.9990508
50344,0.000107951106
50345,0.0011650216
50359,0.002375453
50370,0.00091004133
50374,0.0017808278
50379,0.005163967
50382,0.00091004133
50388,0.0011100993
50389,0.0004903098
50392,0.9961526
50395,0.00091937894
50398,0.000861833
50404,5.0370465e-05
50407,0.0025907033
50408,0.9973718
50413,0.0009648743
50423,0.0019705335
50424,0.0016811521
50428,0.0008673216
50432,0.0009960234
50443,0.0018548744
50444,0.000334342
50446,0.9918149
50447,0.13056938
50448,4.816397e-05
50451,8.399828e-05
50467,0.00032241622
50468,0.04028534
50469,0.0012285063
50470,0.99371016
50474,0.0011805547
50475,0.0017808278
50477,0.006492221
50481,0.9979347
50482,0.9630736
50484,0.0001390264
50488,0.0011805547
50496,0.0018138075
50497,0.00068506424
50499,0.002491066
50503,0.0022100885
50513,0.00091004133
50518,4.816397e-05
50519,0.9990854
50522,0.0012551598
50532,0.003095065
50533,0.017322743
50538,0.0017374204
50541,0.99794394
50543,8.2057944e-05
50545,0.9981092
50548,0.0009347635
50549,0.0016986949
50554,0.0013471107
50555,0.0023342906
50562,0.0019705335
50575,0.9974553
50576,0.99991584
50581,0.008594955
50584,0.001127654
50587,0.0012247768
50590,0.027170314
50601,0.00081427273
50604,0.009661202
50608,0.0017808278
50609,0.0017808278
50610,0.0012373398
50615,0.00010569843
50616,7.570626e-05
50622,0.00022290592
50626,0.001984517
50630,0.99847335
50642,0.0012551598
50644,0.99520373
50665,0.999676
50668,0.0006414622
50672,0.9985844
50677,0.00023756981
50679,0.00091004133
50680,0.0010010736
50681,0.0009960234
50682,0.9940731
50688,0.0062934975
50692,0.04377382
50693,0.00064804585
50696,0.9967127
50697,0.0059376433
50698,0.0002278603
50702,0.00029402107
50713,0.9817648
50718,0.00016452883
50720,0.0011732957
50721,0.0010109552
50726,6.942154e-05
50734,0.008599792
50736,7.570626e-05
50737,0.99792755
50738,0.0010364851
50753,0.0019058662
50754,0.8304844
50756,0.9796429
50759,0.0056744963
50771,0.0018688721
50772,0.00062716054
50774,0.00091937894
50775,0.0019907628
50783,0.99732
50785,0.99270004
50787,0.002033034
50793,0.99804175
50794,0.00038709218
50795,0.0028433627
50799,0.0021591422
50800,0.83072484
50802,0.00238534
50804,0.0011100993
50811,0.00029288768
50812,0.0012793202
50818,0.00027857305
50819,0.98786503
50823,0.0034441885
50825,0.9991334
50826,0.0017808278
50829,0.0027778589
50831,0.99792755
50832,0.97603375
50833,2.8006803e-05
50840,0.13056938
50850,0.99749666
50859,0.995622
50860,0.9950015
50870,0.0035942977
50874,0.0021694605
50875,0.00091937894
50877,0.00047332863
50878,0.0017808278
50880,0.033298682
50882,0.9977708
50898,0.0010162189
50901,0.0005352206
50902,0.0023342906
50910,0.0010010736
50911,0.00082707405
50912,0.0018703057
50916,0.07141275
50917,0.0001656504
50921,0.002703762
50925,0.0021956845
50929,0.74541277
50930,0.0018688721
50938,0.0008242147
50944,0.00011541716
50945,0.0023984509
50949,0.00064164505
50950,0.0017808278
50957,0.0018688721
50965,0.0725822
50966,5.0549563e-05
50969,0.0005299978
50972,0.00048236467
50973,0.00030873224
50975,0.0009648743
50977,0.0013525074
50982,0.0018777087
50987,0.031893097
50989,0.0021956845
51001,0.00010749461
51006,0.00046028022
51007,0.00016429774
51010,0.13056938
51011,0.99314344
51012,0.14380912
51020,0.000120659075
51022,0.000117543896
51023,7.93311e-05
51026,0.00029155234
51028,0.9961314
51030,0.00029589504
51042,0.9979347
51046,5.964058e-05
51053,3.0540417e-05
51057,0.9990508
51059,0.0018777087
51064,0.00068506424
51069,0.0021694605
51076,0.13987838
51082,0.0018703057
51086,0.0009648743
51089,0.0023699484
51100,0.83072484
51104,0.03322835
51105,0.078995265
51112,0.0010988269
51124,0.0012692115
51128,4.816397e-05
51129,6.211781e-05
51135,0.14380912
51138,0.054297417
51142,0.00082707405
51144,0.00046028022
51149,0.00016396659
51160,0.99822956
51161,0.00091937894
51168,0.00036123622
51172,0.13056938
51174,0.0018703057
51175,0.99337643
51185,9.073272e-05
51189,0.0018777087
51194,2.8006803e-05
51196,0.9938089
51197,6.871581e-05
51200,0.00068506424
51205,0.000334342
51209,0.0022766753
51210,0.00021963441
51211,0.009661202
51216,9.191909e-05
51230,0.0020206661
51231,0.028497804
51239,0.9981092
51241,0.004300362
51245,0.00082707405
51250,0.0023473618
51254,0.83072484
51256,0.009759454
51261,0.0019550975
51264,0.0010497791
51268,0.0010378555
51270,0.00091937894
51271,0.0020788417
51275,0.00024032783
51277,0.83072484
51281,0.0019058662
51316,0.13056938
51318,0.008594955
51323,0.10258398
51327,0.0021374738
51330,0.9948891
51333,6.211781e-05
51334,0.00016328726
51335,4.4534867e-05
51342,0.0017692762
51345,0.0011636235
51349,0.9961747
51350,0.028071906
51354,0.0008673216
51358,0.0050471667
51359,0.0015235288
51361,0.0018703057
51373,0.9984831
51382,0.9922295
51388,0.0018821359
51389,0.0010591823
51390,0.99604475
51392,0.99788326
51393,0.0012551598
51396,3.4856188e-05
51398,0.9990508
51399,0.0017627563
51402,0.027597556
51410,0.9990508
51411,0.0018703057
51414,0.00010348666
51415,0.13056938
51418,0.000334342
51435,0.00091937894
51450,0.999923
51452,0.00010348666
51453,0.0009717284
51457,0.00067261496
51458,9.216028e-05
51459,0.83072484
51461,0.9978459
51462,0.00030106725
51464,0.0012551598
51465,0.99792755
51475,0.0025498243
51481,0.98747545
51483,0.9915337
51485,0.9978496
51492,0.0018688721
51497,0.13056938
51511,0.0019705335
51512,0.12793894
51514,0.15405156
51517,0.0013572689
51518,0.0017808278
51521,0.00019505105
51523,0.0010988269
51525,0.99540776
51529,0.0016811521
51531,0.00091937894
51533,2.6976015e-05
51539,0.824476
51541,0.0017425838
51542,0.99180204
51543,0.00019516175
51544,0.00087457814
51547,0.00021263985
51551,0.00041917793
51556,0.00093594607
51559,0.00091937894
51562,0.0017808278
51563,0.0059982566
51565,0.0016878109
51570,0.0021956845
51577,0.99732
51579,7.4936645e-05
51580,0.0012373398
51586,0.95749336
51593,0.9973953
51594,7.194056e-05
51596,0.0018777087
51601,0.000334342
51603,0.9967649
51609,0.0023303141
51612,5.215609e-05
51614,0.9990508
51615,0.13056938
51618,0.99905723
51623,0.8264549
51630,0.0009849904
51632,6.1124505e-05
51634,5.5513323e-05
51636,0.00011541716
51640,0.9918411
51641,0.9979632
51647,0.9990508
51650,0.9973334
51652,0.0012075376
51654,3.4856188e-05
51657,0.0012530193
51666,0.00066603837
51667,0.0019705335
51673,0.00017938457
51676,0.99751556
51677,0.13056938
51680,0.0007175318
51683,0.0017808278
51686,0.00011759066
51691,0.00091004133
51694,0.00082707405
51706,0.99850625
51707,0.00091937894
51710,0.99994326
51715,0.9962929
51722,0.00043576077
51727,0.00183441
51738,0.00035089708
51741,0.99905723
51742,0.0017808278
51753,0.0035019221
51754,3.503899e-05
51758,0.020297866
51759,0.9967127
51772,7.194056e-05
51773,0.0018777087
51782,0.9990264
51798,0.00023756981
51801,0.00048844784
51807,0.9980824
51814,0.9802934
51818,0.014666728
51820,0.0014871894
51825,0.0009648743
51828,0.0018703057
51829,0.0014263876
51834,0.99333376
51836,0.97921854
51840,0.9978818
51847,0.99851817
51851,0.00016396659
51856,0.0060394164
51857,2.8006803e-05
51859,0.0010010536
51861,0.00075304636
51865,0.00017289471
51874,0.99994767
51879,0.00019669437
51883,0.99850625
51884,0.0027314539
51888,4.7051355e-05
51891,0.99830085
51913,0.8274127
51914,4.7674326e-05
51917,0.0024612069
51919,0.999966
51920,0.99387556
51943,0.0012551598
51944,0.8304844
51946,0.0060219574
51955,6.211781e-05
51961,0.14380912
51963,0.12941383
51965,0.0008274517
51966,0.0018688721
51970,6.596842e-05
51972,0.0003063751
51985,0.00010074157
51987,0.00019505105
51990,0.00046885808
51996,0.004810579
52002,0.14380912
52005,0.0012551598
52007,0.9846201
52012,0.12941383
52016,0.9990363
52025,0.0010378555
52027,7.8388315e-05
52029,0.99785334
52032,5.0549563e-05
52034,0.99732
52040,0.9969181
52041,0.0008673216
52042,0.0022344782
52044,0.0018202428
52049,0.002276907
52053,0.0002893161
52056,0.0017808278
52059,0.0017808278
52061,0.00191862
52067,8.2224e-05
52073,0.0013549544
52079,0.000334342
52080,0.0001656504
52083,0.0024612069
52090,0.0009648743
52101,0.000334342
52103,5.0549563e-05
52104,0.00050075474
52117,0.0005079502
52122,0.0022409097
52123,0.0060394164
52128,5.1604402e-05
52129,0.0023342906
52131,0.0006961978
52136,0.0019705335
52137,0.00018837363
52139,0.99438196
52141,0.0011650216
52150,0.00011978267
52159,0.0017808278
52162,0.0009648743
52163,0.0022100885
52165,0.00019053047
52168,0.99749666
52170,0.0011100993
52173,0.00072954124
52177,0.0018777087
52178,0.00017756117
52182,0.002276907
52195,0.00018463662
52197,6.942154e-05
52200,0.0011993198
52206,0.0019705335
52210,0.9968876
52211,0.9983152
52218,5.8421487e-05
52223,0.0011813039
52229,0.00029288768
52235,0.005133101
52238,0.00091937894
52239,0.0024612069
52240,0.00095002964
52241,0.0014381984
52247,0.009854936
52248,0.9990508
52261,0.0010010736
52262,0.032971326
52263,0.9961314
52265,0.99994326
52269,0.9584345
52270,4.3452346e-05
52272,5.0549563e-05
52277,0.99604475
52279,0.0019550975
52281,0.685581
52285,0.0018072358
52293,8.2224e-05
52296,7.4936645e-05
52303,0.00015313149
52317,0.9990283
52318,0.0012032727
52320,0.0017627563
52321,0.9999467
52328,0.000472943
52330,2.930975e-05
52334,0.0023342906
52347,0.9897078
52348,0.0012447496
52351,2.8926743e-05
52352,0.00019865907
52355,0.0018106014
52359,7.8388315e-05
52360,0.00029589504
52363,0.0019058662
52370,0.0012180296
52371,0.9999467
52383,0.001678363
52386,5.2274198e-05
52394,0.9968442
52398,0.00180897
52399,0.0018777087
52400,4.302049e-05
52406,0.0008689169
52410,0.00017682555
52411,0.9834907
52415,0.0001872294
52418,0.00017682555
52419,0.0023632813
52422,0.0008673216
52425,0.008885567
52428,0.002249192
52429,0.9798249
52433,0.0014294608
52434,0.0022766753
52439,0.00029288768
52453,0.998319
52456,0.0016878109
52466,0.0016986949
52479,0.001984517
52482,0.0020096132
52483,0.0012180296
52489,0.00090376585
52490,3.362609e-05
52498,0.00049175514
52509,0.0008673216
52511,0.9990264
52512,0.0016986949
52516,0.997844
52518,5.066404e-05
52529,0.0012373398
52530,0.056179103
52532,0.00091004133
52533,0.9990508
52541,0.0016986949
52544,0.9979347
52551,0.0007583968
52557,0.00091004133
52559,0.99371016
52563,0.0012857793
52570,8.224541e-05
52572,0.0026002156
52573,0.12941383
52576,0.002033034
52583,0.9952158
52584,0.9978186
52590,0.0017808278
52593,0.0012014346
52594,0.0024612069
52598,0.99905723
52600,7.405858e-05
52601,0.14380912
52603,0.003061603
52606,0.72814864
52610,0.13056938
52621,0.0022896847
52622,0.8304844
52626,0.99397224
52628,0.9950015
52635,0.97313446
52639,0.00035089708
52640,0.0013512218
52644,0.004187856
52653,0.98776126
52661,0.00043320056
52668,0.00082707405
52669,0.0023342906
52672,0.0030815687
52682,0.0028433627
52683,0.00036204534
52686,0.99781114
52689,9.236783e-05
52691,0.13056938
52698,0.9983152
52699,0.009854936
52710,0.000428861
52712,0.0016878109
52719,0.12793894
52722,0.00016396659
52728,6.201169e-05
52735,0.0013182792
52736,0.0005145864
52738,0.0024936409
52741,0.00019505105
52775,0.000334342
52780,0.00027155975
52789,0.00013216077
52793,0.0012261992
52794,0.00038709218
52795,0.0023303141
52796,0.0017808278
52798,0.99540776
52817,0.998033
52825,0.00046885808
52832,0.9976318
52833,0.001557927
52835,0.0011636235
52836,0.831038
52843,0.0013004093
52847,2.7722079e-05
52853,0.99604475
52854,7.570626e-05
52865,0.0019058662
52870,0.9987527
52877,0.0008673216
52879,0.0017888969
52886,0.0012551598
52887,2.9610781e-05
52890,0.99604696
52893,0.0002711647
52894,0.00016396659
52895,0.0016986949
52899,0.9990854
52908,0.0018688721
52909,0.003160925
52910,0.0023216137
52912,0.00091937894
52926,0.033879187
52936,0.9982266
52938,0.0010497791
52944,0.00093392044
52948,7.570626e-05
52949,2.8926743e-05
52950,0.97575504
52954,0.0019705335
52955,0.0009960462
52958,0.00016102906
52959,0.0009648743
52960,0.0018777087
52962,0.0016212789
52965,0.001678363
52966,0.00091937894
52969,0.9966877
52971,0.83072484
52972,0.0013549544
52975,8.2224e-05
52978,0.0017808278
52981,0.00022444974
52984,0.0008484623
52992,0.9987527
52994,0.00020632683
52995,0.0009868052
52999,0.98776126
53007,0.000334342
53008,0.13246669
53012,0.0019222642
53017,0.99616915
53020,0.0018777087
53025,0.0023303141
53027,0.00010348666
53029,0.997767
53030,0.0001872294
53037,0.99903417
53041,0.9990264
53046,0.049663182
53053,0.00091937894
53056,0.0010230133
53061,0.00093495543
53065,0.99049133
53067,0.0023150821
53074,0.13860393
53075,0.99026275
53079,0.001557927
53080,0.9977708
53085,0.0018314327
53086,0.00183441
53087,0.0010347171
53094,0.9722964
53104,0.13056938
53107,0.0021694605
53113,0.023865258
53114,0.00019875648
53117,0.008594955
53124,0.00015009208
53127,0.0009648743
53129,0.0008673216
53130,0.0009648743
53134,0.00016430432
53135,3.0086767e-05
53136,0.00025359725
53139,0.0009868052
53140,0.0011650216
53142,0.9999467
53144,3.456381e-05
53145,0.9990508
53146,0.00041622834
53150,0.00091937894
53154,0.99749666
53155,3.083003e-05
53164,0.00062989997
53165,0.98763704
53166,0.9990854
53168,6.211781e-05
53169,0.9976538
53173,0.99520797
53174,0.0010988269
53178,0.030200599
53182,0.99049133
53185,0.9967127
53188,0.82779825
53190,0.0008484623
53192,0.0059376433
53194,0.037128396
53198,0.0020658153
53200,0.027170314
53201,7.188096e-05
53217,0.0019705335
53219,2.8006803e-05
53221,0.0008673216
53228,0.997844
53231,7.188096e-05
53235,2.9610781e-05
53237,0.0003063751
53244,0.83072484
53250,0.0012261992
53252,0.00017682555
53254,0.0011100993
53256,7.405858e-05
53265,0.00191862
53273,7.3917756e-05
53274,0.99732
53275,0.01786538
53281,0.99509513
53286,0.00180897
53290,0.0017808278
53293,0.00023914427
53294,0.001858656
53315,0.0008673216
53321,0.14101253
53322,7.4936645e-05
53324,0.9976724
53326,0.0018643573
53329,2.9160008e-05
53332,0.00019505105
53334,0.0012551598
53336,0.0018333338
53341,7.556331e-05
53342,0.83072484
53343,0.0012551598
53344,0.0012551598
53345,7.2190356e-05
53352,0.0012530193
53355,9.073272e-05
53356,0.0017627563
53366,0.0011100993
53380,0.047755633
53381,0.0001560005
53386,0.00082707405
53387,0.999889
53388,0.00191862
53392,0.98859763
53393,0.8274127
53397,0.0005079502
53400,0.000117543896
53402,0.9990508
53407,0.0008242147
53408,2.8223685e-05
53411,0.00091937894
53413,0.9999491
53421,0.00043888946
53424,0.0003063751
53427,0.9990508
53428,0.00066603837
53430,2.930975e-05
53433,0.00547823
53440,0.00191862
53447,0.99049133
53451,0.00050075474
53458,0.00064164505
53460,0.9999174
53461,0.0010497791
53466,5.8421487e-05
53469,0.99851817
53471,0.00049990014
53472,0.9990508
53474,0.0063379635
53475,5.636066e-05
53476,0.0050906665
53485,0.0001150178
53486,0.13056938
53487,0.0016936613
53491,0.00091937894
53495,0.99337643
53497,0.0019077992
53499,0.9927921
53500,0.0019907628
53501,0.13056938
53506,0.0017808278
53515,0.0017627563
53519,0.9999641
53522,0.9967127
53526,0.0014025965
53534,0.0019090989
53536,0.8304844
53540,0.0004094982
53541,0.9960918
53545,0.003460788
53547,0.00033094434
53552,0.0016986949
53556,0.00091004133
53561,0.0058604996
53565,0.99818474
53566,0.0012373398
53569,0.0022471147
53573,0.9979359
53575,0.9971029
53582,0.0022544952
53589,0.0016936613
53592,0.9979569
53595,0.0012551598
53600,0.99901354
53601,0.99681145
53602,0.99855417
53603,0.99903417
53604,0.99994767
53616,0.9990508
53627,0.00017289471
53628,0.99371016
53632,0.0049646026
53641,0.0008484623
53644,0.0019058662
53662,6.211781e-05
53666,0.9990508
53675,0.0015235288
53676,0.00050075474
53682,0.9934517
53686,0.0017397592
53690,0.0002219287
53692,0.12941383
53704,0.0009955098
53707,0.99520797
53710,0.00016049837
53716,0.13056938
53717,0.99850625
53718,0.0008981589
53723,0.99884206
53724,0.992623
53727,0.0018688721
53730,0.010181991
53732,0.0009842968
53739,0.9973953
53749,0.0009909072
53752,2.8006803e-05
53753,0.9982266
53765,0.0024570148
53770,0.95802546
53774,0.83072484
53776,0.00091937894
53779,0.9990363
53780,0.0016936613
53781,0.9990264
53788,0.000334342
53789,0.0710913
53798,0.0008673216
53806,0.00035089708
53807,0.00027868382
53808,7.4936645e-05
53809,0.00010348666
53811,0.004162849
53812,0.0023150821
53813,0.00050075474
53820,0.00093415007
53822,0.00081427273
53828,0.0009849904
53837,0.0026197983
53839,0.00019993873
53840,0.0017627563
53848,5.891252e-05
53862,0.9990854
53869,0.002276907
53871,0.0009614601
53875,0.0001642055
53881,0.00036204534
53882,0.0010360852
53883,0.9990508
53896,4.3937995e-05
53903,0.024023052
53904,0.99750084
53906,0.0012551598
53908,0.9667222
53917,0.0010010736
53921,7.570626e-05
53923,0.0001098001
53926,0.0033772287
53934,0.009854936
53938,0.0019705335
53948,0.9820932
53950,0.00019676375
53953,0.9941711
53956,0.0010988269
53957,0.82779825
53962,0.0011636235
53966,0.9999275
53967,0.9991021
53969,0.001858656
53973,0.9978186
53975,0.0018643573
53994,7.702526e-05
53997,0.9950015
53998,0.0008673216
54005,0.9981092
54009,0.98776126
54012,0.98776126
54017,7.4936645e-05
54025,0.13056938
54029,0.99321634
54030,0.0018688721
54031,0.12941383
54032,0.0020788417
54039,0.0010988269
54045,7.524598e-05
54049,0.9939976
54056,0.9961314
54057,0.003095065
54060,0.0012495505
54069,0.0010746885
54080,0.00027760927
54082,0.00091937894
54084,0.0010844821
54085,0.00091937894
54088,0.9979347
54092,0.0012014346
54096,0.9983575
54099,0.0018777087
54103,0.00019188269
54107,0.0006565421
54111,0.85370415
54119,0.0009648743
54120,0.0019058662
54126,0.00180897
54137,0.9998802
54139,0.83072484
54145,0.0008481571
54147,8.2224e-05
54148,0.0020363242
54149,6.619749e-05
54153,0.0017808278
54156,0.001984517
54157,0.0017808278
54159,7.570626e-05
54163,0.00082707405
54169,0.98859763
54172,0.004075389
54179,0.00010646145
54190,0.83072484
54192,0.00091937894
54195,0.0009243067
54199,0.99749774
54201,0.9980921
54202,0.9976724
54205,0.9962929
54208,0.9949013
54231,0.032890532
54232,0.9990508
54233,0.0012261992
54234,7.58714e-05
54238,0.0012692115
54241,0.00021359042
54245,0.00091937894
54247,0.0017316409
54259,4.816397e-05
54260,0.9951389
54261,5.0549563e-05
54263,0.00010592607
54264,7.395745e-05
54266,0.00049175514
54270,0.0030743028
54274,0.000100440564
54278,0.0017425838
54279,0.00022259752
54282,0.004388897
54285,0.9975211
54286,0.9990363
54287,3.4856188e-05
54291,7.5395525e-05
54292,0.9967127
54293,0.99845004
54297,0.0017808278
54300,0.98322105
54301,0.0012913918
54304,0.9974366
54305,0.0011636235
54308,0.0022089814
54316,0.029913947
54319,8.224541e-05
54320,0.14380912
54325,0.00091937894
54326,0.9630736
54331,0.0018777087
54332,0.00013185124
54334,0.000954896
54337,0.0025498243
54339,0.0018777087
54340,0.0018777087
54346,0.9990854
54352,0.0002219287
54354,0.99520797
54364,0.00029643942
54365,0.007838845
54372,0.0026197983
54378,9.630571e-05
54381,0.0062934975
54385,0.98392314
54393,0.13056938
54397,0.0020281023
54399,0.0010223838
54404,0.00029643942
54422,0.0009909072
54427,0.00091004133
54429,0.99760747
54432,0.99855417
54440,0.0009648743
54442,0.9984883
54444,0.9990283
54445,0.0012247768
54446,0.00014978326
54448,0.9988784
54449,5.0549563e-05
54450,6.939374e-05
54452,0.0017808278
54456,0.0005352206
54460,0.9990508
54461,0.0023342906
54462,5.0549563e-05
54464,0.998033
54468,0.0009960462
54469,0.99994326
54470,0.0019163734
54485,0.10258398
54487,0.0010010736
54496,0.0024642807
54497,0.0018777087
54524,0.0017808278
54526,0.0009648743
54529,0.00016253635
54532,0.00082707405
54533,0.99803907
54534,0.00041917793
54545,0.00091937894
54546,0.0017397592
54551,0.00027425901
54568,0.00091937894
54569,4.816397e-05
54572,7.60752e-05
54573,0.0010378555
54580,0.9978186
54592,0.00010074157
54594,0.0025164222
54599,0.00091004133
54600,0.82492447
54602,0.9734098
54604,0.0018777087
54606,0.99047524
54610,0.9991334
54611,0.0018777087
54613,0.00053453766
54615,0.0017808278
54622,0.00070707
54627,0.0021474538
54629,0.0019705335
54630,0.99863964
54632,0.00023106145
54634,0.0009717284
54637,0.12941383
54638,8.3854786e-05
54639,0.0049646026
54647,0.00091004133
54648,0.9831572
54652,0.99732
54657,0.14101253
54661,0.99762696
54669,7.188096e-05
54673,0.0010010536
54681,0.13056938
54684,0.0009648743
54695,0.0020245162
54705,0.9999447
54706,0.99636286
54720,0.9990363
54721,0.00052818476
54727,0.0005352206
54731,0.0010010736
54733,0.00016396659
54739,0.0009960234
54741,0.0017808278
54747,0.9976538
54750,0.0725822
54751,0.9999471
54752,0.00017440841
54756,0.0013611108
54757,0.0031663657
54762,0.9999467
54767,0.0016936613
54772,0.0019281546
54773,0.001858656
54774,0.99749666
54779,0.0022766753
54780,0.99757594
54787,0.00091937894
54796,0.00018837363
54797,0.043741114
54807,7.541789e-05
54813,0.00038709218
54815,0.9979405
54818,0.00050075474
54820,0.9990854
54834,0.001968613
54835,6.201169e-05
54842,4.7674326e-05
54846,0.0011650216
54850,0.9990854
54854,0.00091937894
54855,0.0018202428
54856,5.1604402e-05
54857,0.007378433
54860,0.8208164
54871,0.04768116
54872,0.0019724437
54874,0.00082707405
54878,0.9985927
54880,0.0011100993
54884,0.9927921
54885,0.0020989517
54891,0.001858656
54893,0.0017808278
54900,0.0012596996
54911,0.00034045646
54913,0.0004744593
54914,0.0017627563
54916,0.0009960234
54918,0.99763775
54932,0.99831164
54940,0.9990363
54943,0.0012032727
54948,0.00042362438
54949,0.9985827
54950,0.0023062332
54954,0.99520797
54955,0.96257025
54958,0.12941383
54964,0.00183441
54966,0.9990694
54967,0.9927921
54968,0.9886297
54977,0.0011100993
54979,0.0016724253
54988,0.12941383
54991,0.0025345495
55005,0.0059982566
55014,0.9983152
55021,0.00091937894
55024,0.0004449613
55028,0.0018688721
55030,0.00083561917
55036,7.81995e-05
55040,0.99663806
55042,0.0018777087
55048,0.0017808278
55049,0.9941711
55056,0.9950717
55057,0.0013512218
55059,0.0018777087
55065,0.1265129
55073,0.00011541716
55074,0.0022426087
55076,0.13056938
55080,0.0018692813
55085,0.99683267
55087,0.99903417
55089,0.0026197983
55090,0.00032241622
55091,3.41982e-05
55092,0.0018777087
55104,0.000301222
55106,4.816397e-05
55107,0.83477026
55111,0.0022089814
55113,0.0025690577
55117,0.9823208
55124,0.98937196
55131,0.00018837363
55141,0.83072484
55150,0.00029589504
55156,0.0018688721
55161,0.0021694605
55176,8.224541e-05
55183,0.0017808278
55186,0.0011100993
55187,0.99849355
55190,0.12793894
55191,0.9979632
55193,0.00010726381
55194,0.9990551
55196,9.236783e-05
55201,0.020746542
55207,0.0020882743
55208,0.9932011
55211,4.816397e-05
55212,0.9944271
55213,9.211485e-05
55223,0.0017808278
55224,0.0023342906
55234,0.99749666
55241,0.9999471
55244,0.99604475
55245,0.00082723686
55248,0.9999641
55249,0.000334342
55250,0.0006951509
55261,0.00011761544
55283,0.0017958097
55288,0.9832145
55289,0.0004311779
55290,0.0046556294
55294,0.9990854
55296,0.00091937894
55298,0.00091937894
55304,0.0011636235
55307,0.0024044858
55329,0.99520797
55335,0.00010569843
55344,0.0018106014
55349,5.0908955e-05
55352,0.13056938
55353,0.0008484623
55359,0.00029589504
55362,0.0005352206
55367,0.0017808278
55370,0.99540776
55371,0.0049646026
55376,0.0012551598
55378,0.047219314
55379,4.8825037e-05
55382,3.5285077e-05
55415,0.002033034
55416,0.00082707405
55420,0.0022766753
55423,0.0017808278
55426,0.000301222
55427,0.0021694605
55433,0.00010998023
55439,0.9990264
55441,2.930975e-05
55442,0.0022544952
55446,0.0018638462
55454,0.9961747
55455,0.99767953
55456,0.009661202
55462,0.99863964
55475,0.0021694605
55487,4.816397e-05
55488,5.0549563e-05
55496,8.49642e-05
55502,0.0035282164
55504,0.0013259554
55510,0.97507024
55511,0.0018777087
55513,0.00015163345
55518,0.13056938
55525,0.0023342906
55526,0.017129961
55528,0.034781553
55529,0.0010448153
55538,0.0010988269
55550,0.9990508
55551,0.0017808278
55571,0.0017679747
55572,0.0023041605
55585,0.0019058662
55597,0.00050075474
55606,4.816397e-05
55610,0.018352617
55612,0.98010385
55615,4.816397e-05
55616,0.0021474538
55617,0.00081143866
55618,0.9990854
55619,0.83072484
55620,0.00082707405
55622,0.9639173
55638,0.0017808278
55642,0.9713567
55644,0.00083419785
55646,0.9990264
55647,7.522676e-05
55653,0.029499736
55655,0.9983152
55658,7.702526e-05
55660,0.0010010736
55661,0.000334342
55665,0.0022583113
55669,0.00023914427
55672,0.9999447
55676,0.000117543896
55680,0.0001656504
55682,0.00022305026
55683,0.995159
55685,0.0008386236
55687,0.00095002964
55688,0.0009909072
55689,0.0020989517
55702,0.13056938
55706,0.999966
55710,0.0011100993
55719,0.9990363
55720,0.0016493653
55721,6.788629e-05
55722,0.13056938
55723,0.0031663657
55739,0.00015826485
55741,0.0017808278
55749,0.0013094972
55754,0.0017808278
55755,8.050816e-05
55761,0.0017808278
55762,0.00082707405
55771,2.6150336e-05
55774,0.00016396659
55775,0.00035089708
55776,0.0023303141
55778,0.0012373398
55779,0.0014381984
55784,0.0021956845
55788,0.9990363
55791,0.000334342
55799,0.0018688721
55804,0.0028433627
55805,0.0020115739
55806,0.99903417
55808,0.13056938
55809,0.9982084
55811,0.00035089708
55813,7.60752e-05
55816,0.0010010536
55820,0.0008673216
55821,0.0011100993
55822,0.00091937894
55824,0.9990854
55826,0.0018992842
55827,6.211781e-05
55830,0.00012747601
55835,0.13246669
55838,0.99994326
55843,0.0023984509
55844,0.0024570148
55852,0.8203597
55853,0.00029288768
55857,0.9990508
55859,0.13056938
55861,0.00029402107
55864,0.00017756117
55865,0.99774146
55866,0.9990508
55871,0.00091937894
55881,0.0004744593
55882,0.00013500436
55887,0.0021474538
55895,0.00084103877
55900,0.00091937894
55911,0.0048933076
55913,0.99994683
55916,3.503899e-05
55917,0.0001656504
55918,4.7051355e-05
55919,0.0004903098
55925,7.194056e-05
55931,0.00041267238
55933,0.00023756981
55935,8.7796456e-05
55936,0.00011840392
55937,0.9974516
55939,0.00091937894
55941,0.0024612069
55944,0.9718185
55945,0.83072484
55946,0.0011717064
55955,4.816397e-05
55967,0.0024612069
55972,0.0011100993
55977,0.9979685
55982,0.0021983155
55983,0.0011100993
55988,0.0012956643
55997,0.0013572689
55998,0.8264549
55999,0.0017808278
56002,0.0001852049
56006,0.0009717284
56011,0.00010275928
56012,0.0020009351
56014,0.000334342
56021,0.0017808278
56024,0.00091937894
56026,0.0016986949
56034,0.99774146
56035,4.7051355e-05
56041,0.00021842649
56043,0.0018969869
56047,0.0039396225
56049,0.99855417
56051,0.00091937894
56052,0.00046691616
56053,0.9802934
56054,0.00020170376
56058,0.0022100885
56065,0.0057161343
56067,0.9974324
56068,0.98934853
56071,0.00082096015
56075,0.13056938
56078,0.0016986949
56079,0.9584408
56086,0.12064246
56089,0.8264549
56095,0.0009955098
56101,0.00021255531
56109,0.83072484
56111,0.99520373
56115,9.264287e-05
56118,0.13983704
56119,0.9990363
56121,0.9990283
56131,0.00095849176
56135,0.824476
56137,0.12793894
56138,0.0010988269
56141,0.8274127
56147,0.0010010736
56150,0.0011100993
56159,0.9990283
56163,0.03323173
56170,0.0012793202
56181,0.99903417
56198,0.9913667
56200,0.9978186
56204,0.00091004133
56208,0.79443973
56215,0.0018703057
56230,0.00091937894
56238,0.00018673055
56241,0.7089288
56242,0.000112575064
56245,0.9927921
56247,0.0024570148
56249,0.12941383
56250,0.001077672
56254,0.09860418
56255,0.0011805547
56260,0.0073883263
56262,0.9907958
56266,0.0010010736
56267,0.0015483865
56271,0.9961747
56274,0.0002214943
56276,0.000334342
56281,0.0008673216
56287,0.00019085649
56288,0.0019058662
56291,0.9950015
56295,6.942154e-05
56297,0.0011813039
56299,0.000117543896
56304,0.9999174
56305,0.0008242147
56312,0.004388897
56317,0.008565471
56319,0.9927186
56321,0.0024612069
56322,0.9930735
56328,0.0012020041
56331,0.0018777087
56333,0.0011650216
56334,2.8520959e-05
56339,0.00016328726
56342,0.0026746094
56360,0.00027857305
56362,0.9979632
56363,0.0023041605
56364,0.0004643398
56365,0.0023303141
56366,0.00016853299
56367,0.001730638
56368,0.99991286
56369,0.0002219287
56370,0.00017138662
56373,0.013138479
56374,0.99905723
56382,0.0009960234
56398,0.9990508
56404,0.004187856
56409,9.476694e-05
56413,0.9823492
56414,4.816397e-05
56419,7.2190356e-05
56421,4.816397e-05
56422,0.006271347
56427,0.00021300185
56430,0.082647964
56432,0.002033034
56436,0.00084730214
56438,0.997767
56467,0.9961314
56470,2.6508511e-05
56476,0.0010378555
56477,0.9999447
56478,0.00018837363
56482,0.13246669
56493,7.165628e-05
56494,0.00096627267
56498,0.0024936409
56501,0.9987527
56508,0.001858656
56510,0.0025498243
56513,0.0003596022
56516,6.0682876e-05
56522,0.99835277
56523,0.9999641
56525,0.00180897
56533,0.8304844
56539,0.0017808278
56549,0.0017425838
56554,0.99371016
56556,0.0009779698
56558,0.0012551598
56560,0.0022068124
56562,0.00191862
56563,4.210146e-05
56567,0.0018548744
56568,0.9980824
56571,0.990467
56572,0.99749666
56573,0.0016674695
56574,0.13056938
56579,0.9990508
56593,3.595674e-05
56601,0.0016943339
56610,0.0018777087
56614,0.0010591823
56617,0.005172396
56620,0.0013396331
56626,0.9978496
56627,0.0008673216
56632,3.6982365e-05
56633,0.99792755
56635,0.0022766753
56644,0.003095065
56645,0.99905723
56658,0.002819817
56659,0.9917663
56660,7.702526e-05
56662,0.13056938
56663,0.00021842649
56667,0.9960918
56668,3.5686935e-05
56674,0.00028578102
56680,0.0013396331
56681,0.0010162189
56684,0.0075979335
56689,0.00017967884
56696,6.78179e-05
56699,0.00019085649
56701,0.019838255
56704,0.9982028
56705,0.99855417
56706,0.003460788
56707,0.0012180296
56713,0.9979347
56717,0.04768116
56721,7.067168e-05
56722,0.0001656504
56730,8.896776e-05
56736,0.00038448852
56737,6.871581e-05
56739,0.99811244
56740,0.0013149669
56742,9.5143165e-05
56744,0.0002720244
56747,0.0016731683
56750,0.00091937894
56751,0.0046529653
56759,0.04028534
56761,0.0009717284
56763,4.2289295e-05
56769,7.570626e-05
56770,5.0908955e-05
56772,2.9768515e-05
56780,0.99991214
56782,0.13699181
56791,5.8421487e-05
56793,0.0001250423
56798,7.761786e-05
56805,0.00043297122
56807,0.9974376
56818,0.00017138662
56819,0.0021956845
56827,0.00014947024
56834,0.0011078332
56835,0.0011078332
56836,0.003095065
56838,0.99781114
56839,3.478098e-05
56840,0.000334342
56844,0.9978199
56846,0.00206571
56848,4.7674326e-05
56850,0.0023342906
56855,0.9990508
56858,0.00082707405
56869,0.0021956845
56874,0.0022658664
56881,0.9667222
56883,0.13056938
56889,0.0010109552
56890,0.000334342
56894,2.3115237e-05
56898,7.4936645e-05
56901,0.0035404235
56908,3.4856188e-05
56915,0.13987838
56921,0.8304844
56925,0.9990264
56926,0.83072484
56927,0.032099713
56933,0.9821424
56936,0.000334342
56938,0.0011650216
56942,0.0009648743
56943,0.00017289471
56945,0.9948891
56951,0.023440477
56955,0.0010448153
56964,9.191909e-05
56965,0.13056938
56978,5.281793e-05
56980,0.0005345642
56987,0.0002684209
57000,6.0091472e-05
57002,0.9973953
57009,0.9999467
57016,0.0019058662
57018,0.9999491
57025,0.0017627563
57026,0.0005357223
57027,0.0017808278
57031,0.13056938
57034,0.0011665085
57036,0.9974324
57038,2.9160008e-05
57039,0.99994755
57044,0.00020961951
57048,4.2289295e-05
57049,0.0016212789
57056,0.9976724
57057,0.000334342
57061,3.503899e-05
57064,0.0009842968
57066,4.816397e-05
57067,0.9980458
57069,0.00084730214
57076,0.000334342
57081,4.7051355e-05
57084,0.0016903226
57085,0.00016253635
57086,5.0549563e-05
57093,0.027597556
57098,0.00033094434
57099,0.13056938
57104,0.0028433627
57105,0.00082096015
57113,0.99863964
57120,0.000117543896
57126,0.9990264
57130,0.0017808278
57136,0.00136508
57137,0.0012551598
57139,0.9979347
57140,0.9990508
57143,0.0010378555
57147,0.9990551
57149,0.9999471
57151,0.0013494118
57153,0.0021697609
57155,0.9860626
57157,0.12941383
57158,0.0001656504
57163,0.0049646026
57169,0.00032662068
57171,0.997844
57172,0.0022544952
57175,0.9977708
57176,0.0008585123
57177,0.000334342
57184,0.0001656504
57185,0.000334342
57186,0.0019705335
57187,0.003095065
57189,0.9902479
57192,6.942154e-05
57194,0.0001518822
57202,0.9979875
57203,0.00028578102
57207,0.0001656504
57208,0.00030211816
57217,0.99905723
57218,0.00018837363
57220,0.00012632646
57221,0.99903417
57222,0.0008689169
57227,4.2388092e-05
57232,0.9961314
57244,0.13056938
57246,0.9990508
57253,0.0018992842
57264,0.9999447
57267,0.0018777087
57269,6.027817e-05
57270,0.008594955
57271,0.0100123845
57273,0.99334717
57274,0.99385095
57276,5.8421487e-05
57278,0.0012551598
57279,0.99604475
57287,0.00038709218
57292,6.942154e-05
57295,0.0008829272
57297,0.0025498243
57300,0.9990363
57306,3.503899e-05
57312,0.0011100993
57316,5.806004e-05
57318,0.0017808278
57319,0.831038
57320,0.0011100993
57321,0.9749698
57322,0.981751
57323,0.9962931
57327,0.00020998338
57328,0.9966877
57333,7.570626e-05
57336,0.0001656504
57340,0.021166913
57342,0.0024570148
57344,0.002079289
57346,0.983631
57348,0.0010378555
57356,0.00046910637
57365,0.001858656
57366,0.0009717284
57368,0.00067999936
57370,0.9966877
57376,0.0021725108
57378,0.0018688721
57385,0.00027415916
57394,0.0007175318
57405,0.0062934975
57409,2.6976015e-05
57411,0.00091937894
57414,0.00091937894
57416,0.0018688721
57419,7.60752e-05
57422,7.165628e-05
57429,0.0018777087
57432,0.9978186
57433,0.0017397592
57438,0.99792755
57439,0.0018777087
57442,0.0011426895
57449,0.9990854
57450,0.00038709218
57461,0.005163967
57462,0.0009960234
57463,0.9990508
57467,0.13246669
57474,0.99520797
57475,0.00049175514
57483,0.00091937894
57492,0.99525464
57497,0.0004205303
57499,4.2289295e-05
57508,0.001858656
57513,0.0001656504
57515,0.001858656
57525,0.0009932863
57532,0.000334342
57534,3.473557e-05
57536,9.618328e-05
57541,0.0018688721
57542,0.9936884
57548,0.9974711
57559,0.0021872367
57560,9.184137e-05
57564,0.0012551598
57565,0.00033435953
57583,0.0017808278
57585,0.001062183
57588,4.195717e-05
57589,0.0009614601
57595,0.0017808278
57601,0.65003306
57609,7.188096e-05
57613,0.0011100993
57623,0.9965939
57629,0.0017397592
57631,0.0013572689
57638,0.9974362
57649,0.0009648743
57650,0.0018688721
57651,0.00010348666
57658,4.816397e-05
57665,0.0023041605
57666,3.7045655e-05
57672,2.8006803e-05
57677,0.0017808278
57678,0.0016928271
57681,0.0008689169
57682,0.0008829272
57686,0.0019207196
57692,0.8304844
57694,3.1049225e-05
57700,0.0017483807
57703,7.405858e-05
57711,0.00091937894
57715,0.13056938
57718,0.00096357404
57725,0.00511174
57733,7.570626e-05
57734,0.0005352206
57738,0.0018821359
57739,0.00095339824
57743,0.00029589504
57745,0.009536145
57746,9.90468e-05
57748,0.00038907275
57749,0.9969854
57750,0.9980405
57757,0.0018688721
57758,0.00082707405
57759,0.00017717794
57760,0.0017808278
57780,0.9958332
57781,3.503899e-05
57782,0.00035089708
57787,7.541789e-05
57789,0.0010448153
57796,6.425002e-05
57798,7.188096e-05
57801,0.0011805547
57802,0.00012268359
57805,0.0018969869
57812,0.00021702214
57813,0.8545807
57816,0.0013396331
57823,0.0009648743
57830,0.00240361
57832,0.0010010736
57843,0.99745256
57850,7.702526e-05
57856,0.00035089708
57864,2.9160008e-05
57871,0.14380912
57874,0.0005490656
57876,0.0018777087
57878,0.9970005
57884,0.0012551598
57889,0.0023488633
57898,0.00019334992
57901,3.454565e-05
57902,0.0012202604
57909,0.9990363
57912,2.8006803e-05
57918,0.004901769
57923,0.9979881
57925,0.9976318
57939,0.0017397592
57940,6.619749e-05
57946,0.00029589504
57948,0.9990551
57958,0.0018969869
57959,0.001858656
57961,0.00016182422
57971,0.12793894
57977,0.00017829917
57979,0.13573949
57982,0.001730638
57989,2.8006803e-05
57997,0.0018303562
57998,0.027431417
58008,0.9968849
58012,0.99725795
58014,9.236783e-05
58016,0.0022544952
58022,0.9765181
58026,0.0028433627
58040,0.99781114
58042,7.584558e-05
58048,0.13056938
58051,0.0018688721
58055,0.00041917793
58060,0.00042693169
58075,0.99483454
58078,0.0031663657
58080,0.0020041743
58081,0.0012551598
58083,0.0004190758
58089,0.9957605
58091,0.9974605
58093,7.826515e-05
58094,0.0001841094
58096,4.816397e-05
58097,0.9817203
58110,0.9990854
58111,0.998005
58114,0.0014247646
58118,0.9990508
58120,0.0023342906
58131,0.9969331
58139,0.9990283
58144,0.00046028022
58145,0.0009779698
58146,0.002547686
58147,0.00206571
58152,0.000664841
58163,0.00016264038
58167,0.99996436
58177,0.0018688721
58192,0.9979405
58193,0.96010697
58194,0.002288391
58201,0.0028505886
58212,0.00084730214
58213,0.008594955
58223,5.8421487e-05
58228,0.0012399902
58231,0.00091004133
58232,0.99845004
58235,0.004778693
58237,0.0008981589
58243,0.12941383
58250,0.00022290592
58254,0.0003399401
58256,0.99863964
58261,5.017027e-05
58266,0.9975211
58275,0.0011749123
58294,0.9972595
58303,0.0012551598
58309,9.586664e-05
58310,0.00016041269
58311,0.99734277
58316,0.0009576411
58319,0.00016396659
58326,0.0018777087
58335,0.0011650216
58342,0.0018532702
58347,0.9990508
58355,0.9611408
58357,6.942154e-05
58361,0.0001275019
58362,7.194056e-05
58369,0.0017483807
58373,0.0008781123
58376,0.997006
58379,0.9970005
58380,0.99509513
58382,0.99902606
58391,0.00091004133
58395,2.7722079e-05
58399,0.0018777087
58403,0.8445973
58406,0.0020009351
58407,0.9990283
58410,0.0018777087
58414,0.0023303141
58427,0.9990508
58429,0.0018777087
58431,0.0019066228
58435,0.001968613
58436,6.898184e-05
58439,0.003095065
58440,0.00029589504
58441,0.99520797
58442,0.0019090989
58444,4.2289295e-05
58445,0.0012530193
58454,0.0005065905
58458,0.000113629394
58460,0.0016287342
58461,0.99509794
58475,0.00191862
58477,0.0008484623
58488,0.0012530193
58491,0.00013031234
58496,0.008885567
58508,0.0010010736
58510,3.4856188e-05
58511,0.0021956845
58512,0.99753976
58515,0.9967127
58516,0.0011805547
58528,0.98819834
58529,0.0013549544
58530,0.002388485
58533,0.15693317
58535,0.001858656
58544,0.80196404
58547,0.0023342906
58549,0.9961314
58550,4.816397e-05
58554,0.12793894
58557,0.99754876
58562,0.99610955
58569,0.83072484
58570,7.570626e-05
58579,0.9962297
58581,9.7507e-05
58582,0.0010010736
58598,0.00091937894
58604,4.1532607e-05
58607,0.018498939
58611,0.000334342
58612,0.13056938
58618,0.0020989517
58626,0.0018969869
58636,0.00035089708
58643,2.8006803e-05
58646,0.8304844
58647,0.0001656504
58652,0.002033034
58653,0.99766433
58658,0.0012692115
58670,0.9798217
58673,0.13056938
58675,0.0018638462
58676,0.0019705335
58678,0.002276907
58679,0.9974711
58685,0.038739674
58693,5.0549563e-05
58695,0.0011650216
58698,0.98776126
58699,0.9990854
58716,0.0008484623
58719,0.00091937894
58722,4.816397e-05
58736,8.399828e-05
58739,0.99676657
58742,0.0009648743
58743,0.00017289471
58746,0.9927921
58759,0.83072484
58763,0.0010010736
58765,0.00091937894
58766,0.0017808278
58768,0.13056938
58769,0.14101253
58776,5.0549563e-05
58778,0.0023370998
58779,0.99604475
58780,0.9990508
58784,0.0034441885
58790,0.00029589504
58791,0.9979347
58792,4.816397e-05
58795,0.0018688721
58805,0.001858656
58809,0.96064645
58812,0.0018777087
58813,0.97313446
58818,0.9990508
58823,0.001858656
58831,0.9950015
58835,0.13056938
58842,0.9990508
58847,0.0036168313
58855,0.8208164
58858,0.00091937894
58859,0.9974366
58863,0.023865258
58865,0.001858656
58875,0.14380912
58884,0.0010010736
58885,0.99763775
58886,0.12941383
58891,0.01929715
58894,0.05482451
58896,0.0009614601
58898,0.00015163345
58902,0.0012916576
58904,0.13056938
58911,0.023794567
58912,0.01438197
58913,0.003095065
58915,0.99903417
58916,9.4545256e-05
58918,5.9455855e-05
58920,0.00044492036
58923,0.00035089708
58924,0.998319
58925,0.9981179
58929,0.99758315
58933,0.004388897
58934,0.0024097909
58936,0.0010364851
58938,0.99336034
58950,7.689367e-05
58951,0.00064804585
58952,0.9907961
58954,0.0018688721
58959,0.98205155
58972,0.0017627563
58978,0.00044492036
58985,0.0002019062
58986,0.99297476
58989,0.00018919175
58994,3.595674e-05
58996,0.9927186
58998,0.00033094434
58999,7.706956e-05
59001,0.0019281546
59006,0.9990854
59009,3.473557e-05
59011,0.0009648743
59014,0.0017808278
59017,3.456381e-05
59018,0.99863964
59033,0.0010010736
59036,0.0012180296
59037,6.942154e-05
59041,0.027170314
59043,0.9978199
59047,0.00091937894
59054,0.003065003
59062,0.9961314
59066,0.00046885808
59071,0.9974872
59075,0.00011318289
59079,0.00047444776
59080,0.00062716054
59085,0.00022290592
59086,0.00091937894
59087,0.99994683
59092,0.00028692328
59094,0.0030743028
59095,0.9990508
59096,7.8388315e-05
59100,0.9990363
59105,0.0020115739
59109,0.00015009208
59110,0.9990283
59116,0.0012530193
59118,0.00066603837
59120,0.00091937894
59122,0.99831164
59128,0.9990363
59131,0.99683267
59134,0.0002883152
59135,0.0002684209
59140,0.003095065
59147,0.000704601
59151,0.001984517
59153,0.0017425838
59154,0.00018837363
59156,0.99855417
59157,0.0011100993
59159,0.9978904
59167,0.00011759066
59169,0.0028433627
59176,0.0020363242
59177,0.990761
59178,0.0009648743
59180,0.000334342
59190,0.9999491
59192,0.0010497791
59194,0.00091004133
59198,0.99995184
59200,0.00091937894
59209,0.006639254
59210,0.0023342906
59216,0.001907379
59219,0.0016878109
59221,0.13246669
59222,0.0018969869
59223,0.0009960234
59228,0.83072484
59236,0.9957248
59237,0.0018688721
59243,0.0008981589
59248,0.027083112
59250,0.00091004133
59252,0.00040920786
59254,0.0023342906
59258,0.9931753
59259,0.99905723
59263,0.00094764295
59271,0.0012032727
59277,0.000334342
59278,0.0009648743
59285,0.00041267238
59286,0.027170314
59290,0.0064239926
59292,0.0021956845
59293,0.0018688721
59297,0.13056938
59298,0.0012020041
59303,5.0549563e-05
59306,0.0022544952
59314,0.99863964
59316,0.9999471
59317,0.0026197983
59326,0.00019085649
59331,0.0016986949
59333,7.570626e-05
59338,4.2289295e-05
59342,0.0017808278
59344,0.13056938
59351,2.6976015e-05
59352,0.0010010736
59353,0.00013743207
59357,0.14380912
59359,0.0009960234
59369,0.0017808278
59374,0.0023342906
59386,0.12941383
59389,0.9967127
59390,0.9990854
59393,0.99863964
59396,0.0017808278
59398,0.9990508
59400,0.002727058
59406,0.0023811066
59409,5.0549563e-05
59414,0.00091937894
59416,0.9648424
59420,0.9999447
59424,0.0063041197
59429,0.00014813099
59435,0.0001205857
59436,0.00015163345
59439,0.14380912
59441,0.9961314
59443,0.001205162
59447,7.570626e-05
59450,0.00091937894
59453,0.9979347
59455,0.9584345
59459,0.00022290592
59463,0.00019676375
59465,0.13056938
59468,0.0012032727
59470,0.004388897
59472,0.000334342
59475,8.972621e-05
59476,2.55621e-05
59478,0.0017808278
59479,0.0018777087
59489,0.14380912
59490,0.99903417
59493,0.0022471147
59501,0.9962931
59503,0.99855417
59504,0.00014156624
59505,0.9990508
59511,0.13056938
59512,0.00012747601
59517,0.0016986949
59522,0.9996338
59524,0.0010448153
59532,0.0004903098
59537,0.00022290592
59540,0.0008585123
59545,0.00017524122
59551,0.0008484623
59562,0.0022584489
59563,4.362453e-05
59565,0.9990508
59567,0.9990508
59572,7.570626e-05
59573,0.12941383
59576,0.0019058662
59577,0.0016986949
59585,0.00012494421
59591,0.0008689169
59592,0.000334342
59593,0.9990264
59605,0.0016986949
59613,0.0018643573
59614,0.00011541716
59616,0.0018821359
59622,0.0026328808
59625,0.83072484
59627,0.0025594316
59632,0.0001251696
59633,0.9978186
59634,0.00082707405
59635,0.9990854
59638,0.0003063751
59640,0.00017938457
59645,0.99604475
59650,0.0017627563
59660,0.00068506424
59667,0.0004163585
59673,0.9990854
59674,0.9975395
59682,0.0025078084
59691,0.9999447
59698,0.0013004093
59700,0.0008673216
59702,0.14380912
59705,0.0017808278
59715,0.0010831765
59717,0.99905723
59718,4.600597e-05
59732,0.9961314
59738,0.9952561
59741,0.14380912
59750,0.9973953
59751,0.0034441885
59757,0.9941711
59763,0.00019505105
59765,0.0008585123
59771,0.032890532
59773,0.00091937894
59780,2.8006803e-05
59785,0.001858656
59787,0.0026153366
59789,0.99831235
59796,0.99763775
59806,0.0020989517
59810,0.0009648743
59811,0.0023150821
59814,0.0017483807
59817,4.9947434e-05
59818,0.99903417
59821,0.9811607
59834,0.0011732957
59837,0.0023240766
59844,0.0017234471
59848,0.13987838
59852,0.000472943
59853,0.9981396
59854,7.570626e-05
59859,0.0018703057
59865,0.0009717284
59870,0.99749666
59871,0.0023041605
59875,0.0023150821
59877,0.000104250605
59883,0.00027760927
59885,0.029339436
59888,8.399828e-05
59894,0.99903417
59896,0.0018777087
59903,0.0018777087
59904,0.0021374738
59905,0.99520797
59908,0.9584345
59909,0.9976683
59913,0.082647964
59917,0.0011636235
59919,0.0002278603
59924,0.00028906137
59926,0.9987722
59929,0.99763775
59938,0.0017808278
59939,0.99811244
59943,0.13527285
59947,0.0009648743
59949,0.0019907628
59951,0.0025498243
59953,0.13987838
59955,0.13056938
59960,0.00033094434
59962,0.9976538
59970,8.398146e-05
59981,0.0024612069
59983,5.629486e-05
59989,0.9967127
59995,0.0017808278
59999,0.00066603837
60001,0.0010010736
60008,0.0023342906
60010,0.0035404235
60011,0.99994326
60012,0.99845004
60013,0.8264549
60038,0.0004441538
60045,0.99905723
60057,0.0024612069
60061,0.00091937894
60069,0.0013051125
60074,0.0011636235
60075,0.0012373398
60079,0.0009648743
60082,0.99811244
60090,0.00050075474
60092,0.0019163734
60104,0.0029055784
60108,0.0023342906
60111,0.99994826
60115,0.0017808278
60116,0.0010625295
60134,9.747381e-05
60137,0.00041917793
60141,0.99774146
60146,0.00082707405
60150,0.0006826955
60156,0.0012551598
60158,0.00066603837
60159,0.0001642055
60163,0.0008981589
60171,2.6150336e-05
60177,0.83072484
60178,0.027170314
60184,0.00017470685
60189,0.0009717284
60192,0.14380912
60194,0.0009648743
60215,4.816397e-05
60217,0.0009648743
60218,0.0008040105
60224,0.00033094434
60226,3.70995e-05
60227,0.0017627563
60230,0.975083
60234,0.99049133
60245,6.211781e-05
60248,0.00068506424
60255,0.00043888946
60258,0.001858656
60259,0.0018688721
60264,0.0019837257
60265,0.0021095402
60266,0.12793894
60271,0.00018730172
60279,0.0022710813
60280,0.0062934975
60282,0.0023342906
60291,0.00021527059
60295,4.5010973e-05
60296,0.0007175318
60297,0.0011792892
60299,0.9990508
60300,0.997844
60301,0.0008673216
60305,0.0012373398
60307,7.60752e-05
60309,7.792318e-05
60311,0.9977083
60313,0.0013494118
60316,0.74789006
60329,0.9667222
60338,0.0023342906
60349,0.9932435
60351,0.00082707405
60358,0.9999254
60362,7.8388315e-05
60378,0.04654011
60382,0.009759454
60395,0.0010184243
60396,0.00017289471
60397,0.13056938
60407,0.83072484
60408,0.0003063751
60415,0.0022804877
60418,0.0023303141
60421,0.0016943339
60423,0.83072484
60427,0.000334342
60432,0.0005065377
60433,0.00183441
60437,0.0031663657
60439,0.0009648743
60455,0.00012440803
60461,0.07292237
60465,0.00021255531
60468,4.2142954e-05
60469,0.00053497986
60477,0.00082707405
60485,0.0012393673
60486,0.0017627563
60495,2.735982e-05
60496,0.00017938457
60503,7.689367e-05
60506,0.00028931722
60507,6.942154e-05
60511,0.9990264
60513,0.99002165
60515,0.97308975
60516,0.0019058662
60522,0.0059066545
60527,0.0016986949
60528,0.0018777087
60533,0.9968849
60534,0.8274127
60539,0.9990264
60543,0.0010378555
60546,0.0018777087
60555,0.00026630796
60561,0.00089802407
60563,0.0012913918
60568,0.0006961978
60569,0.0018821359
60577,0.00017717794
60580,4.892646e-05
60584,6.211781e-05
60588,0.99227375
60591,7.281267e-05
60598,0.000472943
60602,0.0012558039
60607,6.211781e-05
60608,0.9976089
60618,0.9990854
60621,0.0001250423
60624,0.00029589504
60628,0.00191862
60630,0.83072484
60631,0.00077021355
60636,7.58714e-05
60642,0.9941711
60643,0.04768116
60644,0.0011805547
60645,9.729477e-05
60647,0.0019270749
60654,0.0019058662
60666,0.00183441
60667,0.000962367
60673,0.9820817
60676,0.13338354
60693,0.005006226
60696,0.98776126
60702,0.003948592
60706,0.001871148
60707,6.942154e-05
60708,0.0013069093
60709,0.9956203
60724,0.9991334
60725,0.0020009351
60729,0.00016102906
60731,0.99309206
60742,0.00010592607
60747,0.0012530193
60767,2.8006803e-05
60768,0.00010074157
60769,0.98776126
60771,0.0010162189
60780,0.72814864
60781,0.13056938
60783,0.0019392838
60792,0.0018106014
60794,0.006271347
60796,0.0013471107
60798,7.403203e-05
60802,5.8421487e-05
60810,0.00016430432
60813,0.99849355
60815,0.0020275686
60817,0.008594955
60826,0.9960756
60828,0.00017967884
60830,0.0013572689
60831,0.9990508
60838,0.83072484
60839,0.0009648743
60840,0.9957605
60844,0.0024840531
60845,0.9983152
60855,0.00041917793
60857,0.9979347
60859,0.99992645
60863,9.184137e-05
60865,0.0073332917
60871,0.0023303141
60873,0.0012551598
60876,0.9990694
60878,0.0009849904
60879,0.0009842968
60881,0.002134166
60886,0.002287568
60888,0.0009717284
60892,0.98776126
60893,0.0057346956
60894,0.00091937894
60896,0.998278
60901,0.99520797
60903,0.00049175514
60907,0.0016943339
60915,0.13056938
60917,0.99835277
60922,0.998319
60923,4.816397e-05
60926,0.0017133892
60929,2.8006803e-05
60935,0.97096664
60940,0.9940731
60941,0.99845004
60946,0.0017808278
60948,0.0026328808
60949,0.0017808278
60951,0.0073883263
60954,0.00029288768
60955,0.0019058662
60960,0.00091937894
60962,0.00091937894
60972,0.009536145
60973,0.0059982566
60975,0.0012820996
60976,4.362453e-05
60977,0.0008673216
60994,3.083003e-05
60995,0.00022554425
60997,0.0023041605
60998,0.96646667
61000,0.0011650216
61003,0.99831164
61010,0.0035942977
61012,0.00038448852
61017,0.9940731
61019,0.0023996148
61026,0.99811244
61031,0.0019705335
61033,0.00091937894
61034,0.0010112994
61037,0.99431735
61042,0.001370052
61044,0.99681985
61046,0.00057941454
61049,0.000861833
61050,0.12941383
61067,0.00015313149
61073,0.0008673216
61080,0.0029056643
61082,0.9990264
61083,0.0023041605
61087,0.99382555
61090,0.9832145
61098,0.000334342
61103,0.9889908
61104,0.9950566
61109,0.0028433627
61110,0.9979875
61119,0.9990508
61120,0.99831235
61122,0.99830085
61126,0.0013525074
61127,0.9977083
61131,0.0018703057
61133,9.211485e-05
61134,0.0023150821
61135,0.9999491
61138,0.0017425838
61143,0.12941383
61152,0.9923955
61156,0.0017808278
61158,7.826515e-05
61164,7.188096e-05
61174,0.0023342906
61175,0.00010074157
61176,0.049663182
61178,2.8006803e-05
61179,0.9990854
61182,0.9978448
61187,4.2289295e-05
61190,0.13056938
61202,0.00035821734
61203,0.0001098001
61206,0.00021255531
61207,0.0008669758
61210,0.0010448153
61216,0.0017808278
61217,0.0011732957
61226,0.0049646026
61227,0.990761
61230,0.99757594
61231,0.0009648743
61233,0.00075304636
61252,0.00015482359
61258,0.00029589504
61259,0.9983152
61264,0.000107951106
61266,0.99767953
61277,0.0005299978
61280,0.00029288768
61282,0.0006536352
61283,0.030478274
61286,0.0002684209
61294,0.009661202
61302,0.00017289471
61303,0.0010272533
61304,0.0008673216
61307,0.004359494
61310,5.0549563e-05
61314,4.816397e-05
61319,4.816397e-05
61320,0.0016002184
61329,0.9982266
61330,0.0011303513
61331,0.007394581
61336,0.0001656504
61337,0.99683267
61342,0.0026429873
61347,0.0043306365
61351,0.00043320056
61354,0.14101253
61360,0.99047524
61363,0.0013004093
61364,0.99604475
61368,0.00029589504
61372,0.0019281546
61382,0.99103105
61383,0.9978904
61391,0.13860393
61392,0.00055233727
61396,0.0018821359
61403,0.00091004133
61404,0.0017808278
61405,0.00020735394
61407,0.00089802407
61409,0.0011680824
61410,0.00083419785
61412,0.0018777087
61416,0.00012142569
61417,0.0023342906
61420,0.0059982566
61425,0.0017808278
61429,0.0008981589
61436,0.98830265
61439,7.188096e-05
61444,0.0018777087
61446,0.9990884
61449,0.9990854
61452,0.0042250887
61457,0.9944271
61459,0.00091937894
61460,0.9974516
61462,0.0009909072
61464,0.9923832
61465,0.0011805547
61467,0.99540776
61472,0.0016943339
61476,0.0013004093
61478,0.00191862
61480,0.0012180296
61481,0.002109415
61482,0.0018688721
61486,0.9952277
61487,0.0018688721
61489,0.0012231178
61493,0.0018643573
61496,0.9949608
61498,0.00082707405
61502,0.0020788417
61503,0.9990363
61506,0.00020877297
61511,0.00091937894
61515,0.0010988269
61519,0.000120659075
61530,0.00019085649
61531,0.00012632646
61534,0.00091937894
61535,0.0005233527
61541,0.00041917793
61558,0.00091937894
61560,0.13573949
61562,0.14101253
61563,0.00043297122
61564,8.399828e-05
61567,0.00018011453
61571,0.9927186
61575,0.00045106228
61579,0.003095065
61580,3.4856188e-05
61588,0.0010139038
61590,0.0011100993
61595,0.00046028022
61596,0.029913947
61598,0.00010359606
61599,0.0023150821
61602,0.000334342
61624,0.0004205303
61625,0.005163967
61631,0.99903417
61632,0.0017808278
61634,0.009759454
61642,0.0001812184
61643,0.14101253
61646,0.00010184978
61657,0.00041463398
61662,4.2289295e-05
61665,0.9917739
61672,0.9920919
61673,5.0549563e-05
61674,0.0019962804
61684,0.14380912
61690,0.99903417
61693,0.030799206
61695,0.98207355
61697,5.215609e-05
61703,0.00087457814
61705,0.00011761544
61708,0.000334342
61710,0.00091937894
61716,0.97625095
61725,0.00018463134
61731,4.2289295e-05
61732,9.003777e-05
61740,0.99905723
61743,0.00062716054
61744,0.9999491
61746,0.99845004
61748,0.98776126
61749,0.98776126
61752,3.503899e-05
61758,0.0018777087
61761,0.13987838
61765,0.9927921
61766,0.9990363
61771,0.00075304636
61772,0.998033
61783,0.0001205857
61784,0.0021956845
61785,0.0012032727
61798,0.1483974
61800,0.00024464205
61803,2.3764995e-05
61806,0.9584345
61809,0.0023150821
61811,0.0023268745
61815,0.13056938
61817,0.0018777087
61824,0.00038709218
61825,0.00091937894
61830,4.2142954e-05
61831,0.0011650216
61836,0.000334342
61838,0.00045411655
61850,4.7674326e-05
61856,0.00091937894
61859,7.028355e-05
61879,4.4160082e-05
61884,0.00015163345
61888,0.0059376433
61891,7.170782e-05
61895,0.9990363
61899,0.9965251
61902,0.0023041605
61905,8.657689e-05
61909,0.0007603626
61912,0.99604475
61921,0.9982639
61923,0.9990854
61924,0.001858656
61925,0.008565471
61926,0.99903417
61927,0.00018837363
61928,0.9984452
61934,0.034253877
61940,0.0012551598
61943,0.13056938
61944,0.001159602
61949,0.0018777087
61952,0.9961747
61958,5.8357393e-05
61965,0.9990854
61966,0.00091937894
61974,0.008885567
61975,0.00093392044
61978,0.0025690577
61984,0.003460788
61989,0.0022409097
61992,8.224541e-05
61997,0.019680677
62005,0.9980824
62006,4.816397e-05
62007,0.00019676375
62010,4.816397e-05
62014,0.0010010736
62016,0.0038837974
62024,0.0033048496
62025,0.00091004133
62029,0.99749666
62030,0.0012690398
62034,0.004180735
62047,0.13710532
62048,0.9977107
62049,0.04447294
62050,0.9990508
62052,0.0022896847
62054,5.8710506e-05
62060,2.9610781e-05
62061,0.9990854
62063,2.8006803e-05
62064,0.9982058
62068,0.0023342906
62071,8.399828e-05
62076,0.0011680824
62078,0.0001098001
62080,0.000334342
62081,0.0021694605
62082,0.99835277
62085,0.0009960234
62087,0.0021694605
62090,0.00041917793
62093,0.000301222
62095,0.9990264
62097,0.00091004133
62103,5.8421487e-05
62110,4.892646e-05
62111,0.00017289471
62114,0.0001150178
62125,0.9978904
62128,0.9985927
62130,0.000120659075
62133,0.0009717284
62139,0.0018777087
62140,0.0010010736
62145,0.0017374204
62146,0.9618828
62155,0.13987838
62158,7.194056e-05
62161,0.078995265
62167,0.0013528443
62170,0.9990508
62171,0.0018777087
62173,0.13056938
62174,0.00029288768
62178,0.00091937894
62181,0.14380912
62185,0.0010497791
62186,0.99901354
62187,0.002249192
62188,0.9990508
62195,6.619749e-05
62198,0.0010988269
62204,0.0024642807
62208,0.0021474538
62209,0.00029589504
62211,0.008565471
62212,0.00091937894
62215,0.0008673216
62217,0.99994755
62225,0.046656232
62229,0.00032662068
62233,5.215609e-05
62234,0.13056938
62238,0.008594955
62239,0.0011100993
62242,0.00012747601
62246,0.998871
62259,0.0002603857
62261,0.99835277
62265,0.0710913
62273,0.0002656927
62274,0.0010010736
62275,0.0023342906
62279,4.816397e-05
62280,0.13056938
62282,0.9990264
62293,0.13056938
62298,6.942154e-05
62299,2.2189695e-05
62308,0.0017808278
62316,0.00053537294
62319,0.99855417
62323,0.99913234
62325,0.9990363
62329,0.002404703
62330,0.0023154677
62331,0.000334342
62336,0.0008477039
62337,0.0018564942
62338,0.0036337124
62340,0.9976921
62357,0.003095065
62358,0.9967127
62359,0.0019705335
62363,0.019934937
62365,0.0725822
62368,0.999923
62370,0.9961314
62371,0.0019705335
62374,0.8274127
62375,0.0018688721
62381,0.0024612069
62387,0.14380912
62391,0.0077937595
62401,4.816397e-05
62402,7.570626e-05
62405,0.0012425529
62408,0.00091937894
62409,0.08166048
62422,0.0013004093
62426,0.002320367
62428,7.957757e-05
62431,0.0018703057
62435,0.0046529653
62437,0.0009648743
62445,0.0020989517
62449,0.0017808278
62452,0.0018688721
62459,0.0009648743
62466,0.9999467
62467,0.0020053668
62471,0.0016160922
62480,0.0019705335
62484,0.0001656504
62493,0.005646115
62498,0.0018969869
62501,0.0019058662
62503,0.027904132
62505,0.0020685152
62508,0.9990854
62512,0.13056938
62515,0.14197727
62520,0.00024032783
62521,0.9990508
62524,0.99906474
62527,0.0017425838
62536,0.997727
62537,0.07811648
62540,0.00029589504
62558,0.0012477166
62562,0.0010112994
62563,0.0011028979
62565,0.0017397592
62566,0.99520797
62567,0.9974324
62570,0.000168605
62576,0.99749666
62580,0.0011805547
62587,7.826515e-05
62588,0.9999491
62597,0.0010010736
62602,0.0009648743
62605,7.8165576e-05
62608,0.9986166
62611,0.00091937894
62612,0.9968208
62616,0.15268902
62617,8.4289546e-05
62618,0.00022670852
62623,0.9985008
62626,0.002004903
62627,0.0010590678
62631,2.9742127e-05
62634,0.00046461876
62636,0.0020852308
62640,0.98812056
62647,0.00042126395
62652,0.0021744003
62657,0.0003578533
62668,0.0021986356
62669,0.00024312666
62670,0.9990854
62672,0.00040043794
62673,0.00023976708
62679,0.99855417
62680,5.247703e-05
62681,0.992339
62682,0.0014043113
62686,0.00010378373
62695,9.993642e-05
62697,0.0010853813
62698,0.0021986356
62699,0.00075095665
62702,0.00015877785
62709,0.005507456
62710,0.0019819236
62718,0.0023317903
62721,0.00035674014
62724,0.00232976
62729,7.301131e-05
62736,0.9923613
62742,4.5779838e-05
62746,9.192014e-05
62747,0.994441
62748,0.9933964
62749,5.3572086e-05
62750,2.9612194e-05
62751,8.4029525e-05
62754,0.0020852308
62762,0.99669623
62764,0.0046998844
62766,0.9976279
62779,0.0020852308
62782,9.046032e-05
62784,0.99851817
62788,0.96352893
62791,0.98356134
62796,0.99768615
62799,0.0014833729
62803,0.0021136084
62804,0.004922992
62811,0.00047075216
62814,0.9990551
62815,0.6243467
62819,0.00016830255
62820,0.15767518
62823,9.192014e-05
62825,0.15147755
62826,0.0004347204
62827,0.96902835
62841,0.00018386028
62842,0.0023864282
62843,0.99994874
62847,0.9937032
62850,0.0020755196
62851,0.0014174154
62852,0.99648774
62859,8.4029525e-05
62860,0.0021986356
62861,0.0010766904
62864,0.0020852308
62867,0.00018386028
62871,9.230373e-05
62873,0.06964143
62878,0.00020524376
62887,0.0011631027
62889,0.0068574655
62890,6.27172e-05
62892,0.00032841766
62893,0.998049
62898,7.263416e-05
62905,0.99768615
62909,0.9967861
62912,0.9947448
62914,0.0020511348
62923,0.0034747266
62928,0.033094134
62937,3.8019734e-05
62938,0.9978156
62939,0.001966276
62944,0.00016292381
62946,0.9935015
62957,0.00075020426
62958,0.00016372005
62970,0.0020370404
62971,0.0007618905
62976,0.9999491
62982,0.0020930425
62984,0.9999467
62985,0.99855417
62988,6.5635664e-05
62991,0.6289074
62993,0.0001586866
62997,0.0018648339
63006,0.0010766904
63010,0.2862654
63019,0.9956806
63020,0.0020238573
63023,0.999949
63024,0.99671054
63025,0.63916206
63027,0.0020511348
63028,0.03958703
63030,0.00016815096
63032,0.0011110198
63033,0.00019910396
63037,0.026089305
63042,0.99994755
63043,0.99529785
63046,0.0003576683
63047,0.0011110198
63049,0.99425536
63054,0.000988749
63056,0.002004903
63073,0.0013013304
63074,0.0018851148
63078,5.0578787e-05
63081,0.99747926
63082,0.998516
63083,0.27667356
63084,0.0020852308
63086,0.00030919292
63087,8.9309644e-05
63089,0.00014170872
63091,0.0008549274
63098,0.0021016991
63099,0.0002359202
63100,0.0019726981
63102,0.00082093786
63131,0.9956806
63132,0.00232976
63136,0.0020762861
63148,0.0010590678
63150,0.9987594
63153,5.641352e-05
63157,0.073965564
63160,0.99849343
63161,0.0002309881
63164,0.964406
63175,0.998481
63191,0.9990854
63196,0.9912143
63205,0.9944758
63208,0.00096259214
63210,0.000988749
63211,0.0018851148
63217,0.0010766904
63218,0.28318277
63223,0.00018978781
63233,0.010869298
63235,0.0013000019
63237,5.641352e-05
63246,0.00032841766
63254,0.0023748782
63255,0.9857589
63275,0.00096259214
63282,0.9986426
63291,0.9990551
63299,0.00018386028
63302,0.0030308678
63309,0.0010766904
63313,0.96720606
63318,0.98807496
63326,4.0826504e-05
63333,0.99607015
63334,0.99047345
63338,0.2689725
63340,0.99994874
63346,0.30231342
63349,0.0021986356
63353,0.0009659294
63357,5.641352e-05
63359,0.00018386028
63361,0.00057949906
63376,0.0019690918
63377,0.00035674014
63394,0.0018852171
63398,4.0826504e-05
63400,0.62109554
63407,0.0013000019
63410,0.0021986356
63411,0.0010766904
63415,0.9991253
63418,0.00019885693
63419,0.0020852308
63420,5.0578787e-05
63421,0.99643517
63423,3.2803935e-05
63431,0.009132901
63436,0.99431336
63437,0.00042126395
63438,0.9979419
63459,0.998516
63461,0.9976387
63464,3.130811e-05
63466,0.00039526305
63473,0.6051015
63475,0.003482168
63476,5.247703e-05
63484,0.0020511348
63486,0.0020852308
63489,9.993642e-05
63492,0.0022524034
63494,0.00018978781
63496,0.0010766904
63497,0.00018978781
63503,0.000988749
63504,5.5489294e-05
63505,0.0020055433
63506,8.328547e-05
63510,0.00019910396
63514,0.00019689833
63523,0.048186522
63526,0.0019726981
63529,0.0014526137
63530,0.0021986356
63538,0.0010766904
63539,0.00016920832
63549,0.0001916947
63550,0.0019068879
63552,0.9966241
63553,0.0019651065
63560,0.0007477913
63571,0.0008452152
63572,0.9981305
63573,0.0018293738
63578,0.2862654
63581,0.00032841766
63589,0.30286387
63591,0.9961384
63598,0.2862654
63620,0.0013000019
63624,8.4029525e-05
63630,8.324474e-05
63631,0.9976307
63636,5.4527678e-05
63638,0.00032841766
63644,0.98584807
63649,0.0009537517
63652,0.27855766
63655,5.36322e-05
63656,0.0021986356
63660,0.0019014721
63664,0.28318277
63667,4.9532675e-05
63671,0.9990693
63681,0.009867065
63682,0.00081603136
63683,0.9965133
63684,0.00096259214
63687,9.993642e-05
63695,0.99608684
63707,0.9967449
63709,0.0008680326
63715,0.9956767
63721,0.00033630582
63725,0.99016577
63729,0.9986727
63730,0.00024312666
63736,0.0014981925
63737,0.0003578533
63741,0.000988749
63742,0.998516
63743,0.99860746
63746,3.2383672e-05
63752,0.0021986356
63753,0.0009179277
63759,0.0009179277
63764,0.6051015
63765,0.0051078615
63768,0.0065973676
63776,0.9982607
63792,8.3257124e-05
63796,0.63916206
63797,0.00015307017
63812,0.00013951017
63813,0.6423981
63814,0.00032841766
63815,0.0033674862
63820,0.0010766904
63827,0.0028239111
63831,0.0012988336
63839,0.00018070854
63840,0.0009077953
63843,0.0009696803
63848,8.0127116e-05
63849,0.0018851148
63852,4.292722e-05
63853,6.502637e-05
63854,0.9978834
63855,0.00029462492
63857,0.0010766904
63858,0.28318277
63861,0.99969804
63865,0.99870896
63866,0.00018225674
63869,0.0021830073
63879,0.00021509867
63881,0.0019014721
63888,0.999899
63889,0.0011110198
63902,0.0016322891
63904,8.293066e-05
63906,0.99648774
63908,0.0021626893
63909,0.00035354492
63911,0.67848176
63918,0.00032841766
63931,0.00013236837
63939,0.2862654
63942,0.00010699586
63943,0.0003576683
63944,0.0020359794
63946,0.99671054
63948,0.99710304
63949,0.2862654
63953,0.0021457514
63957,3.4682642e-05
63958,0.017154457
63963,0.002540125
63964,0.99988914
63973,0.9991253
63976,0.0020511348
63977,0.0018364446
63984,0.0020755196
63986,8.811064e-05
63988,0.0038494458
63994,0.9969798
63998,8.129552e-05
64000,0.2862654
64001,0.9931324
64002,0.9946478
64006,0.023187516
64015,0.2862654
64023,0.9929141
64031,0.9943297
64032,0.0020852308
64052,0.27855766
64056,0.0021149737
64058,0.00032551063
64061,0.2862654
64064,0.004546032
64066,0.63916206
64069,8.0127116e-05
64070,0.99994755
64074,0.001631973
64081,0.0010590678
64083,0.0021626893
64085,0.989961
64087,0.0021986356
64090,0.0020371093
64092,0.9990693
64110,0.0023317903
64111,7.890513e-05
64112,0.63453007
64116,0.00016999555
64120,8.129552e-05
64125,0.28151396
64126,3.2046137e-05
64134,0.9705683
64135,0.00014021406
64136,0.0011583754
64137,0.9956806
64138,0.0010766904
64147,0.0021626893
64154,0.0018851148
64155,5.641352e-05
64157,0.0003755297
64158,0.9937504
64163,0.0022077227
64164,0.0019819236
64172,0.2862654
64176,0.9984586
64182,0.9999449
64192,9.084371e-05
64193,0.00010259674
64203,0.9981304
64207,0.9921504
64212,0.002182085
64215,0.9766284
64228,0.0019771955
64229,0.0011110198
64235,0.28318277
64238,0.9998882
64243,0.00023199081
64246,0.00042639012
64247,0.98834723
64248,0.9934429
64252,0.9829952
64256,5.0578787e-05
64259,0.00023444052
64262,0.9935015
64264,0.00410432
64265,0.0010766904
64267,0.28151396
64272,0.008885567
64273,0.0020852308
64274,0.00035674014
64285,6.722866e-05
64289,0.0020799953
64290,0.0022524034
64293,0.0021149737
64305,0.00071136316
64313,0.99726355
64319,0.0020511348
64321,0.00016830255
64327,0.00010506005
64331,0.0021479526
64333,4.9602397e-05
64335,0.0010766904
64342,0.0005831509
64344,0.0002463789
64345,0.026862206
64348,0.0019068879
64350,0.0013000019
64351,0.0010250952
64353,8.604831e-05
64355,0.0010255841
64360,0.99476624
64363,0.99855417
64364,0.0020938504
64370,0.0009179277
64386,0.0020755196
64387,0.9990551
64388,0.00018978781
64389,0.0010502017
64399,0.99807537
64402,5.641352e-05
64404,0.00038635262
64409,0.00035089708
64412,0.99965274
64418,0.2862654
64419,0.2862654
64424,0.0013000019
64431,0.0021986356
64437,0.0019907628
64438,0.0010766904
64439,0.0013000019
64440,0.00076418236
64449,0.9991253
64451,0.00187953
64454,3.2009608e-05
64456,0.0019579243
64461,0.9990693
64466,0.99905723
64467,0.30450252
64471,0.9987457
64478,0.00018386028
64481,0.9997148
64483,0.008689838
64485,0.0020852308
64494,0.0020933892
64500,0.9999504
64502,0.0012913991
64505,3.2009608e-05
64507,0.00035891827
64510,0.0023748782
64511,0.0011386322
64513,5.641352e-05
64518,0.9990693
64526,0.0023748782
64534,0.99863964
64541,0.9947448
64547,0.97430545
64551,0.025454482
64552,0.0019749422
64557,0.000889223
64558,0.000988749
64564,8.4029525e-05
64566,0.0033693784
64572,0.00021649222
64574,0.00024740832
64577,0.0033674862
64586,0.00010139365
64587,0.0019854023
64594,0.9976459
64595,0.0022113833
64597,0.0013000019
64601,0.0015215542
64602,0.0018648339
64608,0.0021149737
64611,0.9990551
64615,9.993642e-05
64640,0.0020755196
64643,0.00187953
64647,0.0020852308
64650,0.0014526137
64654,0.0021986356
64655,0.0020175627
64656,0.0008257055
64657,0.99845004
64659,0.0009971086
64663,0.0007714098
64665,0.99651414
64675,0.00076496816
64685,0.9999467
64687,0.009867065
64690,5.641352e-05
64693,0.99607015
64697,0.0023748782
64699,0.00047089646
64708,0.2862654
64711,0.00010378373
64715,0.9931263
64721,0.002004903
64722,0.00019689833
64729,0.0037820353
64734,0.0010590678
64737,0.9990854
64744,0.00032841766
64746,0.0008380205
64759,0.00046871102
64760,0.0056319125
64764,0.9998994
64765,0.0068574655
64771,0.9822108
64776,0.0010766904
64779,0.99643517
64781,0.00021722584
64791,0.00232976
64793,0.00032841766
64796,0.0010255841
64800,0.00032841766
64803,0.0021626893
64804,0.00023444052
64805,0.0010766904
64809,0.99855417
64810,0.00096259214
64812,0.9990693
64815,0.00024696288
64823,0.0010258211
64824,0.0013731989
64836,8.789882e-05
64839,0.0021986356
64853,0.0006026912
64854,0.0008452152
64859,0.0021464957
64861,0.0026450246
64867,0.0020755196
64870,0.9941577
64871,3.2009608e-05
64876,0.2862654
64884,0.00084033504
64885,0.00010420697
64886,0.99030334
64890,7.705391e-05
64894,5.641352e-05
64896,0.00038539345
64897,0.0020511348
64898,0.9965133
64900,0.9999467
64901,5.565931e-05
64903,0.002182085
64914,0.9990854
64915,0.0007633767
64916,0.0021986356
64921,0.0011402072
64922,0.00033630582
64945,0.0010766904
64955,0.9986298
64960,0.0010990058
64965,0.038865723
64968,0.00010378373
64979,0.0008549274
64981,0.00032841766
64983,0.00096259214
64988,0.0025833577
64990,0.00187953
64995,0.0025334791
64998,0.0018738697
64999,0.00073921535
65002,4.0826504e-05
65005,0.0004831946
65006,0.00022949687
65009,0.0020511348
65010,7.705391e-05
65015,0.0002741858
65020,0.0013731989
65026,0.0056319125
65027,0.99425864
65028,0.99567527
65036,0.0021518706
65042,0.0013000019
65054,5.641352e-05
65059,0.0011054066
65060,0.0009856978
65061,0.62109554
65063,0.9974891
65067,0.0021149737
65072,0.0004111859
65073,9.046032e-05
65080,0.0020852308
65082,0.2862654
65084,0.2862654
65095,0.9821161
65100,0.0017529716
65102,0.0010570538
65103,0.0033674862
65106,0.0007192474
65111,0.2862654
65115,0.0007994225
65124,0.003690487
65130,0.0019404165
65131,0.00015540633
65137,0.0011631027
65144,0.048186522
65148,6.26472e-05
65154,0.0004352794
65156,7.88633e-05
65161,0.00032841766
65162,0.0008452152
65164,0.0022746106
65165,0.0021626893
65167,0.008885567
65169,0.00026728245
65172,0.99520564
65174,0.00032841766
65176,0.0005661141
65180,0.0021986356
65185,0.0025506201
65199,0.0010766904
65201,0.99913234
65206,0.0021626893
65207,0.0011054066
65208,0.0020852308
65210,0.0010511291
65215,8.604831e-05
65220,0.0011005779
65222,0.0020852308
65231,0.00018386028
65247,0.9956767
65254,0.9987607
65255,0.9986727
65257,0.9990693
65259,0.9915766
65278,8.129552e-05
65280,0.0019014721
65285,0.97131425
65286,0.0010628115
65291,0.00032841766
65295,0.0009659294
65299,0.0010766904
65303,0.0013731989
65307,0.0020852308
65309,0.000624581
65320,0.0011631027
65321,0.0008680326
65326,0.9983369
65332,0.9826096
65336,0.0021626893
65340,0.0010080611
65349,0.0024815898
65350,5.5489294e-05
65351,0.30231342
65360,0.0021986356
65363,0.0012408787
65364,0.96519965
65365,0.0022746106
65366,0.0010258211
65367,0.00033630582
65371,0.0010766904
65372,0.00018070854
65375,0.000107555206
65383,0.0010590678
65384,0.00032841766
65388,0.00019885693
65389,0.00010229216
65391,0.0020834664
65403,0.002272814
65404,0.0010511291
65405,4.9599796e-05
65407,0.0021986356
65412,3.5014436e-05
65414,0.00032083312
65422,0.0010766904
65426,0.0010361904
65433,0.0003547967
65437,0.0020218368
65439,0.9893996
65446,0.9986727
65449,0.9987759
65452,0.99730194
65453,0.00010799126
65454,0.2862654
65456,0.0010766904
65457,0.000988749
65458,0.000759819
65461,0.9990693
65476,0.64442635
65478,0.0050208927
65486,0.99032086
65489,0.00010717558
65494,0.9941158
65496,0.0010766904
65498,4.5778135e-05
65500,0.00032841766
65505,0.2862654
65511,0.0021986356
65513,0.0020852308
65515,0.0013000019
65518,0.0021986356
65524,0.00032509785
65530,0.9937032
65532,0.0010590678
65540,0.0049166144
65541,0.030613584
65556,0.0057284944
65559,0.99775827
65562,0.028115796
65570,0.9940546
65577,0.03100737
65588,0.99905723
65592,0.9991253
65598,0.0020852308
65601,0.9935774
65603,0.0011110198
65606,0.007047359
65611,0.26809815
65616,5.1649455e-05
65618,0.00016033654
65622,0.0020511348
65625,0.30231342
65635,0.29138425
65636,0.0019819236
65638,6.0946113e-05
65639,8.4029525e-05
65642,0.002004903
65654,0.00041861026
65659,0.00047075216
65664,0.989961
65666,0.00020836928
65675,0.0005354742
65679,0.00097216916
65682,0.9990551
65686,3.2577605e-05
65691,0.0020933892
65692,0.002182085
65694,0.0020755196
65697,0.0011402072
65699,0.99845004
65704,7.88633e-05
65707,9.993642e-05
65710,5.5505807e-05
65712,0.0018547085
65714,0.99618703
65715,0.99648774
65717,0.00045618086
65719,5.2081337e-05
65720,3.384282e-05
65727,0.99812967
65729,0.0012787288
65732,0.00013054542
65736,0.0021986356
65747,5.0792038e-05
65748,0.0010590678
65755,0.0020852308
65765,0.99835277
65769,0.0037386087
65780,0.99994445
65781,0.0019819236
65783,0.0020938504
65784,4.0826504e-05
65792,0.00013717846
65794,0.0018364446
65796,0.9990693
65798,0.0013000019
65802,0.99807537
65805,0.0010778131
65822,0.9956806
65825,2.8533663e-05
65827,0.0010766904
65831,0.00094037567
65833,0.0010130217
65838,0.002004903
65840,0.0003239506
65841,0.30231342
65845,0.28318277
65848,6.0946113e-05
65849,0.99030334
65850,0.0021626893
65851,0.0016826927
65852,0.0013731989
65854,8.177182e-05
65858,3.8019734e-05
65861,0.0038494458
65869,0.0010849672
65873,0.0009540766
65880,0.00030919292
65884,0.99992573
65885,0.00016830255
65888,3.0319348e-05
65889,0.9999491
65890,0.0020788417
65899,0.00066106865
65900,0.0070184916
65904,0.00013244891
65907,0.00038920037
65910,0.9956806
65915,0.0021986356
65924,0.0010834794
65931,0.9938413
65933,0.99600047
65936,0.0009856978
65937,0.00034563456
65943,0.9926082
65945,3.2803935e-05
65952,8.4029525e-05
65960,0.00019885693
65965,0.0002055228
65966,0.0003860259
65975,0.99600047
65980,0.0010590678
65983,0.0019014721
65985,0.9987759
65986,0.026089305
65989,9.608712e-05
65990,0.99459004
65996,0.9990854
66001,0.00024312666
66003,5.250146e-05
66004,0.9999467
66009,0.9987759
66010,0.30231342
66015,0.001742291
66017,0.0014043113
66018,0.0009325814
66020,0.001391046
66022,0.0002055228
66026,0.28151396
66030,0.0009179277
66040,0.6155798
66047,0.0012924556
66053,0.0003262933
66061,0.99794394
66068,0.0010766904
66083,0.0020238573
66086,5.641352e-05
66088,0.0010766904
66097,7.435764e-05
66108,0.998516
66115,9.0780755e-05
66119,0.0014043113
66120,0.009372385
66123,0.99617696
66126,0.0022068124
66129,0.9990551
66135,0.008689838
66137,0.0002663392
66140,0.0020755196
66148,8.604831e-05
66159,0.00030919292
66160,0.0022524034
66167,0.2862654
66168,0.00037977536
66170,3.1206822e-05
66172,0.004922992
66179,0.9999355
66187,0.9991798
66191,0.0009179277
66193,5.641352e-05
66194,0.0022140774
66195,0.62109554
66198,0.0018304305
66202,0.99913234
66205,0.9999062
66206,0.00024312666
66212,0.9972384
66214,0.0020511348
66215,0.995815
66217,0.00059403334
66222,0.00022949687
66226,0.9990693
66233,0.0011423326
66236,0.00036883852
66238,0.0024986095
66244,0.0010766904
66246,0.0011054066
66252,0.00010378373
66253,0.00040776705
66256,0.0004134627
66258,9.0780755e-05
66263,0.9771359
66264,0.0023748782
66271,0.9943297
66273,0.99030334
66276,8.7368346e-05
66281,0.0013000019
66286,0.025389109
66287,0.0007192474
66288,0.0012787288
66289,0.00024740832
66302,3.0629493e-05
66303,0.00035674014
66304,0.0021986356
66305,0.0035401562
66310,0.00010610672
66312,0.00015540633
66314,5.5489294e-05
66319,8.811064e-05
66321,0.9942042
66330,0.0013731989
66334,0.0023163722
66337,0.0014468031
66340,0.0019068879
66344,0.998516
66347,0.0022119167
66350,0.00046871102
66351,0.0002463789
66352,0.9984586
66364,8.4029525e-05
66365,0.0020511348
66367,0.0003218557
66375,0.9977543
66376,0.00010506005
66388,0.0008452152
66392,0.0012408787
66397,0.00041735257
66401,0.000101299134
66404,0.9803656
66406,0.9931263
66410,0.7072112
66411,0.0021986356
66416,0.99381846
66424,0.0010990058
66426,0.0020795155
66427,0.0010590678
66430,0.0010766904
66434,0.6155798
66435,0.0021369825
66438,0.0001916947
66440,0.0010766904
66451,0.0011468038
66452,0.00011058565
66453,0.00093130185
66456,0.9990693
66461,0.0037652778
66462,7.957916e-05
66464,0.00018978781
66465,0.0008680326
66466,0.997182
66470,0.98953235
66474,0.00048080823
66477,0.0069042896
66480,0.0007192474
66483,0.0016826927
66486,0.0013000019
66490,0.28151396
66492,0.002035775
66499,0.6051015
66509,0.0021986356
66512,0.0019976983
66516,3.0629493e-05
66530,0.001419674
66539,0.000798208
66544,8.7368346e-05
66545,8.604831e-05
66547,0.00035089708
66548,0.0024986095
66551,0.0009234137
66560,0.9977543
66563,0.00019910396
66567,0.9991253
66570,0.00018203062
66574,0.30231342
66583,0.0020755196
66585,0.0013000019
66587,0.0021986356
66589,0.0002160594
66590,0.32186136
66595,0.0010590678
66603,0.2862654
66604,0.0018364446
66608,0.99662185
66609,0.0038494458
66613,0.97339106
66615,0.99991214
66617,0.00035089708
66618,0.049663182
66624,0.28151396
66630,0.008689838
66633,0.9990693
66649,0.9990551
66653,0.014174085
66656,0.998085
66662,0.00033630582
66667,0.0022746106
66672,0.00073921535
66673,0.9990693
66676,0.9978496
66677,0.99905723
66683,0.27855766
66686,0.0012001839
66693,0.0010766904
66695,0.99913234
66705,0.00035089708
66709,0.002402845
66710,0.00032841766
66713,0.0010398568
66715,0.0004347204
66717,0.99835277
66719,0.0002663392
66720,0.00021388345
66721,0.9987759
66723,0.9965133
66726,0.28563434
66734,0.9965133
66747,0.00032841766
66749,0.0057284944
66751,0.00038539345
66759,0.0019175339
66769,0.0022135666
66773,0.00015307017
66774,0.00042126395
66777,0.9928766
66780,0.0010250952
66782,0.0019014721
66787,0.0009179277
66788,0.9991253
66790,0.0010766904
66793,0.99883884
66794,0.0024986095
66795,0.99645376
66803,0.002004903
66806,0.0021626893
66810,0.7023483
66820,0.00015405107
66823,0.0010590678
66825,0.0002601852
66830,0.0021544194
66832,0.00018203062
66835,0.2862654
66839,0.0020852308
66842,0.9984831
66843,0.00010229216
66845,0.00014170872
66846,3.0319348e-05
66850,0.00077895256
66857,0.0020852308
66861,0.0021149737
66864,0.0019014721
66865,0.99835277
66876,5.641352e-05
66881,0.001850624
66884,0.000988749
66886,0.9956806
66887,0.0019819236
66894,0.0013638169
66896,0.9975375
66900,0.9990854
66901,0.98834723
66906,0.99807787
66923,0.0008914562
66944,0.0010766904
66947,0.9990551
66948,0.0007854264
66949,0.0038223842
66956,0.9965133
66957,0.0010518433
66958,0.99976534
66961,5.641352e-05
66967,0.00096259214
66968,0.99386805
66971,0.00187953
66978,0.29138425
66982,0.0019014721
66987,0.0033674862
66989,0.0020632746
66992,5.641352e-05
66993,0.9991253
67000,0.9936684
67002,5.641352e-05
67005,0.012394567
67006,0.99904734
67007,0.0020001258
67008,0.006185936
67009,5.437123e-05
67012,0.0018851148
67014,0.002332195
67023,0.0040163603
67031,0.0012377187
67032,0.00019448964
67035,0.003459706
67036,4.9532675e-05
67037,0.0023317903
67040,0.64442635
67041,0.0019579243
67042,0.0019014721
67044,7.705391e-05
67061,0.0021986356
67063,0.99366367
67068,0.0011631027
67069,0.00014021406
67075,0.0021986356
67077,0.00040776705
67083,0.002321564
67085,0.0019014721
67087,0.0051390165
67096,0.009867065
67098,0.0010778131
67106,0.99994576
67107,0.0075781597
67110,0.00024740832
67113,0.9696695
67116,0.00187953
67119,0.99845004
67129,0.96519965
67136,0.99691534
67140,0.9965133
67142,0.0010464655
67144,0.0010628115
67146,0.0021057243
67147,0.64442635
67150,0.0014886325
67155,8.4029525e-05
67157,0.62109554
67162,0.0007994225
67164,0.00187953
67174,0.999964
67175,0.0009179277
67180,0.0010766904
67183,0.99643517
67186,0.96626943
67197,0.00024696288
67198,0.0010766904
67199,0.002047249
67206,0.9991253
67208,0.0037461661
67209,0.00090111705
67211,0.99991
67212,0.9990693
67213,0.0009179277
67216,0.00073921535
67219,0.001013614
67239,0.002004903
67240,0.0011785884
67242,5.641352e-05
67247,0.9914983
67250,0.0004526551
67252,0.28151396
67266,0.051857587
67268,0.99729687
67278,0.0022524034
67288,0.0020938504
67291,0.9990854
67293,0.008885567
67307,0.0011631027
67309,0.99913234
67311,0.0024031021
67316,0.00028934536
67317,0.99994874
67322,0.00097216916
67329,0.9975902
67333,0.0020133397
67336,0.9650962
67338,0.00032841766
67339,0.99925214
67344,0.0011631027
67348,5.5489294e-05
67349,5.0535877e-05
67351,0.62109554
67352,0.0005125226
67354,0.00035674014
67361,0.00030919292
67366,5.9837865e-05
67370,5.507294e-05
67371,0.00039989853
67373,0.00038635262
67376,0.0023480344
67379,0.0151409
67380,0.0020511348
67383,0.0010811456
67385,0.0012408787
67394,0.0007477913
67395,0.9990163
67396,0.99748623
67401,0.0017935085
67411,0.00091728376
67413,0.0066900463
67414,0.0020859335
67422,0.0010766904
67429,0.00010749574
67449,0.0008680326
67455,0.0013350715
67456,0.0019125539
67457,0.9980679
67459,0.00032111615
67461,0.00071222265
67464,0.0021479526
67467,0.9982607
67468,0.00035089708
67469,0.00091388455
67478,0.99994576
67479,0.008689838
67482,0.00015730257
67483,3.0319348e-05
67488,0.0014526137
67490,0.0015884603
67491,0.96519965
67492,0.001026017
67509,0.0018018228
67510,0.008609258
67511,0.98351187
67517,0.000520658
67521,0.0010590678
67525,0.00015576447
67527,0.0009927565
67529,0.00017519962
67535,0.0008265777
67541,0.00011714321
67544,6.839501e-05
67547,0.00010290401
67552,0.00036640422
67554,0.000988749
67558,7.024275e-05
67559,0.00096879754
67562,0.0013000019
67565,0.9987588
67581,0.99316424
67582,0.00032841766
67587,0.97043914
67590,0.0012736529
67593,0.0003337589
67595,0.0003129501
67599,5.240447e-05
67602,0.99994874
67603,0.0021626893
67605,5.247703e-05
67612,3.4682642e-05
67622,0.9999436
67627,0.0007714098
67635,0.9937032
67636,0.0012034797
67638,0.00010088481
67643,0.0012037904
67645,0.0012163301
67648,0.0005160499
67651,0.00070153497
67655,0.001109642
67657,0.0003312385
67660,0.001026017
67663,0.0010766904
67666,8.604831e-05
67672,0.00203981
67681,0.64442635
67682,0.0010766904
67684,0.9788199
67685,0.001109642
67686,0.99662185
67689,0.008571296
67690,0.00018070854
67691,5.0578787e-05
67695,0.9990693
67697,0.99386805
67698,0.99904734
67703,0.9999479
67704,0.0057284944
67710,0.99427646
67714,5.641352e-05
67722,0.99380267
67730,0.0021626893
67732,0.00078703766
67738,0.99868375
67742,0.0011054066
67747,0.9905155
67753,0.98953235
67762,0.0002579265
67763,0.9984428
67764,0.0019871858
67765,0.0019056095
67767,0.9939626
67769,0.9999275
67774,0.001850624
67782,0.0020852308
67783,0.0004303999
67787,0.9990085
67791,0.0010080611
67793,0.0019068879
67799,0.99449277
67803,0.0010590678
67811,0.00033630582
67824,0.00013052164
67828,0.0013000019
67829,0.99643517
67833,8.441391e-05
67842,0.9990693
67846,0.99425864
67849,0.0008813915
67852,0.0017088506
67855,0.0006026912
67861,0.9947455
67867,0.001007377
67870,0.00010229216
67882,0.002166269
67889,0.99849343
67894,0.00032841766
67907,0.9990693
67908,0.0020818084
67910,2.6204507e-05
67914,0.047125794
67925,0.00013046603
67927,0.0039281654
67928,3.4682642e-05
67929,0.9937453
67941,0.0015650473
67945,0.0003823969
67946,0.0010811456
67947,0.0019092307
67948,3.2009608e-05
67950,0.9943297
67955,0.0021149737
67956,0.00033963335
67957,0.27455056
67964,0.00091363955
67965,0.0054600853
67967,0.0020755196
67968,0.001040156
67969,0.002035775
67971,0.013112414
67973,0.001871529
67975,0.00013046603
67983,0.0020238573
67986,0.00039112684
67994,0.9704513
67996,0.9822108
67997,0.0020852308
67998,0.00026103374
68005,4.0826504e-05
68007,0.98464394
68010,8.4029525e-05
68012,0.0010990058
68015,3.2803935e-05
68019,0.0012388316
68023,0.0021273447
68024,0.0011468038
68026,5.735477e-05
68027,0.0020852308
68029,5.641352e-05
68030,0.2862654
68039,5.0578787e-05
68041,0.9939626
68044,0.0009179277
68049,0.00029792523
68051,0.0010518433
68052,0.2862654
68056,0.00017372858
68057,0.0020882743
68059,0.0033674862
68062,0.004169361
68064,0.0017096943
68069,0.000988749
68070,0.0017571502
68072,0.0020852308
68078,0.00038656796
68081,0.00017367161
68088,0.0013000019
68089,0.9923981
68092,0.99905723
68095,0.001256596
68097,8.25665e-05
68098,1.9260622e-05
68101,0.0024986095
68102,0.9979419
68109,0.0018527454
68113,0.002332195
68114,0.0020852308
68123,0.0055348496
68124,0.9990693
68125,0.99994576
68126,0.9990163
68130,0.0019014721
68132,4.8646387e-05
68150,0.9920906
68152,0.0022430345
68156,0.00016830255
68166,0.002404703
68171,0.9999467
68186,0.0020755196
68196,0.00018972538
68199,0.031771637
68209,0.0021341548
68211,0.99671054
68218,0.000988749
68222,4.6733232e-05
68230,0.00096259214
68233,0.0011110198
68235,6.839501e-05
68238,0.00034329706
68240,0.00059403334
68241,0.9971636
68252,0.97043914
68261,0.99994874
68262,0.002003791
68267,0.2862654
68272,0.00035674014
68274,0.00038731605
68279,0.0020511348
68280,0.001026017
68289,0.62109554
68291,0.99767953
68294,0.99290246
68295,0.00013054542
68296,0.0020799953
68301,0.001007377
68304,0.0029790564
68314,0.64718175
68316,0.0021986356
68317,0.99840194
68323,0.00187953
68325,0.0021986356
68330,5.375586e-05
68331,0.9944997
68352,0.93259823
68361,3.2803935e-05
68372,8.0070975e-05
68375,0.0010766904
68389,0.9933488
68391,0.0008111414
68400,0.99529785
68410,0.00038656796
68411,0.9984518
68412,0.00019910396
68418,0.00017598218
68419,0.99617696
68420,0.9893986
68429,4.885117e-05
68433,0.0020852308
68434,0.00044564705
68438,0.0070184916
68440,0.9999449
68442,0.002047249
68446,0.03598912
68447,9.993642e-05
68448,0.99760723
68452,0.0019014721
68456,0.009867065
68457,0.033065323
68459,0.2862654
68468,0.0020511348
68469,8.591303e-05
68475,0.0010766904
68476,0.9833815
68487,0.9990693
68489,0.9945979
68490,6.839501e-05
68499,0.99643517
68501,2.905414e-05
68504,0.00023051638
68507,0.0018537166
68508,0.00091728376
68524,2.5768526e-05
68526,0.00014225609
68527,0.00029792523
68528,0.002540125
68533,0.9947455
68541,0.0011110198
68543,0.00080158963
68544,0.9980135
68554,0.00084033504
68555,8.0070975e-05
68559,0.982621
68560,0.9970374
68561,0.00016990156
68571,0.0013000019
68572,0.0018856522
68576,0.998085
68577,0.0032539743
68581,0.00018203062
68584,0.636913
68588,0.0021986356
68591,0.0010590678
68595,0.0020852308
68602,0.9964311
68605,0.99789965
68606,0.5024306
68609,0.005278216
68612,0.0019014721
68617,8.016862e-05
68622,0.2862654
68627,0.0021479526
68628,0.0021549165
68630,0.0029897061
68638,0.9990551
68649,0.9987759
68655,0.0010587324
68656,0.99863964
68661,0.27855766
68664,0.000988749
68667,0.2862654
68674,0.0003304796
68681,0.9892874
68685,0.0010590678
68686,0.00035674014
68690,0.00080158963
68696,4.2479387e-05
68699,0.0007477913
68702,8.4029525e-05
68709,0.0021626893
68713,0.0017088506
68717,0.00011553157
68721,0.0013000019
68722,0.00044330253
68724,0.99994576
68726,0.27650797
68732,0.0010590678
68738,0.00010699586
68739,0.0010766904
68740,7.592691e-05
68743,0.000111623274
68746,0.99617696
68747,0.0008680326
68749,0.9945979
68753,0.00032841766
68761,0.0010518433
68767,0.9990854
68770,0.9990085
68773,0.0020852308
68783,0.0033743873
68790,0.005793673
68791,0.9999566
68795,0.0020238573
68797,0.00042126395
68799,0.27855766
68800,0.0016826927
68805,0.2862654
68806,0.001026017
68808,0.0021149737
68816,0.003333957
68818,0.0007926498
68820,0.00017519962
68833,0.9941577
68854,0.002047249
68856,0.99849343
68859,5.375586e-05
68862,0.0020799953
68873,0.001814836
68876,0.001800602
68883,4.797707e-05
68892,0.0020231726
68893,0.00034557673
68897,0.00018386028
68906,5.5489294e-05
68909,0.014893408
68910,0.98220253
68912,0.9937032
68913,0.00091404916
68915,0.0021460964
68917,0.00058014784
68933,0.0066900463
68935,0.0020852308
68946,0.9963415
68953,0.0020788417
68956,0.99643517
68960,0.00187953
68964,0.0021986356
68967,0.9931324
68970,0.008609258
68979,0.0022140774
68984,0.0034125294
68985,0.010030053
68988,0.00017598218
68989,0.0013000019
68998,0.0020852308
69000,0.00093130185
69004,9.856148e-05
69006,0.0021479526
69012,0.0019871858
69016,0.0010766904
69019,0.00034563456
69022,0.0019125539
69023,0.9990085
69032,0.9932647
69037,0.00013046603
69040,0.0040998827
69041,0.00018386028
69045,0.0018526748
69050,0.00083989673
69055,0.000988749
69062,0.99805707
69064,0.9990854
69074,0.9941577
69078,0.2862654
69079,0.9983082
69080,0.00017961358
69092,5.984831e-05
69093,0.00094072695
69096,0.98953235
69102,0.9970095
69105,0.0020785865
69117,0.00035674014
69118,0.28318277
69128,0.049663182
69130,0.000988749
69134,0.2862654
69135,0.99439406
69141,0.0010590678
69143,5.641352e-05
69156,0.9990854
69158,0.9998621
69177,0.0020852308
69182,0.0020852308
69186,0.0020572443
69192,0.048186522
69194,0.0010766904
69198,0.002004903
69200,0.00010052872
69202,0.005507456
69204,0.9990693
69205,0.0032899475
69207,9.0065165e-05
69210,0.0019854023
69214,0.00039112684
69218,4.0826504e-05
69219,0.59560865
69221,0.0020952697
69223,0.00032841766
69227,0.62109554
69229,0.99643517
69233,8.7368346e-05
69244,0.0010766904
69257,0.0001498664
69258,0.0021643292
69265,5.375586e-05
69266,5.5489294e-05
69268,0.9662502
69271,7.705391e-05
69272,0.0011054066
69284,0.0010590678
69287,0.0010766904
69288,0.28151396
69289,0.0021986356
69295,0.0021341548
69296,0.9990085
69298,0.0002024255
69301,8.0070975e-05
69308,0.0037652778
69311,0.0020755196
69320,0.0021986356
69325,0.9990693
69330,0.0009659294
69332,0.28318277
69336,0.998516
69339,0.026089305
69343,0.000988749
69347,0.0033674862
69352,0.022479445
69358,0.0010628115
69359,0.0066900463
69365,0.9975551
69370,0.0010766904
69372,0.0020852308
69373,0.0011840842
69386,0.0019286926
69392,0.99710304
69394,0.99648774
69397,0.0009179277
69403,7.592691e-05
69410,0.008689838
69414,0.62109554
69417,5.5110344e-05
69425,0.00019544776
69434,0.9977665
69442,0.0038018548
69451,0.9938777
69454,0.0021467234
69456,0.0022352396
69457,0.9999491
69467,0.62109554
69468,0.0011218416
69470,0.0010990058
69471,0.0011218416
69477,0.64442635
69480,0.62109554
69481,0.9987167
69482,0.0020133397
69484,0.99994874
69494,0.0009141289
69503,0.9999422
69504,0.00010447771
69505,0.000114505754
69511,0.9892813
69513,0.28318277
69515,0.99004877
69516,0.002035991
69519,0.009854936
69520,0.002035991
69526,0.99855417
69528,0.9990551
69533,0.0021467234
69537,0.000988749
69540,6.27172e-05
69551,0.0019468043
69556,5.5078715e-05
69559,0.00040776705
69566,0.0010512407
69568,6.9970716e-05
69569,0.2689932
69571,0.20790699
69576,0.00018565275
69587,0.00093130185
69592,0.0010590678
69595,8.591303e-05
69598,0.994796
69601,3.0319348e-05
69605,5.4828324e-05
69606,0.0020511348
69610,0.00018323759
69612,0.28563434
69615,0.2766048
69620,3.0981784e-05
69628,0.0034710797
69633,0.2689932
69639,0.0012399944
69641,0.00037371565
69649,0.99770844
69650,0.9841957
69657,0.9977997
69658,0.0068535595
69662,0.0318824
69664,0.00035089708
69667,0.00062009186
69673,0.9990693
69679,0.00010699862
69683,0.0033693784
69687,0.001972207
69690,0.99608165
69692,0.0002495333
69702,0.9990163
69704,0.0019034622
69712,0.0011402072
69715,0.03305443
69723,0.0021626893
69724,0.0021467234
69727,0.000201045
69730,0.99990237
69733,0.009962323
69735,0.002035991
69739,0.636913
69741,0.001024404
69742,0.997735
69743,0.0021626893
69745,0.002045793
69746,0.9990163
69749,0.99855417
69750,0.0018978231
69755,0.0018931924
69762,0.0019014721
69764,0.955549
69765,0.9999467
69779,0.0004253701
69783,0.00023189261
69791,0.002035991
69794,0.9990854
69795,8.586839e-05
69799,0.000109044144
69805,0.0010590678
69807,0.0019726981
69809,0.00023189261
69811,0.27855766
69814,0.0012034797
69824,0.030245146
69828,0.0018856522
69829,0.00033161926
69830,0.002004903
69833,0.0002866605
69836,0.00034830195
69841,0.0011218416
69846,0.99994576
69851,0.0021467234
69854,0.00092687045
69856,0.0019890498
69857,0.9984174
69858,6.695029e-05
69861,0.001832123
69870,0.0027194407
69875,0.0012692804
69878,0.0022352396
69886,0.0010419075
69895,0.9980533
69898,0.000988749
69906,0.0011468038
69911,0.0008836174
69912,0.0018978231
69914,5.5078715e-05
69920,4.8363076e-05
69924,0.9982475
69929,0.0005733556
69930,0.0013144272
69932,0.9998723
69934,0.002077055
69943,0.0021467234
69947,0.0010511291
69948,0.0020137834
69950,0.0016851585
69953,4.0338917e-05
69954,0.048633546
69956,0.0010250952
69963,0.00021860276
69965,0.0020511348
69966,4.836068e-05
69974,0.0010269803
69976,0.98962057
69981,0.9990693
69986,0.0021626893
69995,0.00034830195
69996,0.0021626893
70007,0.9972541
70017,7.890513e-05
70021,0.00082483696
70023,6.6198816e-05
70025,0.9984174
70026,0.99811244
70032,0.00018565275
70036,0.0017965186
70037,0.0004757838
70039,0.9638812
70040,0.0010285876
70041,0.00092687045
70043,0.0020957163
70044,5.735477e-05
70046,0.9990854
70054,0.00203981
70056,0.00015540633
70058,0.99718106
70070,0.99652463
70078,0.0021626893
70080,0.0021341548
70085,0.9982475
70088,0.002042861
70089,0.0019402566
70095,3.2027743e-05
70097,0.99567527
70107,0.0020957163
70109,8.109451e-05
70112,0.002077055
70114,0.0010017639
70117,0.0017096943
70121,0.9980533
70131,0.9892813
70133,0.00034830195
70148,0.99608165
70150,0.0021549165
70152,0.0007464183
70160,0.9979836
70164,0.002045793
70165,0.0010590678
70166,8.604831e-05
70168,0.9984586
70170,0.28318277
70183,0.0019014721
70184,0.99573493
70187,0.00033161926
70188,0.00018978781
70194,0.99851817
70195,0.0033219226
70203,0.0002206358
70204,0.002889438
70222,0.0013213325
70225,0.9990551
70227,5.5078715e-05
70230,0.2689932
70231,0.30450252
70232,5.5489294e-05
70240,0.0020511348
70251,0.99572206
70253,0.00092687045
70254,0.0068535595
70256,0.0009854706
70259,0.002035991
70262,0.98904043
70263,0.0055608624
70264,0.00033708566
70267,0.0021467234
70268,0.00042615706
70269,0.0018576265
70270,0.0012692804
70271,0.0023635994
70279,5.2483934e-05
70284,0.99851817
70289,0.0019989042
70291,0.0019014721
70295,6.27172e-05
70300,0.99994504
70301,0.029585453
70308,5.5489294e-05
70310,0.9999422
70311,0.0010512407
70334,0.0011218416
70337,0.00093130185
70338,0.0008440989
70341,0.004382343
70346,4.836068e-05
70347,0.00030752897
70348,0.009962323
70353,0.9904135
70359,0.9980294
70363,0.99767953
70364,0.9822097
70366,0.002004903
70367,5.5489294e-05
70371,0.0022040335
70384,0.0005060102
70396,0.0018978231
70399,0.00015540633
70412,0.99845004
70415,0.0010017639
70416,0.98985344
70418,0.96552414
70419,0.0021467234
70423,0.0055130348
70426,0.0038644595
70427,0.99905723
70428,0.684575
70431,0.0021664258
70432,0.0019014721
70437,0.0012095539
70440,5.5078715e-05
70441,0.00046062723
70445,0.9978403
70447,0.99319834
70449,0.9970095
70450,0.009962323
70452,0.0057840315
70453,0.99575114
70454,0.002084955
70457,0.9990854
70460,0.99774593
70468,0.0037820353
70469,0.00034830195
70474,0.99774593
70480,8.789882e-05
70484,0.0011468038
70488,0.9990085
70493,0.00010957314
70496,0.002035991
70497,8.789882e-05
70498,0.0004626305
70499,0.99139047
70502,0.005883419
70511,0.9990694
70513,0.9965468
70521,0.9963977
70528,0.99773055
70535,0.0011468038
70537,0.00035089708
70546,0.9999449
70553,0.26227894
70554,0.00016994336
70560,0.000923804
70564,0.0010512407
70568,0.0012691456
70571,9.250243e-05
70575,5.5489294e-05
70576,0.0008885052
70580,0.0021467234
70581,3.3861998e-05
70582,0.0004253701
70583,0.9990854
70584,0.994796
70589,0.0011054066
70590,0.0003613416
70593,0.9990693
70597,0.99905723
70617,0.636913
70618,0.0019034622
70620,0.00044505653
70621,0.0007094902
70623,0.0001730014
70628,0.25961038
70629,0.99706596
70634,0.0004272201
70635,0.0010258245
70641,0.24053372
70644,0.0020957163
70645,0.0055608624
70653,0.002035991
70655,5.5489294e-05
70659,0.0021467234
70660,8.604831e-05
70663,0.9941577
70665,0.00018565275
70667,0.0004352794
70668,0.00091517676
70694,0.0017088506
70695,0.99321246
70700,0.00031220718
70702,0.9990693
70703,0.0038494458
70704,0.0069042896
70706,0.00019885693
70708,0.25961038
70718,0.0015070518
70719,0.00074132683
70723,0.0033219226
70724,0.99760723
70726,0.0009262202
70729,0.0010512407
70731,0.99994504
70733,0.00017391868
70737,0.006255797
70740,0.00035114688
70742,0.9994684
70745,0.9937032
70748,0.0013039756
70750,0.00086531334
70754,0.0018526748
70760,0.00031220718
70761,0.99994576
70765,1.7091039e-05
70767,0.0049493336
70768,0.00014755469
70769,0.99773055
70771,0.039104432
70774,0.62109554
70776,0.00024626782
70777,8.3154526e-05
70790,0.00072625594
70792,0.0034002122
70793,3.3861998e-05
70800,0.99771225
70805,0.0021252888
70807,0.00031220718
70811,0.0018908422
70820,0.7072112
70827,0.99836
70833,0.031822976
70836,0.9980294
70840,0.2689932
70843,0.0011218416
70845,0.0021467234
70847,3.2677577e-05
70852,0.000109044144
70862,5.247703e-05
70865,0.99622726
70868,0.97767127
70870,0.00034830195
70878,5.0578787e-05
70881,0.0009875948
70882,0.993436
70885,0.93638587
70887,0.0007714098
70889,0.62109554
70895,0.0020814736
70896,0.99845004
70897,0.0020957163
70899,0.26068702
70909,0.00034830195
70919,0.0021355534
70920,0.0010512407
70926,0.0038018548
70927,0.0019014721
70929,0.994796
70933,0.9965468
70934,0.004438942
70937,0.62109554
70943,0.9937032
70948,5.2483934e-05
70949,0.0010017639
70952,0.99651414
70967,3.571444e-05
70975,4.836068e-05
70982,8.085167e-05
70986,0.0012692804
70995,0.00016994336
71010,0.0010590678
71012,0.99843615
71015,0.00027537678
71021,0.0018978231
71023,0.00056973955
71029,4.836068e-05
71032,0.0006026912
71033,8.055116e-05
71040,0.00024982015
71043,0.002035991
71044,0.9964695
71054,0.9999254
71056,0.9627467
71073,0.99770844
71083,0.00012377073
71091,0.00011029625
71093,0.9987457
71095,0.006684069
71096,0.9984174
71101,0.0010512407
71103,8.484882e-05
71105,0.0012688767
71108,0.9970251
71109,0.9702013
71116,0.00017690768
71121,0.0011468038
71122,8.090836e-05
71131,0.9933456
71132,0.0014526137
71135,0.0009882282
71139,6.145502e-05
71145,0.99845004
71146,0.0020348625
71149,0.25961038
71151,0.00091290555
71152,0.0020799953
71153,0.0009933473
71154,0.0019014721
71157,0.0026938398
71165,0.00046062723
71166,0.9945102
71167,0.9990085
71168,0.9999635
71177,0.00031220718
71178,0.0002055228
71179,0.0010512407
71184,0.99706596
71189,0.06043667
71192,0.99662185
71202,0.0318824
71205,0.0024986095
71206,0.00092687045
71214,0.0019885008
71219,0.6023153
71220,0.0010512407
71222,0.0009227804
71226,0.0021057243
71227,0.99994576
71231,0.0016826927
71242,0.0019014721
71244,0.000465851
71246,0.9970095
71250,0.000108061824
71254,0.9990085
71255,0.0019760637
71263,0.00033161926
71265,0.9990854
71268,0.98969835
71279,0.009962323
71280,4.7468504e-05
71283,0.9987457
71284,0.9999436
71285,0.0022140774
71293,8.016862e-05
71296,0.9979855
71300,0.62989306
71311,0.0021549165
71317,0.002074239
71318,0.00081170775
71320,0.000201045
71340,0.62109554
71343,0.0021314633
71345,0.7072112
71348,0.0012692804
71349,0.9984586
71350,0.00248017
71352,0.001967238
71360,0.28318277
71361,0.044651814
71366,0.9938777
71367,0.9990085
71369,7.78052e-05
71370,0.0020511348
71371,0.0020823255
71381,0.0021057243
71386,0.00091404916
71387,0.99572206
71390,0.5363855
71391,0.00017729438
71405,0.0005257324
71412,0.0318824
71415,0.002035991
71418,0.9984586
71422,0.99324775
71426,0.0021467234
71427,0.0010512407
71429,0.00093130185
71430,0.2689932
71435,0.002404703
71442,0.9983393
71447,0.996549
71455,0.2689932
71456,0.034124874
71457,6.3438405e-05
71462,0.002004903
71464,0.99855417
71468,0.00015576447
71470,0.9990551
71475,0.00026103374
71477,0.99908245
71480,0.00028150968
71491,8.371265e-05
71493,0.000923804
71494,0.99651414
71499,0.99845004
71506,0.002115931
71509,0.005350131
71519,0.0005012889
71521,0.0013493546
71525,0.0019890498
71530,0.2689932
71533,0.04401353
71542,0.9990299
71556,0.0010512407
71570,6.8875095e-05
71572,0.0009719696
71573,0.9990693
71576,0.0010159328
71579,0.002035991
71585,0.99617803
71590,0.0021626893
71593,0.9990693
71596,0.0004253701
71599,0.0010512407
71603,0.00034830195
71605,0.9964695
71607,0.0042636367
71608,0.0019125539
71611,0.9990693
71633,0.00033161926
71634,0.99991107
71656,0.004438942
71657,0.0012692804
71660,0.00017486616
71661,0.00029388178
71669,0.0019014721
71676,0.0012609474
71683,0.0034002122
71688,0.0021355534
71690,0.0021467234
71691,0.0019760637
71697,0.2689932
71703,0.0021467234
71705,0.999022
71706,0.0004731448
71708,0.002273068
71719,0.0010269803
71729,0.6454935
71734,0.2689932
71735,0.99743867
71736,0.00015540633
71740,0.0018883941
71741,0.00016333928
71743,0.009854936
71744,0.0021467234
71747,8.3257124e-05
71752,0.9990693
71756,0.9990693
71759,0.002035991
71771,0.2689932
71772,0.2766048
71776,2.5347632e-05
71782,0.0003365295
71786,0.00018565275
71787,0.005560475
71788,0.99102706
71791,0.0011423326
71796,0.0020788417
71798,0.0010258211
71800,0.000201045
71805,0.0293579
71807,0.0020933892
71816,5.0578787e-05
71822,0.0010214249
71831,0.0007464183
71834,0.000988749
71835,0.27455056
71840,0.00063235353
71846,0.0015496535
71849,6.871594e-05
71858,0.9987374
71870,0.04918605
71875,0.00078839815
71877,0.9989613
71883,0.9989429
71886,0.9989268
71888,0.00016100434
71889,0.0016836773
71902,0.001883912
71908,0.0015496535
71918,7.3289644e-05
71930,8.557991e-05
71931,0.0048399842
71948,0.00064903445
71950,0.99797565
71957,0.0007586267
71958,0.0007586267
71962,7.275956e-05
71965,0.0015122052
71967,0.9934865
71971,6.198775e-05
71975,0.99935144
71977,0.99790144
71987,0.92515326
71988,0.001622241
71989,0.0022223874
71990,3.151952e-05
71992,0.051485408
71996,0.99057126
72001,0.0013663156
72008,0.0012859782
72009,0.9965519
72011,0.00015898328
72032,0.003445066
72034,0.000264473
72047,0.92351866
72054,0.00016499258
72060,0.00016120328
72061,0.0007586267
72066,0.0014806116
72067,0.00074907474
72071,4.134206e-05
72079,0.0017492331
72080,0.00036131695
72082,3.9648723e-05
72095,0.0012244415
72098,3.6522568e-05
72106,0.049568057
72107,0.0014696738
72114,0.92515326
72115,0.00061692274
72122,0.00078839815
72123,0.99994314
72128,0.0016155844
72132,0.98905724
72135,0.99527824
72136,0.9980263
72137,0.9956736
72138,0.00017076544
72151,0.00022150612
72152,3.8323797e-05
72161,0.9974726
72167,0.9989613
72170,0.0009708715
72172,0.995523
72173,0.001704556
72174,0.9640876
72175,0.0007921681
72180,0.03602566
72184,7.84756e-05
72185,0.9989429
72192,6.608554e-05
72197,0.04918605
72202,2.299383e-05
72205,0.0005416369
72214,0.00824218
72215,0.0015611858
72223,0.9989429
72226,0.047602203
72229,0.0018038462
72231,3.6522568e-05
72237,2.3784993e-05
72238,0.98070896
72239,0.97678035
72241,0.0021375604
72242,0.00077526766
72255,0.0014695177
72261,0.00017456897
72262,0.0013187759
72264,0.0011445519
72286,0.96720505
72292,0.0007586267
72294,0.9989429
72295,0.0007862198
72300,0.004953873
72308,0.0010911978
72311,0.004357406
72314,0.9987614
72315,0.00021115085
72316,0.99649954
72322,0.0014398113
72327,0.9989268
72328,0.00077526766
72331,7.30871e-05
72337,0.001106057
72338,0.0017265568
72342,3.727483e-05
72344,0.00019444959
72345,0.00010794276
72346,0.008347201
72350,0.032199197
72357,0.00019638383
72358,0.00015597463
72359,0.99805933
72361,0.0011458353
72366,0.9989268
72368,0.04810443
72377,0.052615233
72382,0.00030285702
72385,0.0023542217
72386,0.00074111414
72389,0.00078839815
72393,2.9763036e-05
72396,0.0010691095
72399,0.00015769093
72407,0.00043626118
72408,0.00041958207
72409,0.997366
72418,0.0018038462
72419,0.0015496535
72420,0.0007586267
72421,0.9988894
72425,0.0015611858
72434,0.0010691095
72435,0.0016145271
72438,0.0015139083
72441,0.92515326
72449,0.0015611858
72453,0.99797565
72462,0.9980161
72484,0.00021219043
72485,0.00025836483
72489,0.008579914
72492,0.92515326
72495,0.9946414
72497,0.9999374
72498,0.00029628375
72500,0.0012860995
72503,0.0007586267
72504,0.0014696738
72505,0.0007084808
72506,4.1036154e-05
72508,0.99827564
72517,7.294478e-05
72519,0.92515326
72521,0.9989429
72523,4.1036154e-05
72526,0.0047333622
72530,0.0021782375
72531,0.002482219
72535,0.0017300902
72536,0.0014973368
72537,0.9960414
72538,0.9973617
72539,0.0006601507
72541,0.0022683977
72549,0.047602203
72553,0.00078839815
72555,0.00076073373
72564,8.865213e-05
72566,0.99891806
72578,0.9989429
72582,0.99059486
72592,0.0004662281
72593,0.0012244415
72597,0.0847027
72598,0.0007329956
72605,0.99798596
72606,0.99858874
72613,0.00077526766
72615,0.00010360782
72617,0.00040286835
72618,0.0013663156
72621,0.0014696738
72625,0.0022061067
72632,0.9980161
72637,4.1036154e-05
72638,0.001106057
72655,0.0014806116
72656,0.0016193258
72662,0.00015103114
72665,0.9988894
72670,0.9956736
72677,0.001106057
72683,0.0003091531
72684,0.9988894
72687,0.0007586267
72701,0.0006542715
72706,0.00010429346
72709,0.001619383
72711,2.379847e-05
72714,0.9946414
72716,0.004831134
72727,0.0002555331
72729,0.0011306686
72732,0.0007586267
72748,0.9948571
72749,0.00078839815
72751,0.043983467
72754,0.0016145271
72755,0.0026988573
72756,0.0014696738
72760,0.0012685849
72771,0.0009835463
72773,0.92492163
72775,0.00015236
72776,0.047602203
72777,0.98520386
72781,0.04088162
72786,0.0012244415
72790,0.9988859
72799,0.0014806116
72801,0.0028229323
72803,0.002420785
72805,0.99994576
72806,3.2707536e-05
72809,0.000113943184
72816,0.000447821
72817,0.0024739595
72831,0.002658311
72832,3.8323797e-05
72835,0.00043607244
72840,0.0001898095
72846,0.9227146
72848,0.0015496535
72851,0.0001241896
72863,0.0014696738
72888,0.99549943
72893,0.0026700078
72896,0.99659544
72898,0.0023542217
72901,0.998042
72908,0.0012600572
72915,0.0023129059
72917,0.9907017
72920,0.0020300325
72921,0.0011764041
72927,0.004953873
72938,3.546022e-05
72943,6.752711e-05
72948,0.99595404
72949,0.0027966816
72954,0.99743587
72961,0.001926841
72970,0.0021038153
72976,0.0024739595
72978,4.103185e-05
72990,0.00076648925
72991,0.0012244415
72992,0.00036131695
72995,0.00073975336
73001,0.0012203621
73009,6.2763684e-05
73010,0.99659544
73014,0.0008741823
73017,0.0014428879
73020,3.4090033e-05
73022,0.00020670865
73028,0.99571025
73035,0.99765176
73037,0.0017492331
73040,0.0009755828
73044,0.04918605
73055,0.04918605
73057,0.0023542217
73061,0.0023702201
73073,0.99993575
73075,0.9846941
73083,0.0007586267
73086,0.00011504412
73089,0.001106057
73101,0.00077526766
73119,0.0015496535
73125,7.2068266e-05
73127,0.0026107733
73131,0.0015612674
73133,0.92515326
73134,0.00013538387
73138,6.452768e-05
73142,0.0035092765
73150,0.04918605
73151,0.0007586267
73154,0.000780214
73157,0.002701752
73166,0.99993837
73169,0.0007586267
73176,0.0007642767
73180,2.3784993e-05
73181,0.002343234
73182,0.9919424
73186,0.998042
73187,0.002420785
73192,0.0023463874
73193,0.00019444959
73204,4.1036154e-05
73206,0.0047333622
73207,0.0012244415
73209,0.0014806116
73210,0.0009932962
73211,0.99873656
73214,0.0014420706
73216,6.7205525e-05
73222,0.0014696738
73228,0.99889815
73233,0.0015496535
73239,4.134206e-05
73241,0.996646
73248,0.0009309771
73249,4.1036154e-05
73251,0.025315275
73252,0.9583036
73253,0.0015496535
73257,0.9989429
73261,0.0048535583
73264,0.00017076544
73267,0.0012685849
73269,0.0014816646
73279,0.0018255137
73284,0.9988638
73296,0.9981365
73297,9.6930744e-05
73305,0.00039118182
73308,0.047602203
73311,0.0023829162
73312,0.99889815
73316,0.99993694
73319,0.9975484
73322,0.9989613
73326,0.99864286
73332,0.99865085
73333,0.000116107185
73336,0.047602203
73339,0.99140304
73340,0.04918605
73343,3.9648723e-05
73344,0.9975484
73346,0.75661725
73360,0.002571591
73369,0.0026421605
73370,0.0016121854
73375,4.1036154e-05
73381,0.99858874
73387,0.0007329956
73388,0.00012160658
73390,0.0014200534
73392,0.0015611858
73396,0.00026680913
73397,0.0014200534
73402,0.9989613
73403,0.9958319
73404,0.04823349
73406,0.00013946748
73413,7.086834e-05
73425,0.0021763637
73431,0.99798596
73437,0.04823349
73439,0.0014806116
73440,0.99365425
73446,0.92002606
73450,0.0011373677
73458,8.473247e-05
73464,0.0012244415
73466,0.99993765
73468,0.0006494342
73477,0.9980709
73484,5.1883497e-05
73489,6.690881e-05
73490,0.0014973368
73492,0.00026821112
73493,0.004223546
73496,0.019248279
73497,0.0015496535
73499,0.9988894
73501,0.0014696738
73502,0.0018168353
73505,0.0017541543
73509,0.04918605
73512,0.99727446
73513,0.04918605
73514,0.0014398113
73520,0.0014816646
73521,0.0014696738
73522,9.1408794e-05
73529,0.0003692598
73533,0.9989268
73534,0.00026680913
73540,0.9861385
73541,0.0007586267
73545,0.99801624
73556,0.0017265568
73560,5.9218874e-05
73563,0.00036102877
73564,0.02244394
73569,0.00063235353
73571,0.92492163
73578,0.0007921681
73579,0.004953873
73580,0.99801624
73583,0.0026421605
73585,6.0682123e-05
73591,0.0002555331
73598,0.002420785
73600,0.00011234107
73608,4.134206e-05
73610,0.9989126
73612,0.0001241896
73620,3.9648723e-05
73623,4.1036154e-05
73624,0.9988894
73628,0.9980161
73638,0.0007329956
73640,0.0011810411
73641,0.0022633183
73649,0.047602203
73655,0.0063025486
73656,0.0026421605
73657,7.960512e-05
73659,0.99993837
73660,0.9989268
73661,0.0023542217
73665,0.00015769093
73671,0.0010143651
73679,0.0007329956
73681,0.9989126
73682,0.04823349
73688,0.99729437
73695,0.0007586267
73696,0.9989429
73698,0.9982407
73700,0.9935731
73701,0.9989268
73702,0.0003421833
73705,0.00012636476
73711,0.0023463874
73713,0.00013387854
73717,0.9973617
73723,0.0012203621
73724,0.0004662281
73729,0.99586606
73735,2.1882797e-05
73736,0.0028229323
73743,0.0014806116
73750,0.0018038462
73758,0.0014008611
73760,3.6269856e-05
73761,0.92515326
73762,0.001622241
73766,0.0015611858
73770,0.9980161
73781,0.0022438285
73782,0.9998952
73787,0.008579914
73789,0.0005940223
73791,0.99736834
73792,0.002482219
73793,0.04918605
73796,0.0017905248
73802,0.021099078
73806,0.9973031
73809,4.008819e-05
73813,0.92515326
73818,0.0014336148
73832,9.335632e-05
73834,0.0012404439
73837,6.0479753e-05
73838,0.9676077
73840,0.0014845802
73846,0.0029528516
73849,0.00035297291
73854,0.0014973368
73873,0.0016999551
73876,0.001428007
73878,0.9965519
73880,0.99388665
73884,0.0016270624
73885,0.9981123
73887,0.002571591
73891,0.0007642767
73892,0.04918605
73893,0.00020210612
73895,0.0001690361
73897,0.0013187759
73903,0.0007329956
73907,0.08237838
73908,0.001622241
73914,0.0007642767
73915,0.0011940998
73916,0.9989613
73920,7.30871e-05
73932,0.031180752
73933,0.00012695584
73936,0.002295948
73937,0.0014696738
73939,4.0659044e-05
73940,0.00060715835
73942,0.97249526
73943,0.04918605
73948,0.9986424
73949,0.0012203621
73951,0.0032641897
73955,0.0025812797
73956,0.99626887
73971,0.004982993
73972,0.001428007
73975,0.0003692598
73976,0.12146465
73984,0.00077526766
73985,0.0008004157
73986,0.00021709788
73989,0.00026553872
73991,0.018181052
73992,7.364034e-05
73993,0.99707913
73998,0.9975484
74000,0.9989268
74001,0.99994266
74003,0.00014434737
74008,0.0011306686
74009,5.2569845e-05
74010,0.0017265568
74011,0.0007586267
74016,0.99211663
74018,0.9958514
74019,0.121799804
74030,0.060757697
74033,0.026460117
74042,0.0015496535
74045,0.98466945
74050,0.9973219
74061,0.0010732659
74064,0.0015496535
74066,0.0005090517
74071,0.0014696738
74074,4.101088e-05
74075,0.0017265568
74083,0.0014806116
74086,0.0015611858
74090,0.0008948364
74093,0.0014420706
74101,0.0014973368
74104,9.088201e-05
74105,0.0047333622
74106,0.00025676764
74113,0.0015114638
74114,0.0015181684
74115,0.00077526766
74123,0.9908366
74130,0.0007586267
74133,0.0009252676
74135,0.9985979
74137,0.0007586267
74138,0.00030893364
74145,0.00016120328
74154,0.0008948364
74158,0.00078839815
74160,9.0961854e-05
74162,0.0024250145
74164,0.0026355968
74166,0.00021443848
74167,0.0007642767
74170,0.043983467
74173,0.0012244415
74176,0.0015611858
74177,0.9925869
74181,6.3851236e-05
74182,0.0015874594
74186,0.00052475114
74189,0.0029528516
74197,0.015263014
74201,0.001622241
74202,0.9975297
74209,0.00015769093
74210,0.99550027
74211,0.9989429
74215,0.0016145271
74216,2.4453206e-05
74217,0.0022343167
74221,0.0049906117
74226,0.001963382
74231,0.0007862198
74233,0.99827564
74234,0.9989613
74235,6.871594e-05
74237,0.04918605
74240,0.9935954
74247,0.0014200534
74248,0.049181134
74249,0.0016193258
74251,0.9956736
74252,0.99790597
74261,4.008819e-05
74263,0.0047938908
74265,0.9978218
74268,0.0043374845
74271,0.9907017
74273,8.529451e-05
74279,0.99993575
74281,0.00015972738
74284,0.0026267774
74287,0.04918605
74292,0.9977664
74296,0.0003066486
74297,0.0015139083
74298,0.03662924
74303,0.0014973368
74304,0.00022318237
74310,0.0028894958
74311,0.0014696738
74323,3.8323797e-05
74326,2.3784993e-05
74328,0.0019283767
74330,0.9958514
74331,0.0027071212
74332,0.00061147375
74339,9.328184e-05
74351,5.917676e-05
74352,0.99066776
74362,7.0716305e-05
74363,0.96050096
74371,0.0014242139
74374,0.0023542217
74375,0.99746275
74377,0.99841976
74378,0.9958514
74388,0.0007329956
74390,0.99732673
74395,0.00016499258
74398,0.0018744183
74400,0.9956736
74402,0.9975297
74403,0.00024291998
74407,0.002482219
74411,0.0007642767
74413,0.0014696738
74414,0.99571025
74420,7.241789e-05
74421,0.00025217302
74424,0.0007642767
74426,0.0014973368
74427,0.9984628
74428,0.00084634754
74434,0.0005127393
74435,0.9963548
74438,0.00824218
74440,0.0016145271
74443,0.00016906396
74446,0.00010050917
74454,0.04918605
74456,0.04918605
74471,0.9957675
74478,0.0007642767
74480,0.9773381
74481,0.9968477
74482,0.0154756745
74490,0.9972493
74492,0.00043372472
74500,0.0025079504
74502,0.99793977
74503,0.0014696738
74507,0.0009755828
74511,0.002420785
74519,0.99663574
74520,0.9923348
74523,0.00029628375
74525,0.000264473
74527,5.166487e-05
74534,0.9909623
74537,0.0014270045
74544,0.0013416448
74549,0.0014806116
74559,0.0046505122
74562,0.00025217302
74567,0.0023542217
74570,0.0010694294
74587,0.0014696738
74588,3.9648723e-05
74593,6.1491715e-05
74607,0.929733
74608,0.0016145271
74609,0.0014696738
74613,0.9957675
74616,0.92515326
74629,0.0079306485
74630,0.92515326
74632,0.9956736
74634,0.001106057
74635,0.9989429
74637,0.9984628
74639,0.000264473
74643,0.0024250145
74645,0.0009835463
74650,0.04918605
74678,0.00051447406
74680,0.9935731
74685,0.99993527
74688,0.00019444959
74693,0.0018168353
74702,0.049914684
74706,0.0025597077
74709,0.00039126707
74716,0.60994256
74721,0.0018297082
74722,0.047602203
74727,0.0007586267
74728,0.9956736
74729,0.9989613
74732,0.9989268
74739,0.0019417236
74744,0.99827564
74745,0.0015139083
74767,0.00021443848
74769,0.99994266
74771,0.0007581598
74795,0.0014696738
74804,0.0015611858
74805,0.0015496535
74809,0.0017530323
74810,0.0001241896
74813,0.0018255137
74815,0.99740773
74823,6.9631715e-05
74826,0.00010794276
74829,0.002295948
74836,0.025315275
74837,0.9821016
74838,0.0014932076
74839,0.0021375604
74840,0.00015769093
74855,7.30871e-05
74859,0.00077526766
74862,0.047602203
74864,0.0022061067
74872,5.358803e-05
74875,0.0007862198
74877,0.0014696738
74879,0.0011764041
74880,0.0014428879
74883,0.0023463874
74889,0.97361803
74895,0.00019047798
74907,0.0023463874
74914,8.529451e-05
74915,0.00087791815
74919,0.0028894958
74920,0.04823349
74921,3.9648723e-05
74931,0.0009755828
74937,0.0015611858
74938,0.0023368595
74939,0.0014696738
74940,0.99529016
74942,0.9987784
74943,0.0015496535
74947,0.018005367
74954,0.99089676
74956,0.92515326
74958,0.00090638216
74960,0.9965519
74961,9.384222e-05
74969,0.0009755828
74970,6.301148e-05
74973,0.0007921681
74974,0.00039126707
74976,0.0003692598
74979,0.99801624
74980,0.99578863
74981,0.0007586267
74983,0.99946195
74984,0.0014816646
74988,0.051485408
74993,0.00017076544
74995,0.0010875621
74997,0.0009828471
75001,0.99206877
75006,0.0024739595
75007,0.0007862198
75015,0.0023789315
75017,0.95965654
75024,3.058717e-05
75026,0.00078839815
75029,0.0011940998
75037,0.021569915
75038,0.00047875821
75040,0.0011445519
75045,0.0015496535
75046,0.0008948364
75056,0.00074111414
75057,3.6624937e-05
75062,0.049568057
75063,0.0015496535
75065,5.917676e-05
75070,0.9965519
75074,3.464106e-05
75076,0.00022599802
75077,0.00077526766
75083,0.99335504
75085,0.0007432013
75090,0.0014357707
75093,0.0035092765
75094,0.00052650645
75097,0.00015520953
75098,0.9946414
75107,0.9989429
75109,4.134206e-05
75111,0.9999454
75112,0.000198021
75118,0.0079306485
75124,0.9989613
75125,0.9980709
75136,0.0005127393
75166,0.00026553872
75171,0.0015496535
75181,0.99993527
75186,0.00026114302
75190,0.92492163
75199,0.00077526766
75202,0.0010911978
75204,7.2068266e-05
75206,0.99866414
75207,0.047602203
75211,0.00078839815
75218,0.99800545
75227,0.0005080008
75228,4.2621163e-05
75232,0.9946414
75234,0.0007371039
75235,0.0011940998
75238,0.9978514
75241,0.99703693
75251,0.0011940998
75252,0.00078839815
75253,0.0005209565
75256,0.04823349
75258,0.0014806116
75270,0.0002555331
75272,0.001055571
75275,0.99475765
75276,0.92492163
75282,0.0016473861
75285,0.0015678656
75289,0.9971384
75290,0.9988894
75294,0.0046848585
75299,0.00042469607
75307,0.00011555427
75316,0.9989429
75317,0.99098045
75332,0.04306625
75333,0.0017400855
75334,0.9911953
75338,4.134206e-05
75339,0.00061147375
75345,0.98922753
75348,0.0024225046
75356,0.00011409518
75357,0.0007862198
75370,0.0047871796
75377,0.0021316754
75379,0.0036083008
75380,0.9989268
75382,0.0010117915
75388,0.0023542217
75389,6.154082e-05
75390,0.99994576
75395,3.9648723e-05
75397,0.0007642767
75400,7.30871e-05
75401,0.0016193258
75402,7.3289644e-05
75403,0.052615233
75407,3.058717e-05
75409,6.154082e-05
75413,7.7613564e-05
75416,0.95965654
75424,7.30871e-05
75432,0.04918605
75440,0.0009755828
75441,0.72523546
75442,0.052615233
75446,0.00026821112
75451,0.0009479107
75456,0.96015036
75459,0.92515326
75460,0.0007642767
75461,0.0014806116
75462,0.0007642767
75465,0.92492163
75470,0.00077526766
75474,0.0045560724
75475,0.0021452224
75477,7.30871e-05
75478,0.051485408
75480,0.00039126707
75483,0.99801624
75486,0.00019243032
75487,0.00019726533
75489,0.00060715835
75491,0.0003326696
75499,0.04918605
75504,0.0006494342
75506,0.04918605
75508,0.97307533
75511,0.0007586267
75515,9.1846196e-05
75516,7.804864e-05
75526,0.0007586267
75531,0.0014696738
75533,0.030079337
75534,0.0014696738
75535,0.92515326
75536,0.04918605
75543,0.00023390488
75551,0.99081844
75552,0.0014696738
75554,0.9989429
75555,0.9946414
75558,0.0009755828
75562,0.0023642145
75569,0.0007586267
75572,0.00091475225
75577,0.00047004884
75589,8.557991e-05
75595,0.00020265859
75596,2.3630146e-05
75600,0.000390955
75602,2.514719e-05
75610,0.02913418
75617,0.9935731
75624,0.9973653
75626,0.998836
75628,0.9195972
75630,0.0018168353
75633,0.00011555427
75637,2.379847e-05
75639,0.002254199
75645,0.0015496535
75647,0.0023702201
75649,0.99858874
75652,8.886695e-05
75653,0.0010631138
75658,0.9978771
75659,0.0025977546
75662,0.00059607654
75663,0.99992466
75668,0.99743587
75669,0.0013885755
75678,0.001428007
75679,0.0014806116
75683,0.04823349
75685,0.04918605
75689,0.0016193258
75692,0.9946807
75693,0.003445066
75701,0.0023526566
75709,0.0012160346
75717,0.00043607244
75719,0.99437225
75720,0.99858874
75729,0.002035797
75736,0.00078839815
75738,0.0005940223
75748,0.9826888
75774,0.0010285925
75778,0.0003066486
75781,0.0005127393
75786,0.0008263647
75793,0.9989613
75799,0.0007642767
75802,0.0017047914
75808,0.0007329956
75809,0.0015612674
75814,0.99447495
75822,0.0010911978
75824,0.0023542217
75828,0.047602203
75829,0.00060715835
75830,0.75723195
75837,0.0008948364
75840,0.04918605
75842,3.794888e-05
75845,0.99635977
75849,0.0015122773
75850,0.92515326
75855,0.0015496535
75858,0.008347201
75860,0.99827564
75873,0.0011458353
75876,0.98478186
75883,0.99641573
75884,2.379847e-05
75885,2.0656136e-05
75888,0.0013663156
75891,0.0010660163
75893,0.0009754792
75894,0.0014398113
75896,0.007892611
75899,0.00824218
75902,0.9989613
75904,0.0003066486
75906,0.99993837
75910,7.84756e-05
75918,0.00015769093
75920,0.0015610452
75924,0.049157284
75925,0.9980161
75926,0.0014200534
75929,0.0007586267
75933,0.99828136
75936,0.00010453181
75939,0.0014696738
75943,0.92002606
75947,0.99993837
75950,0.002651296
75952,0.0003066486
75965,0.0021375604
75967,0.00026742546
75977,0.0011764041
75984,0.99737537
75986,3.7638063e-05
75997,0.0014696738
76001,0.0015611858
76008,0.0014549895
76011,6.4867876e-05
76013,0.0015496535
76019,0.99409443
76020,0.0003623088
76022,6.608554e-05
76023,0.0021160266
76040,0.98520386
76044,0.0009815351
76046,0.00079847197
76052,0.00039284184
76054,0.99475765
76055,0.04810443
76056,0.0018168353
76062,0.0005145148
76065,0.0015659082
76073,0.049568057
76079,5.1774365e-05
76080,0.9989429
76083,0.00097406004
76084,0.99790597
76085,0.00015236
76087,6.0411618e-05
76088,0.0015496535
76090,0.0012244415
76091,0.00073252356
76092,0.0016193258
76097,0.00060267944
76103,0.0015111306
76104,0.000114006434
76110,0.017614923
76112,0.0007586267
76113,0.00026553872
76120,0.0007862198
76123,2.3021257e-05
76124,0.0014696738
76127,0.001370984
76129,0.001585322
76135,0.92515326
76138,0.04918605
76141,0.9801892
76142,0.0015496535
76145,0.0012244415
76151,0.00077526766
76153,0.9989429
76160,0.00020173512
76163,0.0016733364
76166,0.0014696738
76171,7.84756e-05
76172,0.0007371039
76190,6.871594e-05
76191,0.0015494891
76196,0.00078839815
76200,2.5055413e-05
76205,0.98478186
76210,0.99990547
76211,0.04918605
76215,0.00017076544
76220,0.0062571373
76222,0.99743587
76223,6.7205525e-05
76224,0.0028676277
76225,0.0015496535
76227,0.002482219
76230,0.0007849187
76234,6.301148e-05
76240,0.0011877657
76254,0.9989429
76256,0.004977849
76259,0.0016193258
76260,7.364034e-05
76261,0.052615233
76264,0.0015865996
76283,0.00056015205
76284,6.154082e-05
76287,0.00026553872
76288,0.0015114638
76296,0.00010794276
76299,0.002420785
76301,0.9988859
76302,0.0012203621
76303,0.0007432013
76304,0.0018088252
76305,0.9980709
76310,0.97343636
76317,0.07382138
76319,7.055815e-05
76322,0.0007586267
76324,0.99800545
76325,0.0013334106
76328,0.047602203
76329,0.9957675
76333,0.0003066486
76334,0.0015189737
76340,0.92515326
76342,0.99140304
76348,0.0005940223
76350,2.379847e-05
76356,0.052615233
76364,0.00094262854
76368,0.00077526766
76372,0.0009835463
76373,0.00012283788
76378,0.99873215
76384,0.99641573
76386,0.00052650645
76391,0.99853075
76393,0.99801624
76394,0.002571591
76403,0.99993837
76413,0.0022081987
76417,0.0012244415
76420,0.0017400855
76424,0.001255799
76429,0.000113463524
76430,0.0016145271
76433,0.97846735
76447,0.002897343
76455,0.003445066
76472,0.00017076544
76474,0.047602203
76476,3.0309491e-05
76483,0.002318781
76484,0.00026821112
76488,0.99889815
76502,0.0014331363
76503,0.008781031
76507,0.00029990356
76511,0.0007586267
76513,0.00017456897
76517,0.00013392145
76519,0.0023463874
76522,0.9924408
76527,0.051485408
76533,0.0026763373
76534,0.0014696738
76544,0.00074111414
76545,0.9989015
76548,0.04918605
76549,0.9985292
76553,0.0026462877
76555,0.00077526766
76557,0.0014973368
76558,0.001106057
76560,0.99790597
76572,0.0006494342
76573,0.9956878
76575,4.134206e-05
76580,0.00030893364
76581,0.99808806
76591,0.9989268
76592,0.0019157606
76597,0.0014357707
76598,0.99889815
76609,0.02913418
76612,0.9989429
76615,6.48458e-05
76616,0.04918605
76618,0.99845374
76620,0.0014806116
76625,3.749101e-05
76630,0.0007586267
76634,0.99993527
76635,0.9181103
76638,0.99891806
76639,0.0013880493
76640,0.04918605
76641,0.0007642767
76642,0.9848787
76660,0.0007921681
76663,0.008347201
76670,0.9986625
76672,0.00019726533
76675,0.0007642767
76682,0.047602203
76684,0.9973031
76687,0.0029528516
76688,0.0009557501
76689,0.001622241
76691,0.99805933
76692,0.00017076544
76699,0.0017905248
76706,0.9980161
76708,0.99140304
76709,7.5722935e-05
76713,0.0015611858
76714,0.00030661616
76716,0.008974887
76730,0.9934034
76732,0.998836
76736,0.9910159
76737,0.0005126257
76738,0.9731382
76752,0.99388665
76754,0.0048740343
76758,0.99889815
76766,0.98520386
76768,0.0005052068
76769,0.99720085
76771,0.0007975732
76775,0.99773836
76778,0.002482219
76783,0.04918605
76790,0.99743587
76791,4.1036154e-05
76796,0.07382138
76800,0.9958514
76802,0.00011555427
76804,0.9968556
76812,0.998445
76815,0.0021038153
76816,0.99858874
76818,0.02897702
76824,0.013104376
76825,0.9989268
76826,0.00074907474
76828,0.0016270624
76829,0.92492163
76832,9.466786e-05
76836,0.0012244415
76838,0.043983467
76847,0.9927664
76857,7.84756e-05
76862,0.0019643062
76865,0.0022875704
76871,4.1036154e-05
76872,0.04918605
76873,7.2068266e-05
76874,0.00094262854
76876,0.9946414
76882,0.99787223
76887,0.0014200534
76888,0.0007586267
76889,0.0009981946
76893,0.0015611858
76894,0.0021084112
76901,0.99833566
76913,0.04918605
76922,0.0008980159
76923,0.9988894
76927,0.0007586267
76934,0.0010143651
76938,0.979882
76942,0.99571025
76943,0.00088540494
76945,0.0016907654
76949,0.00132055
76955,0.00016120328
76956,0.0001306342
76972,0.99993837
76976,0.03271087
76978,0.00047004884
76984,0.0001314563
76986,0.0015496535
76992,0.92515326
76998,0.99827564
76999,0.0025079504
77009,0.99365425
77010,0.0005940223
77012,0.0014696738
77018,0.0007586267
77022,0.002295948
77023,0.002571591
77025,0.04918605
77030,0.9963548
77038,0.00078839815
77041,0.9907017
77045,9.043617e-05
77053,0.0007642767
77059,3.5341956e-05
77061,4.1036154e-05
77065,0.0010328277
77066,0.0023702201
77069,0.9877879
77077,0.00073975336
77082,0.002571591
77087,0.00019444959
77092,0.9587418
77095,0.0036271373
77101,0.978303
77108,0.0003623088
77119,0.00091475225
77123,3.2193104e-05
77124,4.103185e-05
77129,0.008804786
77130,0.0011343305
77131,0.0016941468
77135,0.00013387854
77139,0.0014270045
77141,0.00015631558
77147,0.92351866
77149,0.9894599
77151,0.008781031
77152,0.9918573
77165,0.0012507543
77166,0.9978514
77169,0.99841976
77171,0.9989268
77172,0.00052475114
77175,0.9989429
77177,0.00064914336
77179,0.97283316
77185,4.1036154e-05
77187,4.134206e-05
77190,0.0014428879
77197,0.0015114638
77199,0.002482219
77200,0.99773836
77205,0.00071546185
77206,0.0028894958
77207,0.9771394
77209,0.99835724
77214,0.00039126707
77217,0.0009755828
77219,0.99889815
77220,0.0024250145
77221,0.054206036
77222,0.00078839815
77226,0.0009828471
77229,0.00077526766
77230,0.9984397
77234,3.794888e-05
77242,0.9956736
77244,0.0003692598
77249,0.00020502292
77254,0.9989429
77256,0.04810443
77271,0.00010130097
77272,0.0049906117
77276,0.0028894958
77281,4.1036154e-05
77282,0.00010212451
77285,0.0015496535
77290,0.00046555666
77302,0.0023702201
77304,0.9980161
77306,0.99736834
77310,0.99450666
77315,7.71289e-05
77326,0.0007732357
77328,0.0009808452
77338,7.666282e-05
77339,0.000264473
77367,0.00011555427
77375,0.00013946748
77376,0.03599328
77377,0.0007908123
77379,2.3784993e-05
77383,4.1036154e-05
77388,0.998708
77390,0.99790144
77393,0.9800137
77394,0.052615233
77399,0.9989268
77404,6.585836e-05
77406,0.0007921681
77407,0.00042841033
77410,0.0007921681
77415,0.99889815
77423,0.002482219
77426,9.472376e-05
77431,0.0003066486
77433,0.0005458047
77445,0.9935731
77453,0.0008948364
77455,0.9988859
77459,0.000113463524
77469,0.00014756256
77475,0.0007862198
77476,0.0013187759
77477,0.97749454
77479,0.9728606
77483,0.0022871154
77494,0.00019629381
77495,0.0014428879
77497,0.99889815
77511,0.0011458353
77515,0.0015496535
77516,0.0003066486
77518,0.0007642767
77523,0.9956736
77529,0.00019243032
77533,0.0028894958
77534,0.0014200534
77541,0.001106057
77549,0.0003822316
77553,0.0017905248
77559,0.021485249
77563,0.0016383883
77564,0.99736834
77571,0.92492163
77581,0.9980161
77586,0.99845374
77587,0.0016155259
77589,0.00017076544
77595,0.9982888
77600,0.9989613
77601,0.0008263647
77603,0.0008948364
77609,6.1420105e-05
77610,2.3784993e-05
77619,0.00078839815
77623,6.701979e-05
77625,6.154082e-05
77626,0.0014806116
77632,0.9978119
77635,0.00013946748
77657,0.0015865996
77668,0.000198021
77672,0.00043099833
77674,0.00016120328
77682,0.0014806116
77697,0.9989429
77699,6.567367e-05
77700,0.00025339134
77707,0.99736834
77711,0.99659544
77714,0.06502561
77716,0.00021719333
77717,0.0018255137
77721,0.0007329956
77737,0.000264473
77739,0.0077372957
77741,0.029969867
77742,0.04810443
77746,0.00077526766
77747,3.430521e-05
77749,0.0014973368
77759,0.045773223
77764,0.9989429
77771,0.9989429
77776,0.00078839815
77780,0.9989429
77785,0.0043374845
77786,2.3698187e-05
77789,0.0022871154
77793,0.0011855243
77794,0.99794847
77801,3.7419355e-05
77807,0.9989015
77817,0.04918605
77823,0.00075737125
77827,0.9978514
77834,0.0043400014
77835,0.0004128325
77836,9.372007e-05
77838,0.00077526766
77849,0.0007586267
77854,0.98413044
77855,0.0061014043
77862,0.0049533485
77865,0.0011961887
77870,0.99995744
77871,0.00063235353
77877,0.9903504
77888,0.000399868
77892,0.00051018543
77895,0.0012371506
77899,0.0062018773
77910,0.92515326
77924,3.430521e-05
77926,0.00041863165
77931,0.04918605
77933,0.039130367
77946,0.97871166
77948,0.0007862198
77949,0.004357406
77959,0.99529016
77962,3.1862477e-05
77965,0.99515414
77976,0.00146877
77979,0.00013366132
77982,0.9968477
77987,0.00010360782
77996,0.9969817
77998,0.99737537
78001,0.00026821112
78009,0.00019088287
78011,0.9979215
78015,0.99686474
78017,0.99993944
78027,4.3182845e-05
78031,0.99815637
78034,0.9957675
78036,0.9923348
78039,4.1036154e-05
78040,0.0014270045
78041,0.9989429
78044,0.0008948364
78045,0.00051434955
78046,0.0005052068
78049,3.8025606e-05
78055,0.0009828471
78057,0.00025836483
78061,0.99659544
78073,0.00074111414
78079,0.9946414
78080,7.6422686e-05
78083,0.00146877
78088,0.9965519
78092,0.001164768
78094,0.993543
78100,0.92515326
78103,0.008974887
78105,0.00018995834
78116,0.0007586267
78117,9.356362e-05
78121,4.1036154e-05
78128,0.002700886
78130,0.00051018543
78131,0.0023196242
78133,0.00086460734
78138,0.04810443
78140,0.99992764
78142,0.04918605
78145,0.00824218
78147,0.9989268
78150,0.99628687
78151,0.0016696078
78152,4.1036154e-05
78154,0.0029291485
78161,0.99994457
78163,0.0009755828
78167,0.00019147967
78169,0.00021761162
78172,0.00017456897
78174,0.00019444959
78176,0.0008948364
78178,0.0014696738
78180,0.99894303
78182,0.0007921681
78184,0.00030893364
78196,0.00073975336
78197,5.999207e-05
78199,0.0005184381
78205,0.00078839815
78220,9.418908e-05
78223,0.00052650645
78226,3.9648723e-05
78238,0.00077526766
78240,0.9939156
78244,0.0010024227
78245,0.99196386
78246,0.0011940998
78249,0.9935954
78252,0.0013958293
78256,0.0010033376
78258,0.04306625
78259,3.070372e-05
78266,0.8025122
78270,0.998708
78274,0.04918605
78279,0.00021443848
78289,4.3628395e-05
78291,0.0015496535
78302,0.99336904
78305,0.0015496535
78306,0.99935144
78307,0.8025122
78326,0.0007329956
78328,0.0014695177
78329,0.9980161
78331,0.92515326
78332,0.99864286
78333,0.086532414
78337,0.0018929365
78338,8.274155e-05
78339,0.0007862198
78347,0.0001546669
78348,0.9908174
78355,0.00012218846
78359,0.0016738384
78365,0.047602203
78366,0.0016270624
78368,0.9530182
78379,5.8732738e-05
78385,0.047856454
78388,0.00021761162
78399,0.0024225046
78400,0.00047004884
78401,0.002295948
78403,0.00074111414
78405,0.0012244415
78409,0.002270876
78412,0.04918605
78419,0.92351866
78423,3.794888e-05
78425,0.9989429
78427,0.98520386
78429,0.0015290356
78432,0.04810443
78435,0.0014286491
78437,9.1846196e-05
78439,0.00824218
78444,0.9989496
78450,0.99778
78457,0.0017754929
78459,0.00032452992
78462,0.9989613
78464,0.99509156
78465,0.00030661616
78469,0.92492163
78477,8.838893e-05
78480,0.0016121854
78484,0.9980161
78487,4.134206e-05
78492,0.99659544
78494,0.0017400855
78500,0.04918605
78501,0.9956736
78504,0.0007642767
78505,0.000264473
78516,0.0014806116
78517,0.0007329956
78521,0.0008948364
78535,0.0004911637
78545,0.00026821112
78547,6.701979e-05
78550,0.9965519
78551,0.0045538456
78554,3.058717e-05
78566,0.0024739595
78568,0.96720505
78570,6.608554e-05
78575,0.00078839815
78577,0.00060715835
78584,0.9984628
78585,0.00011164222
78590,0.030444909
78591,0.0018038462
78602,0.00011555427
78604,0.9989015
78605,0.99993837
78607,0.00011555427
78613,0.00077526766
78617,0.00016120328
78619,0.97666556
78626,0.0007642767
78629,0.0014357707
78636,9.466786e-05
78637,9.261946e-05
78638,0.052615233
78648,0.0007404153
78657,0.0014096019
78660,0.0026333705
78661,0.99050903
78669,0.0014973368
78671,0.00017076544
78679,0.00094262854
78681,0.052615233
78682,0.99641573
78686,0.004126378
78687,6.0265065e-05
78694,0.0012507543
78705,0.9945708
78706,3.0287936e-05
78707,0.0015496535
78711,9.8640085e-05
78719,0.9919424
78723,2.3128601e-05
78729,0.0007790249
78735,0.9958514
78743,0.9989429
78745,0.9861385
78746,0.0012860995
78747,0.9956736
78755,0.002571591
78756,0.9946414
78762,0.99891806
78764,0.0009530667
78775,0.00017740276
78776,0.000264473
78777,0.00019088287
78778,0.0007586267
78790,9.261946e-05
78792,0.0004340709
78794,0.00077526766
78795,0.0028721318
78798,7.2068266e-05
78801,0.0012244415
78804,0.00077461224
78808,0.99865085
78809,0.99648166
78812,6.0852726e-05
78813,0.95965654
78814,0.00019088287
78816,9.1408794e-05
78831,0.0012203621
78832,0.0017939337
78840,0.9980355
78841,0.0014696738
78855,0.9969817
78862,4.1036154e-05
78865,0.0002105423
78867,0.99827564
78871,0.0004662281
78885,0.0008948364
78890,0.00047004884
78891,0.99659544
78893,0.972705
78898,0.0017265568
78902,0.00078839815
78909,0.0015057228
78915,0.0013941706
78916,0.92492163
78922,0.0007750139
78923,0.0004933376
78929,0.997389
78936,0.0002121961
78937,0.03538813
78940,0.0023542217
78942,0.00095131714
78945,0.9935731
78946,0.00061479677
78948,0.00014756256
78952,0.0015496535
78954,0.00036131695
78957,4.137148e-05
78962,0.7317492
78964,0.0008808538
78970,0.99562776
78971,0.0028894958
78974,0.0012203621
78975,0.9999454
78979,0.00014756256
78982,0.04918605
78988,0.99993837
78995,0.0015496535
78998,3.0287936e-05
79007,0.0013450562
79010,0.99993086
79012,0.99858874
79015,0.9998987
79016,0.0017400855
79018,0.9935731
79019,0.002571591
79025,0.00075104146
79027,0.98905724
79031,0.0032188273
79047,0.000797006
79048,0.0013324629
79051,0.9956736
79057,0.0013940843
79058,0.9988894
79065,0.086532414
79069,0.00059607654
79071,0.0038866266
79076,0.99863964
79083,0.0018255137
79086,0.99659544
79091,0.9999181
79092,0.99206877
79093,0.0002515043
79104,0.00010714758
79107,0.0014696738
79113,3.8323797e-05
79116,0.00015236
79120,0.00026821112
79125,0.99889815
79135,0.0022999605
79136,0.0035100002
79138,0.0015496535
79147,6.533666e-05
79154,6.0682123e-05
79164,0.99801624
79169,0.0034271
79175,0.00020609975
79179,0.9999062
79180,0.0014200534
79182,2.379847e-05
79183,0.99743587
79184,0.0007371039
79186,0.0016193258
79187,0.9718945
79190,0.0011306686
79194,0.0080786
79195,0.9676077
79196,0.001622241
79202,0.002318781
79203,0.0014199181
79204,0.99096537
79206,3.464106e-05
79212,0.0022871154
79221,0.0003692598
79222,0.0013187759
79236,4.9898776e-05
79239,0.0027966816
79240,0.9848702
79244,0.000198021
79245,0.00036131695
79247,0.00039126707
79249,6.608554e-05
79252,0.9984628
79254,0.719665
79263,0.00061692274
79265,0.0018168353
79266,0.9973031
79270,0.00013946748
79271,0.00078839815
79274,0.002482219
79276,7.3289644e-05
79280,0.002295948
79283,0.000264473
79292,0.0003066486
79294,0.9989613
79299,0.002489178
79300,0.0014973368
79301,0.00036131695
79302,0.00030645978
79306,0.0011532453
79307,3.546022e-05
79309,0.92492163
79311,0.0016193258
79314,0.99654824
79316,0.002482219
79317,9.418908e-05
79318,0.9989293
79320,0.0007642767
79321,4.1036154e-05
79324,0.0009828471
79325,0.99206877
79330,7.294478e-05
79334,0.00073975336
79335,0.0007586267
79338,0.007972035
79339,0.9913543
79342,0.0007329956
79345,0.9989429
79349,0.97748387
79350,0.00089103205
79364,0.9999374
79375,0.0009755828
79378,0.04823349
79379,0.000264473
79390,7.3289644e-05
79401,0.00020415778
79403,0.0014696738
79405,0.00011555427
79409,0.0016429236
79417,0.9987614
79419,0.99365425
79430,0.0010626809
79431,0.0021038153
79436,3.9648723e-05
79441,0.00015769093
79442,0.04255554
79443,0.92515326
79449,7.30871e-05
79450,0.0024739595
79451,0.9999138
79458,0.00018371186
79465,0.00076482067
79467,0.00023692535
79477,0.0006494342
79478,0.9975297
79481,7.84756e-05
79486,0.9935731
79489,0.0014806116
79495,0.00026821112
79508,0.0010805329
79514,0.00078839815
79515,0.0014696738
79521,0.0012764612
79522,0.9988894
79523,0.04918605
79527,0.00074111414
79535,0.00026121573
79536,0.9989015
79538,0.0027757538
79540,0.0007790249
79543,7.2068266e-05
79550,0.0007329956
79551,0.99507904
79553,0.0013257476
79556,0.0017460246
79557,0.00038890995
79564,0.002343234
79569,6.154082e-05
79574,0.9989293
79575,0.00025552482
79576,0.9989268
79583,0.99858874
79584,0.0001241896
79587,0.9959038
79589,0.0014696738
79594,0.72523546
79595,3.5021083e-05
79596,0.9987614
79599,0.99385965
79601,0.0015612674
79604,0.0014973368
79607,0.0002555331
79609,0.9935731
79611,0.97614336
79616,0.9946414
79619,0.98520386
79620,0.0007586267
79622,0.0007790249
79624,0.9957675
79626,0.00017763925
79637,0.0017844355
79639,0.00015461424
79640,0.0014696738
79642,0.9946414
79655,0.0001786782
79663,0.00036131695
79667,0.0014806116
79671,0.0014696738
79680,0.9950595
79687,0.0015496535
79692,0.00026553872
79695,0.99317956
79697,0.0017348048
79702,0.002295948
79705,0.92515326
79707,4.1036154e-05
79711,0.9987614
79712,0.0025767782
79713,0.9861385
79715,0.008781031
79716,0.0002771449
79717,0.9989429
79722,0.0014398113
79725,0.0025767782
79731,4.1036154e-05
79733,0.92515326
79735,0.0006494342
79751,4.1036154e-05
79755,0.0043400014
79756,0.0015494891
79757,0.0015496535
79764,0.99571687
79769,0.0012244415
79770,0.00016120328
79773,0.99578863
79779,9.1408794e-05
79780,0.0048535583
79793,0.9989613
79794,0.0014973368
79795,4.1036154e-05
79799,0.04918605
79800,0.0007921681
79805,0.0003066486
79808,0.00030893364
79810,0.99845374
79815,0.0002657558
79819,7.954843e-05
79823,0.0015937141
79825,6.608554e-05
79828,3.9648723e-05
79835,0.9989429
79840,0.0016696078
79843,0.0014428879
79847,0.0009810238
79850,0.00824218
79855,8.896615e-05
79863,0.0014696738
79867,0.99890983
79871,6.608554e-05
79876,0.001428007
79880,0.00012283788
79884,0.0019283767
79889,5.917676e-05
79897,0.0023702201
79898,0.0007642767
79901,0.0007586267
79907,0.001622241
79909,0.99743587
79918,0.031729843
79919,0.0015139083
79925,0.9546861
79931,0.0016270624
79934,0.9537233
79936,0.00016120328
79947,0.0007642767
79952,0.9981828
79954,0.00077526766
79959,0.0016234075
79965,0.95194197
79970,0.99737537
79974,0.92515326
79978,0.92106575
79979,0.0022871154
79980,0.92515326
79987,0.00016890687
79996,0.98248714
80000,0.99507904
80002,3.9648723e-05
80007,5.928035e-05
80013,0.9846941
80014,0.00014845819
80028,0.00161004
80031,0.00146877
80036,6.092577e-05
80041,2.5161438e-05
80044,5.928035e-05
80048,0.002482219
80067,0.99437225
80075,0.0022683977
80076,0.0001556258
80078,0.00021057102
80079,4.1036154e-05
80081,0.9978119
80083,0.004953873
80086,0.0011234639
80088,0.00022421895
80091,0.0007586267
80095,3.7057634e-05
80097,0.04810443
80106,0.9988894
80113,0.0012244415
80117,0.0023463874
80119,0.03599328
80120,0.00043099833
80125,0.051485408
80126,0.00017297073
80127,0.92492163
80134,0.9965519
80137,0.00029956666
80139,0.0017530323
80143,0.00031651385
80146,0.0023463874
80151,2.9576604e-05
80154,0.9967674
80160,0.0029528516
80162,0.0008741823
80164,0.0007642767
80165,0.0009835463
80170,0.00016100434
80171,0.99434495
80172,0.00011504412
80173,0.9988894
80175,0.0014696738
80176,0.9891139
80177,0.00077526766
80179,0.0015496535
80180,0.026156103
80186,0.0015496535
80188,0.00074111414
80191,3.3815788e-05
80193,0.0017569135
80199,0.0008948364
80200,0.00074111414
80204,0.9978514
80207,0.0022975795
80209,0.0014973368
80213,0.00020095128
80214,0.001894944
80215,0.0007642767
80217,3.9648723e-05
80218,0.00016120328
80219,0.0008948364
80224,0.00077526766
80225,0.9946414
80227,0.9935731
80229,2.5161438e-05
80230,0.9965519
80232,0.0008948364
80233,0.0012203621
80245,0.0014696738
80254,0.00015260353
80260,0.000113463524
80265,0.9989429
80268,0.9934034
80271,2.4310717e-05
80276,0.0015496535
80283,7.2068266e-05
80286,0.00063235353
80287,0.9989429
80290,0.00077526766
80292,0.004768329
80297,0.0010033376
80298,0.99994314
80302,9.335632e-05
80305,0.0009441854
80309,0.0006344407
80318,0.9913543
80324,0.0014806116
80326,0.99967515
80332,0.9989429
80333,0.00015631558
80336,0.00077526766
80337,0.0014200534
80346,0.0015941717
80350,0.99864286
80362,0.0021375604
80369,0.0010631138
80370,4.1036154e-05
80376,0.000109983695
80378,0.0015937141
80379,0.9958514
80381,0.0015496535
80382,0.0007862198
80384,0.0025767782
80386,0.9989293
80388,9.261946e-05
80390,0.0014696738
80398,0.0015496535
80402,0.0017348048
80403,0.9958514
80407,0.0011940998
80414,0.0018168353
80423,0.9999454
80425,0.9932995
80426,0.99992716
80430,0.0007586267
80433,0.0026421605
80439,0.0017300902
80440,4.1036154e-05
80443,0.0007586267
80446,0.00077526766
80454,0.0026333705
80455,0.9227146
80465,0.0025496702
80467,0.0010820945
80468,0.002420785
80480,4.1036154e-05
80482,0.0007642767
80487,0.08507996
80493,3.058717e-05
80499,0.00021300836
80505,0.99787855
80507,0.0011940998
80508,0.00030041093
80511,0.0014696738
80513,0.9946414
80518,0.001106057
80523,0.00036131695
80525,0.000114006434
80531,0.00015769093
80535,0.04918605
80540,0.043983467
80545,7.2068266e-05
80559,0.00065410876
80565,0.00020669171
80566,0.00051018543
80567,0.00078839815
80572,0.92002606
80574,0.001789551
80578,6.99363e-05
80579,0.001106057
80580,0.0007586267
80581,0.0022130841
80584,0.0015114638
80587,4.1036154e-05
80588,0.002270876
80589,0.0018449295
80594,2.299383e-05
80596,0.9980161
80597,0.000264473
80599,0.0010875621
80601,0.96570086
80609,0.0031310979
80614,0.92351866
80625,0.0014696738
80631,0.9999393
80633,0.0007586267
80634,0.0007586267
80640,0.9989429
80641,0.006272209
80648,0.0010143651
80652,3.797589e-05
80654,0.9978514
80663,0.0016145271
80665,3.8323797e-05
80667,0.0007581598
80669,7.675309e-05
80670,0.0007642767
80671,0.98248714
80672,0.0019157606
80674,0.9932468
80677,0.9981828
80683,2.4580182e-05
80692,0.00073975336
80694,0.99994266
80695,0.9988859
80703,0.04918605
80704,0.0014973368
80710,0.9988211
80713,0.0017569135
80716,0.00021719333
80724,0.0862687
80725,0.0016193258
80727,0.9935959
80731,0.00016712732
80735,0.99743587
80742,0.0024739595
80743,0.00015666624
80746,0.0021038153
80748,0.0014696738
80750,0.0049423287
80755,0.00019211098
80760,9.418908e-05
80764,0.9980568
80766,0.0014478017
80772,9.143103e-05
80773,0.000628312
80784,0.0024018772
80788,0.99726945
80793,0.028517388
80794,0.0048740343
80796,0.002482219
80798,0.00026553872
80805,0.008347201
80812,0.00077526766
80821,3.4036795e-05
80825,0.0005127393
80826,0.0011697197
80827,0.0007586267
80829,3.546022e-05
80834,0.0009479107
80840,0.9854939
80841,0.0008269527
80842,0.0009755828
80844,0.0015678656
80847,0.00021443848
80848,0.0015611858
80850,0.0011949491
80852,0.99758255
80854,0.00026680913
80858,0.002389028
80860,0.00030893364
80861,0.0018168353
80862,0.0008359652
80863,0.0028894958
80865,0.0034271
80875,0.0023542217
80878,0.9973617
80879,0.03759051
80885,0.0023542217
80889,0.00019211098
80892,0.051011894
80901,0.0024250145
80917,0.0014806116
80918,0.0013187759
80922,0.0008948364
80925,7.2068266e-05
80926,0.0007642767
80930,9.043617e-05
80931,0.0007849187
80936,0.0007586267
80940,4.1036154e-05
80942,0.0015743626
80944,0.9978119
80948,0.00043721937
80953,0.99864286
80969,0.99659544
80970,0.0015612674
80971,0.0018038462
80972,0.0023573854
80975,0.99475765
80976,0.998042
80984,0.9214812
80989,0.00012485858
80999,0.0009828471
81002,0.054206036
81006,0.00824218
81014,0.00014000913
81016,0.0026422897
81020,0.00022150612
81022,0.00824218
81023,0.0014357707
81027,6.3851236e-05
81032,0.9999591
81033,0.00020898468
81036,0.0007581598
81039,0.00076482067
81041,0.99199635
81044,0.9989429
81046,0.04823349
81052,0.0004885233
81059,0.0006147783
81060,0.99066776
81061,0.0008600869
81063,0.0009828471
81070,0.0014816646
81071,0.00051018543
81077,0.025315275
81083,0.9977696
81085,0.99794847
81091,0.0015622958
81095,0.0007586267
81096,6.701979e-05
81100,0.00029628375
81101,0.051485408
81102,0.0027625114
81103,0.00039284184
81107,0.00018921807
81108,0.0028894958
81115,0.0002555331
81125,0.0009755828
81126,9.261946e-05
81132,0.9987037
81134,0.99066776
81140,0.0007581598
81141,0.95304316
81144,0.00026821112
81149,0.0023542217
81155,0.034011487
81162,0.00032732487
81168,0.99841976
81169,0.045331422
81173,0.0004933376
81174,0.995767
81175,0.9919424
81186,0.00043099833
81187,0.0015111306
81189,0.00091475225
81198,0.00021439492
81204,0.00016120328
81212,0.00028746243
81213,0.00074111414
81217,0.0003694531
81221,2.3594455e-05
81225,0.9974233
81227,0.0010805329
81229,0.00824218
81230,0.0003066486
81232,0.9583036
81233,0.9963548
81236,0.0007586267
81244,0.002571591
81248,0.9292965
81254,0.0010024227
81257,0.0010033376
81261,0.0007642767
81262,0.0014806116
81266,0.99175346
81267,0.00016927802
81268,8.948816e-05
81269,0.00020670865
81275,7.84756e-05
81281,0.025898427
81286,0.0016193258
81289,0.0010371478
81292,7.2068266e-05
81296,0.0007586267
81305,5.149527e-05
81309,0.99578863
81314,0.00075737125
81317,0.0012507543
81319,0.00025948734
81320,0.00015631558
81324,0.9580934
81325,0.00029927233
81326,6.0682123e-05
81330,0.0009755828
81336,0.00075104146
81347,0.00077526766
81348,0.0017265568
81350,0.00062749
81352,0.00014264444
81353,0.0014200534
81357,0.0009755828
81358,0.0006570087
81361,7.074039e-05
81365,0.0010731228
81383,9.429126e-05
81385,0.00074111414
81393,0.0044299276
81394,0.00074111414
81402,0.00074111414
81408,0.00060267944
81409,0.001704556
81410,0.0015496535
81411,6.154082e-05
81416,0.005982561
81423,9.356362e-05
81430,0.0007586267
81432,0.9988894
81433,4.001459e-05
81435,0.9983607
81441,0.00047837637
81445,0.00026821112
81451,0.0007329956
81452,0.0013187759
81461,0.9989293
81465,0.9989613
81467,0.9227146
81473,0.002318781
81474,0.0005127393
81479,0.047856454
81481,0.9959559
81496,0.99993837
81501,0.99578863
81508,0.0011940998
81523,0.9977704
81526,0.052615233
81547,0.049181134
81554,0.0011306686
81555,0.04918605
81564,0.00091475225
81567,0.9988894
81571,0.008781031
81575,0.0007586267
81576,0.0008948364
81579,0.9984982
81581,6.287247e-05
81588,6.608554e-05
81591,2.2174443e-05
81602,0.0007862198
81612,0.9712847
81617,0.000367779
81622,0.99889815
81624,0.0023542217
81625,0.0013450562
81626,0.0027966816
81628,0.0029706978
81637,6.701979e-05
81638,0.0014806116
81640,0.0002121961
81649,0.0007586267
81650,0.92515326
81656,0.00030358147
81658,0.00772933
81666,0.9988894
81667,0.00043372472
81671,0.9989293
81672,0.0015122773
81676,0.0007586267
81684,0.0026988573
81690,2.2663662e-05
81692,0.0049906117
81693,0.0012244415
81694,0.008579914
81698,0.0007586267
81699,0.0012260887
81701,0.00077526766
81713,0.9989268
81714,0.002295948
81721,0.00078839815
81725,8.334116e-05
81726,0.00020821595
81727,0.049181134
81729,0.07382138
81731,0.0018038462
81732,0.0008263647
81746,0.0007432013
81755,0.00088510336
81760,0.0015743626
81762,0.000390955
81765,0.0015496535
81769,0.0015743626
81770,0.00824218
81788,0.0010886675
81789,0.9583036
81792,0.9980248
81797,2.379847e-05
81799,0.04306625
81807,7.2068266e-05
81809,0.0014696738
81812,0.0019157606
81817,0.0018168353
81819,0.00030893364
81820,0.92236906
81822,0.0012448534
81823,0.99889815
81831,0.086532414
81835,2.3466346e-05
81838,9.1846196e-05
81840,6.1491715e-05
81846,0.00013681804
81852,0.001370984
81853,0.99742967
81856,0.0015496535
81861,0.048052866
81864,0.00093447143
81866,0.97158223
81871,0.0003066486
81875,0.0015496535
81877,6.7205525e-05
81881,0.0015874594
81883,0.001883912
81884,0.00040929095
81889,6.608554e-05
81890,0.0007329956
81893,0.99743587
81895,0.019797027
81897,0.002420785
81898,6.0479753e-05
81900,0.000488817
81902,0.0014746576
81903,0.0015111306
81904,0.0014806116
81908,6.752711e-05
81910,0.9958514
81918,0.9989429
81919,0.0014973368
81929,0.9989613
81934,0.045773223
81936,0.047602203
81946,0.00017473134
81947,0.99729437
81949,0.0024047547
81950,0.0007371039
81952,0.0017400855
81957,0.00021443848
81962,0.054206036
81967,0.007892611
81969,0.9988894
81971,0.0014806116
81976,6.608554e-05
81977,0.0047333622
81981,0.0015181684
81984,0.0007586267
81989,0.99864286
81994,0.0017189442
81997,0.0030144365
81998,0.97148794
81999,0.0007790249
82001,0.0007642767
82002,0.92492163
82004,0.00052650645
82005,0.000113463524
82010,0.00047875821
82018,4.0625597e-05
82019,0.9959038
82021,0.9946983
82026,0.00041958207
82027,0.0010944016
82031,0.0014973368
82033,0.0025079504
82040,0.99206877
82041,0.047856454
82045,0.0049906117
82050,0.9942326
82065,0.0016813506
82067,7.2068266e-05
82070,0.0015496535
82078,0.9988859
82079,0.99703693
82082,0.0007586267
82088,0.0020300325
82096,0.00052475114
82105,0.99993765
82107,0.0023065754
82109,0.99785894
82115,0.99671054
82120,0.99546164
82126,0.9980519
82133,0.0018168353
82134,0.9986424
82140,0.00017076544
82147,0.9978411
82148,0.0012244415
82151,0.00061692274
82154,0.00029628375
82156,0.02743944
82160,0.0014398113
82162,0.99649966
82167,0.0012160346
82168,0.0014696738
82171,0.0008948364
82173,0.99994314
82175,0.0015610452
82183,0.0014696738
82189,0.000960664
82191,0.0017265568
82192,0.000399868
82193,0.0014696738
82198,0.99622166
82202,0.0014696738
82207,0.99858874
82212,0.0014341555
82216,0.06381849
82217,0.0015111306
82227,4.008819e-05
82229,0.99743587
82230,0.0014270045
82231,0.0017905248
82239,0.003445066
82241,0.00020898468
82243,0.00016120328
82245,7.161911e-05
82252,0.04918605
82254,0.99649966
82257,0.0002121961
82258,3.058717e-05
82262,0.9989126
82268,0.0015111306
82271,0.00079847197
82275,0.00073975336
82276,0.9989268
82302,0.9227146
82308,0.04918605
82309,0.00016896438
82310,0.0020087538
82311,0.0008948364
82322,0.9951657
82324,0.9861385
82329,0.9957675
82330,0.00029628375
82331,2.6346912e-05
82336,0.9989429
82339,0.0010550423
82344,0.04918605
82347,0.001704556
82348,0.9990157
82351,0.00020192005
82353,0.0007586267
82356,0.00015631558
82357,0.0049906117
82371,0.98520386
82372,0.0014696738
82374,0.000264473
82376,0.99993575
82377,0.002700886
82378,0.002420785
82380,0.0005940223
82383,0.0007586267
82384,0.002482219
82385,0.0014428879
82392,0.0022999605
82398,0.9989429
82400,0.00016499258
82405,0.0015487006
82419,0.0008600869
82420,0.0003692598
82425,7.2068266e-05
82430,0.98144484
82432,0.9957675
82434,0.99774903
82436,0.0014331363
82439,0.9987374
82441,0.020302692
82442,0.021115566
82443,0.049568057
82449,0.9973617
82455,2.5161438e-05
82456,0.0032188273
82457,0.0002121961
82461,0.0015611858
82462,0.0017234243
82466,0.99802315
82467,6.608554e-05
82468,0.0019283767
82478,4.1036154e-05
82484,0.00012160658
82493,6.154082e-05
82495,0.00020898468
82496,0.047602203
82502,0.0015611858
82505,0.0015496535
82510,0.99196386
82513,0.00026821112
82517,0.0014331363
82522,0.0015496535
82527,0.0007523502
82532,0.0004993615
82537,0.00014434737
82539,0.0023702201
82540,0.0004340709
82543,0.0023542217
82546,0.0015496535
82549,0.0014696738
82550,0.04918605
82553,0.0052479897
82555,0.0018255137
82557,0.028081171
82562,0.0016145271
82567,0.0001597973
82581,0.00048320103
82587,0.0014696738
82591,0.00086460734
82594,0.0005052068
82597,0.0011234639
82599,0.00030893364
82600,0.001106057
82604,0.00077526766
82609,0.0008948364
82610,8.334116e-05
82613,0.0002531998
82616,0.9989613
82622,0.00014756256
82624,0.0012244415
82627,0.004577691
82634,0.00077526766
82636,0.0029528516
82641,0.9805219
82643,0.0017265568
82652,0.0028676277
82655,0.017672826
82663,0.0014200534
82665,0.0023129059
82667,0.9973617
82675,0.00078839815
82704,0.0023573854
82706,0.9862769
82708,0.0015611858
82709,0.0014696738
82710,5.917676e-05
82717,0.0014973368
82718,9.0479996e-05
82726,0.98847103
82733,3.7638063e-05
82734,0.00039845365
82745,0.0014696738
82747,5.358803e-05
82750,0.0006147783
82753,0.9989613
82757,0.9800137
82767,0.9649182
82770,0.99071306
82772,0.00021443848
82775,0.0011940998
82781,0.00041239138
82786,0.0015496535
82791,9.4639785e-05
82794,0.0025465582
82795,0.054206036
82796,0.00029628375
82799,0.0009755828
82800,0.052615233
82801,0.0015181684
82802,0.9980161
82804,0.9989293
82805,0.99703693
82810,0.9956736
82814,0.051485408
82816,0.92515326
82823,0.00026553872
82824,0.9911903
82828,0.9989268
82829,0.0023542217
82832,0.0022999605
82835,0.0026333705
82836,0.0014696738
82838,2.9763036e-05
82841,0.9982407
82843,0.00020979166
82846,0.99495393
82848,0.01290633
82852,0.0014696738
82855,0.002571591
82861,4.1036154e-05
82866,0.9968556
82867,0.0015181684
82871,0.0013958293
82875,6.154082e-05
82876,0.9999031
82878,0.00076099293
82888,0.0005078515
82891,0.9989429
82892,0.0007586267
82895,0.9861385
82900,0.99158657
82905,6.701979e-05
82907,0.9980161
82909,0.00017076544
82910,0.9956736
82913,0.92492163
82917,0.9989268
82921,0.0005854094
82924,0.0007642767
82927,4.008819e-05
82934,9.2119684e-05
82945,0.0025767782
82948,0.0009697978
82949,0.9989613
82956,0.001065866
82967,0.04918605
82972,0.0012203621
82977,0.006213223
82978,0.00026553872
82980,0.9907692
82981,9.384222e-05
82983,0.0003066486
82988,0.0014696738
82989,4.1036154e-05
82990,0.0007329956
82993,0.9520778
82995,0.0028229323
82996,0.00026821112
82998,0.9923348
83009,0.0023463874
83010,0.0014200534
83013,0.99166286
83015,0.9980355
83016,0.00064914336
83020,0.0015496535
83021,0.0003066486
83029,0.9989429
83043,0.00078839815
83048,0.9988894
83050,0.9788461
83052,6.0682123e-05
83055,0.9989613
83056,0.00073252356
83057,0.04918605
83060,0.00014756256
83061,0.04918605
83066,3.749101e-05
83077,0.006419581
83081,0.00026680913
83083,0.051485408
83094,0.0013940843
83097,0.9978771
83098,0.0006344407
83103,0.001350511
83104,0.0003066486
83114,8.557991e-05
83117,0.0063025486
83122,0.0012393148
83127,0.002420785
83135,0.0014696738
83138,0.051485408
83142,0.002571591
83144,0.00070325425
83149,0.00026821112
83165,0.9984962
83167,0.0021946703
83171,0.99891806
83174,0.9989268
83178,0.0007295836
83184,4.134206e-05
83191,0.0012507543
83198,0.9968556
83203,0.04918605
83204,0.9961176
83205,0.9956736
83213,0.0025101427
83218,0.00015602773
83223,0.9973031
83230,4.1036154e-05
83239,0.027798695
83240,0.0032218427
83243,0.0007921681
83244,0.9986625
83249,6.608554e-05
83252,0.0015612674
83265,0.9968556
83266,0.008271387
83270,6.7205525e-05
83272,0.0013324629
83276,4.1036154e-05
83279,0.04918605
83286,0.02808252
83289,0.00052129454
83291,0.005746853
83294,0.9989293
83301,0.99797565
83303,0.0015139083
83304,0.0007371039
83306,0.00011173681
83309,0.00024540082
83311,0.99889815
83317,0.0020984835
83333,4.396612e-05
83337,0.0011940998
83352,0.04918605
83356,0.0018038462
83358,0.99116397
83366,0.97361803
83370,6.608554e-05
83373,3.7638063e-05
83375,0.00021900769
83376,4.134206e-05
83379,0.99166286
83385,0.0018168353
83399,0.0007921681
83400,0.0011940998
83403,0.0014357707
83411,0.0017863204
83423,0.028518755
83425,0.026460117
83430,0.00014812379
83432,0.037862506
83445,0.0007586267
83452,0.00015769093
83453,0.0049941484
83462,0.0010143651
83465,0.9971944
83467,6.608554e-05
83469,0.00078839815
83471,0.9919424
83474,0.99787855
83475,0.00019147967
83479,0.00016120328
83484,0.04823349
83499,0.008119933
83500,0.00043819865
83507,0.0015611858
83518,0.0007642767
83523,0.019303346
83525,0.04823349
83531,0.0002555331
83536,0.0003066486
83538,0.00018881654
83551,0.9227146
83562,0.0017905248
83563,0.0015487006
83564,0.0008004157
83565,0.99166286
83570,0.008781031
83579,0.0025079504
83580,0.99994457
83581,0.0015611858
83586,0.99560475
83589,0.0024739595
83592,0.0003066486
83596,0.0008750057
83597,0.9946414
83602,0.99730206
83608,0.9806764
83609,0.00030041093
83610,0.00016570697
83612,0.044470794
83615,0.047602203
83617,0.00021443848
83620,8.529451e-05
83624,0.0014973368
83629,0.99509156
83631,0.00013946748
83633,0.00075104146
83634,0.0007849187
83636,0.0015623702
83648,0.00094262854
83650,4.1036154e-05
83651,0.047602203
83655,7.84756e-05
83657,0.9608278
83666,7.2066345e-05
83667,6.608554e-05
83669,0.9989293
83673,4.1036154e-05
83675,2.379847e-05
83694,0.0015114638
83701,0.00020095128
83704,0.0016193258
83708,3.513023e-05
83715,4.1036154e-05
83719,0.00025951257
83723,0.0014357707
83724,0.04918605
83728,0.0009755828
83735,0.00019444959
83737,0.9989293
83740,0.9935731
83746,0.004223546
83751,6.1491715e-05
83761,0.0007586267
83762,0.99509156
83768,0.00076099293
83771,6.154082e-05
83777,0.0008948364
83783,0.0025767782
83794,0.0005620257
83796,0.9989268
83799,0.99571687
83805,6.0682123e-05
83808,0.0008948364
83814,2.156817e-05
83820,7.6422686e-05
83827,0.0026422897
83828,7.954843e-05
83831,0.0017905248
83833,0.9627985
83834,0.0014200534
83837,0.0010117915
83838,0.0026421605
83839,0.0049906117
83840,0.0010911978
83848,0.02484085
83849,0.99647385
83850,0.00048289256
83855,6.871594e-05
83857,0.92492163
83858,0.9965564
83871,7.0716305e-05
83883,0.00021057102
83885,0.086532414
83890,0.00028842408
83899,0.002556907
83906,0.002270876
83908,0.0007642767
83909,4.1036154e-05
83910,4.4353295e-05
83911,0.0007586267
83915,0.000264473
83918,2.412372e-05
83927,0.002295948
83929,0.0010875621
83936,0.99648166
83946,0.9989613
83954,0.0015496535
83955,0.9999454
83958,0.0012244415
83961,0.00026821112
83963,0.00091475225
83965,9.1408794e-05
83967,0.99562776
83972,0.0020312113
83973,0.000264473
83975,0.00074111414
83982,0.0009828471
83983,0.0014696738
83984,0.0018038462
83992,7.074039e-05
83995,0.000496004
83998,0.00074111414
84002,0.99790144
84012,0.00062749
84014,0.0014357707
84017,9.1408794e-05
84023,0.99845374
84026,0.9910157
84027,0.0014357707
84028,0.99845374
84029,0.00097406004
84037,0.0007586267
84041,0.04810443
84046,0.00046967398
84049,0.9918138
84052,0.0007586267
84058,0.99966323
84060,0.9227146
84068,0.00030893364
84071,0.9989429
84079,0.0008065116
84081,0.0025786085
84083,6.0682123e-05
84084,0.0009828471
84090,0.0014696738
84095,0.0007642767
84100,0.002482219
84105,0.00051018543
84108,0.9956736
84114,0.0012244415
84115,0.0018088252
84118,0.008486656
84120,0.00064914336
84130,0.000264473
84131,0.0001515629
84135,0.9989293
84146,0.9989429
84148,0.00015024099
84153,0.00043099833
84154,0.008781031
84155,0.0015846564
84162,0.0014222513
84165,0.023233514
84168,0.00017076544
84169,0.04823349
84172,0.00016120328
84178,0.0017400855
84182,0.9756477
84184,0.0007921681
84186,0.9934034
84191,0.0017300902
84200,0.004768329
84201,0.00043099833
84202,0.0424172
84212,0.001370984
84215,5.917676e-05
84216,2.3698187e-05
84223,0.00031537827
84225,0.9988894
84232,0.99801624
84233,0.9999374
84234,0.0010038777
84249,0.0014746576
84251,0.028517388
84253,0.0017905248
84265,3.1962965e-05
84268,8.529451e-05
84275,0.0020684532
84280,0.0014806116
84290,0.9989429
84291,0.0014806116
84293,0.0018168353
84303,0.0005315332
84308,0.002237476
84309,0.0007586267
84315,0.0011940998
84316,0.9923348
84330,0.025315275
84331,0.0028894958
84334,4.9626102e-05
84343,0.0010626809
84347,0.002482219
84349,0.0014008611
84350,0.0009835463
84354,0.0009828471
84355,0.0029528516
84360,0.0018955889
84370,0.0009787529
84374,0.99157166
84378,0.04918605
84380,0.99879444
84384,0.92515326
84386,0.0011940998
84392,0.00025217302
84397,0.0012203621
84402,0.9997745
84416,0.0023463874
84423,7.2068266e-05
84424,2.2663662e-05
84425,6.154082e-05
84429,0.0014735606
84430,0.9988894
84432,0.9963548
84434,0.00036131695
84435,0.00039826453
84438,0.025044715
84442,0.0026421605
84452,0.050516054
84453,0.0007862198
84463,0.0023542217
84467,0.002420785
84468,0.0026421605
84470,6.640614e-05
84477,0.00047004884
84478,0.9989613
84484,0.0063025486
84486,0.99794704
84487,0.0016443846
84495,0.0014695177
84496,0.04823349
84499,0.9989613
84509,0.002887197
84510,0.0014696738
84521,0.049181134
84525,0.0010143651
84528,0.0003066486
84535,0.00077526766
84537,0.07194425
84542,0.002887197
84544,0.0012958451
84552,0.99800545
84554,0.00063235353
84555,0.9861385
84556,0.0008657347
84559,0.00021443848
84562,0.008974887
84570,0.97096205
84571,0.00048320103
84572,2.299383e-05
84581,0.0003066486
84582,0.9974233
84583,0.00076236983
84605,0.99445504
84608,0.0007586267
84620,0.00012738851
84621,0.0011306686
84624,0.0014696738
84628,0.00062749
84629,0.9984628
84632,0.00024962326
84635,0.0009828471
84638,6.608554e-05
84639,2.379847e-05
84644,0.004237706
84647,0.0014270045
84650,0.0014806116
84652,7.364034e-05
84654,0.000264473
84665,0.9923348
84667,0.6513579
84668,0.959143
84670,0.0006353777
84672,3.058717e-05
84674,6.455895e-05
84681,0.0007586267
84682,0.00018422178
84685,0.00021761162
84688,0.9966876
84693,0.008442621
84710,2.5055413e-05
84711,0.9908805
84713,0.00016201784
84714,0.00025552482
84717,4.008819e-05
84718,0.9986424
84730,0.001106057
84731,0.00030041093
84734,7.364034e-05
84736,0.0011306686
84739,0.000113463524
84742,0.9957086
84743,0.00086460734
84744,0.04918605
84749,0.94991744
84751,0.0009755828
84755,0.04918605
84767,0.0003066486
84772,0.04918605
84774,0.00016152501
84778,0.92515326
84781,0.0010875621
84782,0.99562776
84785,0.9989613
84792,0.0017400855
84793,0.0004993615
84803,3.9648723e-05
84809,0.0004340709
84810,0.00039284184
84812,0.9914334
84813,0.99151117
84815,0.9974443
84825,4.1036154e-05
84828,7.241789e-05
84830,0.0018038462
84833,0.0003066486
84834,0.0049906117
84835,0.00021014901
84839,0.00013946748
84840,0.0007586267
84843,0.04918605
84845,0.0017374817
84846,0.9999038
84850,0.000109983695
84851,0.0030144365
84854,0.0013450562
84857,0.9843062
84858,0.997858
84859,0.0014008611
84861,6.608554e-05
84862,0.0008569885
84864,0.0004340709
84876,0.001622241
84877,0.9935959
84880,0.0022068124
84882,0.0007586267
84883,0.9989429
84885,0.0015496535
84898,2.4227606e-05
84903,0.0016813506
84911,0.008486656
84912,0.0007586267
84913,0.0022551408
84916,0.9958514
84918,0.0014580388
84933,0.99993765
84937,7.1569484e-05
84941,0.9981123
84945,0.00097406004
84946,0.00074907474
84947,0.0023256915
84948,0.001569697
84951,0.99889815
84953,0.00025951257
84955,3.9648723e-05
84957,7.30871e-05
84958,0.002420785
84987,0.0048740343
84991,0.0016193258
84996,0.9935731
85006,0.0007586267
85013,4.4131288e-05
85019,0.00038890995
85020,0.9945563
85022,4.3628395e-05
85024,0.002254922
85025,0.9989613
85028,0.00036131695
85030,0.002482219
85033,0.0013982242
85034,0.000110267334
85038,6.2979045e-05
85039,0.00021057102
85040,0.002887197
85042,0.92351866
85043,0.00078839815
85044,4.0733834e-05
85047,3.5341956e-05
85048,0.9965519
85051,0.9980568
85052,0.0016733364
85053,0.0003379256
85055,0.00025552482
85056,0.04918605
85070,0.9956878
85072,0.0007642767
85074,0.0009755828
85077,0.00076482067
85081,0.00020735493
85084,0.0016210058
85096,0.9194174
85099,0.99175346
85104,0.99730384
85120,0.00026821112
85124,6.0682123e-05
85129,0.0023542217
85133,0.0006178896
85142,0.047602203
85143,0.047602203
85144,0.9849001
85145,0.0007862198
85148,3.7057634e-05
85149,0.9996302
85150,0.0007586267
85156,0.0012244415
85159,0.007918817
85168,0.0015496535
85176,0.0014696738
85177,6.0682123e-05
85183,0.000264473
85193,0.99801624
85197,0.0015846564
85211,0.002295948
85214,9.261946e-05
85215,0.0028894958
85216,0.9989293
85219,0.9984276
85220,0.00052650645
85224,0.0003066486
85225,0.00016412942
85227,0.042617425
85228,0.0010143651
85229,0.95047694
85232,0.99071306
85236,0.0013187759
85241,0.0016872654
85242,0.0011343305
85243,0.0028894958
85248,0.04918605
85250,0.0424172
85254,0.0014696738
85256,0.025898427
85266,0.0003066486
85273,0.9989268
85274,0.995523
85280,0.9989429
85283,0.0007991061
85290,0.0015496535
85291,0.0017189442
85299,0.0012643588
85300,0.0012860995
85314,0.99166286
85316,0.0007642767
85318,0.00017297073
85320,0.0006542715
85324,0.04918605
85332,0.000114006434
85336,3.7638063e-05
85341,0.0040574623
85343,0.00015769093
85344,0.004768329
85347,0.99993944
85351,0.0015496535
85356,2.5161438e-05
85358,0.0008065116
85362,0.0014806116
85375,0.0026136143
85381,0.0016145271
85383,0.9989293
85388,0.9988859
85389,0.00020047705
85390,0.00016120328
85391,0.00077526766
85392,0.9989126
85397,0.0029706978
85402,0.92515326
85403,0.0007586267
85404,3.8323797e-05
85405,0.00012695584
85410,0.9973031
85412,0.0014696738
85415,0.00078839815
85417,0.00077526766
85421,0.0015846564
85434,0.9227146
85435,0.0014696738
85439,0.994643
85440,3.430521e-05
85444,0.0006344407
85447,0.00061479677
85450,0.0007329956
85456,7.364034e-05
85462,4.134206e-05
85465,0.0011393304
85467,0.9946414
85472,0.02750234
85473,0.9946414
85479,0.0011940998
85481,0.0010033376
85482,0.00078839815
85484,0.00019211098
85488,0.0014806116
85497,0.00824218
85507,0.0007586267
85510,0.0014012228
85514,0.9989293
85517,0.0008948364
85523,0.00064914336
85525,0.03441866
85533,0.000113463524
85541,0.00074907474
85542,0.9987614
85544,0.0022884423
85549,0.00074907474
85551,0.04918605
85553,0.0017400855
85556,0.0014696738
85560,0.99743587
85561,0.9978514
85564,0.0007642767
85565,0.00061479677
85566,0.0014696738
85571,0.9978514
85575,0.0028015664
85586,3.0287936e-05
85609,0.99365425
85616,0.92515326
85617,0.0010589361
85618,0.00020095128
85619,0.99845374
85622,0.00824218
85630,6.608554e-05
85635,0.0014696738
85639,0.9985979
85643,0.0014696738
85646,9.261946e-05
85648,0.04918605
85649,0.0009755828
85650,0.000264473
85657,0.9987037
85658,0.008347201
85659,0.001622241
85664,0.99211663
85671,0.04918605
85672,0.0023765992
85673,0.00030041093
85680,0.99546164
85682,0.998708
85705,0.00035112648
85706,0.000264473
85707,0.99865085
85716,0.99659544
85717,0.0025079504
85723,0.00021015904
85726,0.00077526766
85727,0.0015611858
85728,0.0004985613
85736,0.002512332
85738,0.9759084
85744,0.9957675
85747,0.00011234107
85748,0.0010663972
85751,0.00036102877
85752,0.00074907474
85757,0.9946414
85761,0.0011092272
85762,0.001428007
85768,0.99889815
85770,6.48458e-05
85771,0.99335504
85775,0.0014305367
85780,0.92351866
85783,9.261946e-05
85789,0.00026121573
85792,0.0007586267
85793,0.9989613
85800,3.4173394e-05
85801,0.9965519
85806,0.9963548
85819,0.00020210612
85820,0.00021443848
85821,0.0015611858
85823,0.0022884423
85834,0.0014331363
85839,0.0011940998
85840,0.0021316754
85843,0.0006780774
85846,0.0018168353
85848,0.99993837
85853,0.002482219
85856,0.9908805
85857,4.008819e-05
85868,0.028437385
85878,0.00017456897
85879,0.0013187759
85901,0.0007329956
85902,0.00074111414
85904,0.0007586267
85905,0.99736834
85911,0.0009755828
85919,0.0007586267
85923,0.00011819624
85929,0.0011458353
85930,0.02023635
85933,0.9934836
85943,0.9980355
85946,3.8323797e-05
85949,0.00043099833
85950,0.0014816646
85951,0.001926841
85953,0.999936
85954,0.000264473
85960,0.00010794276
85961,0.0008948364
85963,0.0001241896
85964,0.0006601507
85969,0.9980161
85971,0.99659544
85972,0.0014549895
85973,6.608554e-05
85975,0.00026553872
85976,7.396888e-05
85977,0.92106575
85982,0.0014735606
85983,0.9956736
85984,3.127427e-05
85986,0.0014696738
85987,0.04918605
85988,0.00050762325
85989,0.00016499258
85996,0.9989429
85999,0.0002442256
86002,0.0013617644
86013,0.00036131695
86018,0.9987606
86019,7.0369395e-05
86021,0.0018088252
86022,4.4466204e-05
86032,0.015263014
86035,0.00032732487
86036,0.00011997769
86040,0.0015937141
86041,0.0017348048
86046,0.9935731
86054,0.001106057
86056,0.0007404802
86064,0.00020898468
86065,0.00070325425
86067,9.261946e-05
86074,0.0007586267
86075,0.0016074077
86076,0.0048296736
86079,6.154082e-05
86081,0.00234375
86093,4.1036154e-05
86120,6.7205525e-05
86121,0.9947094
86148,0.0010117915
86151,0.002482219
86152,0.0007586267
86163,0.9989293
86164,0.052615233
86166,0.000114006434
86169,0.999577
86170,0.00015769093
86178,0.9999329
86183,0.0008278109
86184,0.00021439492
86195,0.0022871154
86196,0.0023542217
86203,0.0007586267
86207,0.0017905248
86213,0.9919424
86215,0.0017905248
86217,0.04918605
86224,0.0002187537
86236,0.9774699
86237,0.00017076544
86238,8.815156e-05
86240,0.9974726
86243,0.002482219
86245,0.0015824708
86246,0.9984628
86249,0.9989613
86253,0.99507904
86254,0.00061479677
86257,0.0018168353
86260,0.99993837
86262,0.99993575
86263,0.0009755828
86266,0.0015659082
86271,0.0005206031
86277,0.9989613
86278,4.1036154e-05
86281,0.003445066
86285,0.00012695584
86289,6.154082e-05
86293,0.0007432013
86297,0.0023542217
86307,0.0025543263
86309,0.00074903877
86311,0.0014549895
86319,0.000780214
86323,0.9934034
86325,0.9987374
86326,0.0015496535
86327,0.0026333705
86330,0.0010726184
86335,0.00070366386
86336,0.0015611858
86340,4.137148e-05
86344,0.0014200534
86349,2.514719e-05
86359,0.00073975336
86370,0.99994457
86374,0.00021719333
86376,0.04918605
86385,0.0014096019
86397,0.0007642767
86403,0.9227146
86408,0.034933962
86410,0.00025836483
86413,0.00020866332
86421,0.0025630349
86426,9.204224e-05
86427,0.0007862198
86428,5.7845664e-05
86429,0.0006353777
86441,9.429126e-05
86443,0.002571591
86444,0.0018829716
86446,0.0007586267
86448,7.2068266e-05
86462,0.052615233
86464,0.0007329956
86467,0.0015611858
86468,0.0003066486
86470,0.0016443846
86471,0.9989429
86481,0.0009828471
86484,0.0018255137
86485,0.0014428879
86490,4.127895e-05
86498,0.008347201
86499,0.9990157
86503,0.997846
86504,0.9957675
86506,0.00077526766
86509,0.0014096019
86511,0.00091475225
86519,0.029917115
86520,0.0014696738
86523,0.002482219
86530,0.0007586267
86535,0.0014973368
86541,0.9989429
86545,0.0011589178
86551,0.00074111414
86552,0.0014357707
86554,3.058717e-05
86555,0.0043374845
86557,0.95965654
86559,0.9980837
86561,0.0017530323
86566,0.0022787591
86567,0.002420785
86570,0.99365425
86571,0.006419581
86576,0.000582627
86578,0.0007586267
86587,0.00030525462
86588,0.9824049
86590,0.0008948364
86591,0.0002990165
86593,0.99336904
86596,0.00095131714
86599,0.9968556
86604,0.9989613
86605,0.00026356403
86615,0.9980161
86617,0.04918605
86622,0.997755
86623,0.0016145271
86626,0.02822506
86627,0.0004340709
86630,0.95993865
86631,0.92106575
86632,0.0015496535
86636,0.052615233
86637,0.0020300325
86640,4.1036154e-05
86641,0.9904046
86642,0.00078839815
86647,0.9951467
86651,0.9989613
86652,0.0009787529
86660,0.0015487006
86663,0.051485408
86665,6.701979e-05
86667,0.9999454
86668,0.99743587
86671,0.00017456897
86672,0.0007586267
86689,0.9989293
86690,0.9973949
86696,0.92515326
86698,0.99864286
86699,0.04918605
86702,0.00076073373
86705,0.991286
86710,3.546022e-05
86713,0.0022061067
86721,0.9306011
86722,0.0014398113
86723,9.074198e-05
86726,0.017672826
86727,0.04823349
86729,0.0023542217
86733,0.0015496535
86738,0.0001597973
86743,0.0007329956
86746,0.9965519
86747,0.000264473
86751,7.688546e-05
86758,0.0007642767
86759,8.557991e-05
86763,0.0015496535
86766,0.0009828471
86770,0.00030645978
86772,0.0007586267
86778,0.0023542217
86785,0.9988894
86787,0.00063235353
86788,0.92002606
86789,0.0003066486
86796,0.92351866
86799,0.00029956666
86800,0.004357406
86805,0.0012244415
86826,0.0017348048
86828,0.04918605
86832,0.75723195
86834,0.98520386
86838,0.0014973368
86845,0.00085670635
86850,0.00020735493
86857,0.99572855
86861,0.0008948364
86862,0.0015496535
86864,0.99332035
86873,8.948816e-05
86875,0.0002121961
86876,0.9981067
86879,0.0013187759
86880,0.99166286
86882,0.000113463524
86884,0.00016120328
86890,0.9782687
86896,4.1036154e-05
86897,0.0015496535
86901,0.97043467
86902,6.1982246e-05
86903,4.4466204e-05
86904,0.0029748247
86907,0.92492163
86910,0.9861385
86911,0.0003066486
86922,0.0017189442
86929,9.39288e-05
86932,0.002482219
86938,0.92351866
86939,3.9388047e-05
86940,0.00010794276
86941,0.0009828471
86946,0.0014696738
86954,0.00061692274
86955,0.0014696738
86959,0.0016429236
86966,0.9946414
86971,0.0009672292
86973,0.0026421605
86993,0.04918605
86996,0.00074111414
87000,0.04823349
87006,0.0015496535
87007,0.0010687002
87009,0.0015496535
87010,0.9989293
87017,0.000390955
87020,0.0007432013
87031,0.9756064
87033,0.92515326
87041,0.0014806116
87042,6.608554e-05
87045,0.00012917428
87047,0.9990157
